ISO-10303-21;
HEADER;
FILE_DESCRIPTION (( 'STEP AP214' ),
    '1' );
FILE_NAME ('E42703FZJ231900 L21-7884-分选-夹爪右.STEP',
    '2026-01-23T00:54:49',
    ( '' ),
    ( '' ),
    'SwSTEP 2.0',
    'SolidWorks 2022',
    '' );
FILE_SCHEMA (( 'AUTOMOTIVE_DESIGN' ));
ENDSEC;

DATA;
#1 = CARTESIAN_POINT ( 'NONE',  ( 4.222734851371947151, 11.00000000000000000, -12.85485071321813422 ) ) ;
#2 = ORIENTED_EDGE ( 'NONE', *, *, #5123, .F. ) ;
#3 = FACE_BOUND ( 'NONE', #453, .T. ) ;
#4 = PLANE ( 'NONE',  #3654 ) ;
#5 = CARTESIAN_POINT ( 'NONE',  ( 4.342766031067760935, 11.00000000000000000, -13.84025147954371349 ) ) ;
#6 = CARTESIAN_POINT ( 'NONE',  ( -8.742622840695263520, 10.99999999999999645, 0.4877953506097513769 ) ) ;
#7 = CARTESIAN_POINT ( 'NONE',  ( -9.733681607360274768, 10.50000000000000355, -15.88601282060331243 ) ) ;
#8 = CARTESIAN_POINT ( 'NONE',  ( -2.118576750370605222, 10.49999999999999645, -4.144136120452284189 ) ) ;
#9 = DIRECTION ( 'NONE',  ( -0.000000000000000000, -1.000000000000000000, -0.000000000000000000 ) ) ;
#10 = CARTESIAN_POINT ( 'NONE',  ( 30.38139529344512013, 10.49999999999999822, -2.278986042301834214 ) ) ;
#11 = EDGE_CURVE ( 'NONE', #3133, #816, #1979, .T. ) ;
#12 = DIRECTION ( 'NONE',  ( 0.000000000000000000, 1.000000000000000000, 0.000000000000000000 ) ) ;
#13 = CARTESIAN_POINT ( 'NONE',  ( -14.75213647843325226, 11.00000000000000000, -0.5133383138523840428 ) ) ;
#14 = VERTEX_POINT ( 'NONE', #340 ) ;
#15 = ORIENTED_EDGE ( 'NONE', *, *, #893, .F. ) ;
#16 = ORIENTED_EDGE ( 'NONE', *, *, #520, .T. ) ;
#17 = CARTESIAN_POINT ( 'NONE',  ( -11.62337676257621943, 10.49999999999999822, -12.85485071321813422 ) ) ;
#18 = AXIS2_PLACEMENT_3D ( 'NONE', #26, #1770, #4178 ) ;
#19 = CARTESIAN_POINT ( 'NONE',  ( 13.77881070882440540, 11.00000000000000178, -3.140894658515251514 ) ) ;
#20 = CARTESIAN_POINT ( 'NONE',  ( -46.49000000000000199, 11.00000000000000000, -47.50000000000000711 ) ) ;
#21 = EDGE_CURVE ( 'NONE', #2620, #4823, #4381, .T. ) ;
#22 = ORIENTED_EDGE ( 'NONE', *, *, #536, .F. ) ;
#23 = CARTESIAN_POINT ( 'NONE',  ( -19.63191305961215605, 10.50000000000000000, -13.77733968364323580 ) ) ;
#24 = CIRCLE ( 'NONE', #557, 5.499999999999991118 ) ;
#25 = CARTESIAN_POINT ( 'NONE',  ( 7.358944441632523592, 10.49999999999999822, -18.37662323742378234 ) ) ;
#26 = CARTESIAN_POINT ( 'NONE',  ( 41.74999999999999289, 11.00000000000000000, 27.49999999999999645 ) ) ;
#27 = CARTESIAN_POINT ( 'NONE',  ( 3.200041778899751499, 10.49999999999999467, -8.077716945080933186 ) ) ;
#28 = CARTESIAN_POINT ( 'NONE',  ( 15.28986042301829151, 11.00000000000000000, -2.278986042301834214 ) ) ;
#29 = DIRECTION ( 'NONE',  ( -0.000000000000000000, 1.000000000000000000, -0.000000000000000000 ) ) ;
#30 = EDGE_LOOP ( 'NONE', ( #287, #3041, #3048, #2180 ) ) ;
#31 = CARTESIAN_POINT ( 'NONE',  ( 11.19731888249620333, 10.99999999999999822, -4.205637562895960357 ) ) ;
#32 = CARTESIAN_POINT ( 'NONE',  ( 6.400225253411638171, 11.00000000000000178, -15.98992857458341277 ) ) ;
#33 = CARTESIAN_POINT ( 'NONE',  ( 7.347154180015002645, 10.49999999999999822, -9.573227896341467869 ) ) ;
#34 = PLANE ( 'NONE',  #1098 ) ;
#35 = DIRECTION ( 'NONE',  ( -9.637352644315595243E-17, 0.000000000000000000, -1.000000000000000000 ) ) ;
#36 = DIRECTION ( 'NONE',  ( -1.000000000000000000, 0.000000000000000000, 0.000000000000000000 ) ) ;
#37 = CARTESIAN_POINT ( 'NONE',  ( -2.577287688308041336, 10.49999999999999645, -13.38480902530699268 ) ) ;
#38 = CARTESIAN_POINT ( 'NONE',  ( 24.61671587521242444, 10.49999999999999645, -13.92787956356451495 ) ) ;
#39 = ORIENTED_EDGE ( 'NONE', *, *, #1882, .F. ) ;
#40 = ORIENTED_EDGE ( 'NONE', *, *, #1410, .F. ) ;
#41 = CARTESIAN_POINT ( 'NONE',  ( 10.81113852049573154, 10.50000000000000000, -5.274889234346052724 ) ) ;
#42 = CARTESIAN_POINT ( 'NONE',  ( 10.44330004599049389, 11.00000000000000355, 2.058178148227592708 ) ) ;
#43 = PLANE ( 'NONE',  #3251 ) ;
#44 = CARTESIAN_POINT ( 'NONE',  ( -11.57481784748402376, 10.99999999999999645, -13.52452755814317698 ) ) ;
#45 = AXIS2_PLACEMENT_3D ( 'NONE', #1099, #5314, #5262 ) ;
#46 = ORIENTED_EDGE ( 'NONE', *, *, #3682, .F. ) ;
#47 = EDGE_CURVE ( 'NONE', #2341, #5472, #259, .T. ) ;
#48 = DIRECTION ( 'NONE',  ( -1.000000000000000000, 0.000000000000000000, 0.000000000000000000 ) ) ;
#49 = ORIENTED_EDGE ( 'NONE', *, *, #451, .F. ) ;
#50 = CARTESIAN_POINT ( 'NONE',  ( -12.87498647371056570, 10.99999999999999645, -2.992424625057283016 ) ) ;
#51 = CARTESIAN_POINT ( 'NONE',  ( -15.38931343924585704, 10.49999999999999645, -3.721686383213500093 ) ) ;
#52 = CARTESIAN_POINT ( 'NONE',  ( -7.683668341606747276, 10.99999999999999289, -18.35142445075854312 ) ) ;
#53 = EDGE_CURVE ( 'NONE', #1657, #4262, #4825, .T. ) ;
#54 = CARTESIAN_POINT ( 'NONE',  ( -5.696078832715801177, 10.99999999999999822, -11.32202104123099140 ) ) ;
#55 = EDGE_LOOP ( 'NONE', ( #374, #3798, #4627, #4953, #1140, #4968, #1126, #789 ) ) ;
#56 = CARTESIAN_POINT ( 'NONE',  ( -7.882916982276785944, 10.49999999999999467, -7.244750884826813397 ) ) ;
#57 = CARTESIAN_POINT ( 'NONE',  ( 3.033424804712409273, 11.00000000000000000, -4.225145959875170831 ) ) ;
#58 = VECTOR ( 'NONE', #4442, 1000.000000000000000 ) ;
#59 = CARTESIAN_POINT ( 'NONE',  ( -4.594038500800428082, 10.49999999999999645, -2.999630454844111060 ) ) ;
#60 = CIRCLE ( 'NONE', #594, 3.000000000000002665 ) ;
#61 = CARTESIAN_POINT ( 'NONE',  ( 16.59789541151695857, 10.49999999999999645, -5.931793051808491590 ) ) ;
#62 = CARTESIAN_POINT ( 'NONE',  ( -10.94686897816181315, 11.00000000000000178, -14.95024855341479508 ) ) ;
#63 = AXIS2_PLACEMENT_3D ( 'NONE', #2720, #634, #2249 ) ;
#64 = PLANE ( 'NONE',  #929 ) ;
#65 = DIRECTION ( 'NONE',  ( 0.000000000000000000, 0.000000000000000000, 1.000000000000000000 ) ) ;
#66 = CARTESIAN_POINT ( 'NONE',  ( -10.38108313285208872, 11.00000000000000178, -7.040589984691776770 ) ) ;
#67 = CARTESIAN_POINT ( 'NONE',  ( 49.75000000000000000, -11.00000000000000000, -7.500000000000007105 ) ) ;
#68 = ORIENTED_EDGE ( 'NONE', *, *, #5320, .T. ) ;
#69 = ORIENTED_EDGE ( 'NONE', *, *, #1492, .T. ) ;
#70 = CARTESIAN_POINT ( 'NONE',  ( 10.81113852049573154, 10.99999999999999112, -5.274889234346052724 ) ) ;
#71 = CARTESIAN_POINT ( 'NONE',  ( 8.875584850427758354, 10.49999999999999822, -15.74858434164173460 ) ) ;
#72 = CARTESIAN_POINT ( 'NONE',  ( 7.629277814326071550, 10.49999999999999822, -18.36814522510236003 ) ) ;
#73 = ORIENTED_EDGE ( 'NONE', *, *, #1530, .T. ) ;
#74 = CARTESIAN_POINT ( 'NONE',  ( -27.22208566957993625, 10.49999999999999645, -1.414121193633511187 ) ) ;
#75 = VERTEX_POINT ( 'NONE', #3289 ) ;
#76 = CARTESIAN_POINT ( 'NONE',  ( 2.209968091367267462, 10.99999999999999822, -15.81288761633181394 ) ) ;
#77 = CARTESIAN_POINT ( 'NONE',  ( -10.04341445146740064, 10.99999999999999645, 0.3474155163753754327 ) ) ;
#78 = CARTESIAN_POINT ( 'NONE',  ( 41.75000000000000711, 5.999999999999999112, -40.00000000000000711 ) ) ;
#79 = EDGE_CURVE ( 'NONE', #705, #3523, #2059, .T. ) ;
#80 = CARTESIAN_POINT ( 'NONE',  ( -8.742622840695263520, 10.49999999999999822, -7.309497665777443309 ) ) ;
#81 = CARTESIAN_POINT ( 'NONE',  ( -6.271536250988729577, 10.50000000000000000, -10.54132049971321905 ) ) ;
#82 = ORIENTED_EDGE ( 'NONE', *, *, #2865, .T. ) ;
#83 = DIRECTION ( 'NONE',  ( 0.000000000000000000, 1.000000000000000000, 0.000000000000000000 ) ) ;
#84 = CARTESIAN_POINT ( 'NONE',  ( 5.333917168323369040, 11.00000000000000355, -15.40425483444233201 ) ) ;
#85 = EDGE_CURVE ( 'NONE', #5384, #598, #2008, .T. ) ;
#86 = FACE_OUTER_BOUND ( 'NONE', #1844, .T. ) ;
#87 = CARTESIAN_POINT ( 'NONE',  ( 23.77670907827842584, 10.49999999999999645, -16.43589352939279280 ) ) ;
#88 = CARTESIAN_POINT ( 'NONE',  ( -12.59162148539153492, 10.49999999999999822, -4.963278338001708256 ) ) ;
#89 = CARTESIAN_POINT ( 'NONE',  ( 6.950034567180102485, 11.00000000000000000, 0.4854071598231533557 ) ) ;
#90 = LINE ( 'NONE', #3428, #4925 ) ;
#91 = CARTESIAN_POINT ( 'NONE',  ( -12.88100466844512049, 11.00000000000000000, -3.418711331995527125 ) ) ;
#92 = CARTESIAN_POINT ( 'NONE',  ( 3.857451765817524691, 11.00000000000000533, -5.934184098917837602 ) ) ;
#93 = VERTEX_POINT ( 'NONE', #4937 ) ;
#94 = ORIENTED_EDGE ( 'NONE', *, *, #2910, .T. ) ;
#95 = CARTESIAN_POINT ( 'NONE',  ( -5.457006192068300621, 10.50000000000000000, -13.81878840695711119 ) ) ;
#96 = CARTESIAN_POINT ( 'NONE',  ( -5.512091157494521276, 10.49999999999999822, -8.669307838998195237 ) ) ;
#97 = CARTESIAN_POINT ( 'NONE',  ( 10.38688657633567836, 10.99999999999999822, -17.71235908147223626 ) ) ;
#98 = CARTESIAN_POINT ( 'NONE',  ( -2.533144959136018670, 10.49999999999999467, -0.8709275102663519563 ) ) ;
#99 = ORIENTED_EDGE ( 'NONE', *, *, #3009, .T. ) ;
#100 = EDGE_LOOP ( 'NONE', ( #4051, #4758, #2650, #388 ) ) ;
#101 = CARTESIAN_POINT ( 'NONE',  ( 2.629270285332615753, 10.49999999999999467, -16.38286677407669245 ) ) ;
#102 = CARTESIAN_POINT ( 'NONE',  ( -5.459225037612485565, 11.00000000000000000, -17.71235908147223626 ) ) ;
#103 = DIRECTION ( 'NONE',  ( -1.000000000000000000, 0.000000000000000000, 0.000000000000000000 ) ) ;
#104 = CARTESIAN_POINT ( 'NONE',  ( 5.046905187181141450, 10.99999999999999822, -18.00852547112670266 ) ) ;
#105 = CARTESIAN_POINT ( 'NONE',  ( -7.581648846042853052, 10.99999999999999467, -9.706889741360321011 ) ) ;
#106 = VERTEX_POINT ( 'NONE', #2841 ) ;
#108 = CARTESIAN_POINT ( 'NONE',  ( -6.056930893312736153, 10.49999999999999822, -6.453961277063840818 ) ) ;
#107 = PRESENTATION_LAYER_ASSIGNMENT (  '', '', ( #2685 ) ) ;
#109 = EDGE_CURVE ( 'NONE', #3516, #1937, #2276, .T. ) ;
#110 = B_SPLINE_CURVE_WITH_KNOTS ( 'NONE', 3,
 ( #3199, #5237, #1466, #2696, #2775, #1887, #3173, #692, #4844, #1440, #5291, #2748, #1519, #3226, #4899, #2385, #3143, #639, #1020 ),
 .UNSPECIFIED., .F., .F.,
 ( 4, 1, 1, 1, 1, 1, 1, 1, 1, 1, 1, 1, 1, 1, 1, 1, 4 ),
 ( 0.000000000000000000, 0.06302915618029729383, 0.1234804025299602454, 0.1838066203148567557, 0.2442978212269449334, 0.3040809109571067093, 0.3653016354693813250, 0.4284217670430552349, 0.4938398027159142112, 0.5593501064680181933, 0.6238616128364200542, 0.6862405444609483984, 0.7477958109420476118, 0.8094883027098110917, 0.8718817573871822102, 0.9346420084294422281, 1.000000000000000000 ),
 .UNSPECIFIED. ) ;
#111 = CARTESIAN_POINT ( 'NONE',  ( 21.90256619818814698, 11.00000000000000178, -9.514808364615584324 ) ) ;
#112 = CARTESIAN_POINT ( 'NONE',  ( 5.333917168323369040, 10.50000000000000178, -15.40425483444233201 ) ) ;
#113 = DIRECTION ( 'NONE',  ( -0.000000000000000000, -1.000000000000000000, -0.000000000000000000 ) ) ;
#114 = CARTESIAN_POINT ( 'NONE',  ( -18.16304187309451024, 11.00000000000000000, -16.55306277391387937 ) ) ;
#115 = CARTESIAN_POINT ( 'NONE',  ( -11.40382036982087577, 11.00000000000000355, -14.13933676921954685 ) ) ;
#116 = ADVANCED_FACE ( 'NONE', ( #5017 ), #2471, .T. ) ;
#117 = CARTESIAN_POINT ( 'NONE',  ( 49.75000000000000000, -11.00000000000000000, -27.00000000000001776 ) ) ;
#118 = CARTESIAN_POINT ( 'NONE',  ( 7.103488773252902178, 11.00000000000000000, 0.4877953506097513769 ) ) ;
#119 = CARTESIAN_POINT ( 'NONE',  ( 13.77731743354308236, 11.00000000000000000, -3.429283880952282981 ) ) ;
#120 = CARTESIAN_POINT ( 'NONE',  ( 20.18830411945372205, 10.49999999999999822, -7.093933189739169087 ) ) ;
#121 = CARTESIAN_POINT ( 'NONE',  ( 5.465028481096077861, 10.49999999999999822, -7.040589984691776770 ) ) ;
#122 = ORIENTED_EDGE ( 'NONE', *, *, #2229, .T. ) ;
#123 = ORIENTED_EDGE ( 'NONE', *, *, #1571, .T. ) ;
#124 = CARTESIAN_POINT ( 'NONE',  ( -6.230999535677457679, 11.00000000000000178, -15.16821815523729633 ) ) ;
#125 = LINE ( 'NONE', #925, #1904 ) ;
#126 = CARTESIAN_POINT ( 'NONE',  ( -8.896077046768064989, 10.49999999999999822, 0.4854071598231533557 ) ) ;
#127 = CARTESIAN_POINT ( 'NONE',  ( -8.424983873399046530, 10.49999999999999822, 2.743303851952143102 ) ) ;
#128 = ORIENTED_EDGE ( 'NONE', *, *, #5159, .F. ) ;
#129 = ORIENTED_EDGE ( 'NONE', *, *, #4817, .F. ) ;
#130 = DIRECTION ( 'NONE',  ( -0.000000000000000000, 1.000000000000000000, -0.000000000000000000 ) ) ;
#131 = CARTESIAN_POINT ( 'NONE',  ( -13.16617524452111354, 10.49999999999999645, -10.02557137634362228 ) ) ;
#132 = DIRECTION ( 'NONE',  ( -0.000000000000000000, 1.000000000000000000, -0.000000000000000000 ) ) ;
#133 = AXIS2_PLACEMENT_3D ( 'NONE', #5375, #3699, #4334 ) ;
#134 = CARTESIAN_POINT ( 'NONE',  ( -25.75256131973605278, 11.00000000000000000, -5.827076670690746418 ) ) ;
#135 = CARTESIAN_POINT ( 'NONE',  ( -7.091525999297467742, 10.49999999999999822, -7.039217158661793761 ) ) ;
#136 = CARTESIAN_POINT ( 'NONE',  ( 12.11243501038684123, 10.49999999999999822, -16.39568747576701568 ) ) ;
#137 = CARTESIAN_POINT ( 'NONE',  ( 10.97628622523936670, 10.49999999999999289, -4.933993113885452253 ) ) ;
#138 = DIRECTION ( 'NONE',  ( 0.9851965514038093508, 0.000000000000000000, -0.1714285714285721240 ) ) ;
#139 = VECTOR ( 'NONE', #29, 1000.000000000000000 ) ;
#140 = UNCERTAINTY_MEASURE_WITH_UNIT (LENGTH_MEASURE( 1.000000000000000082E-05 ), #729, 'distance_accuracy_value', 'NONE');
#141 = CARTESIAN_POINT ( 'NONE',  ( -5.471780333898904836, 10.49999999999999645, -0.8748798890397000427 ) ) ;
#142 = CARTESIAN_POINT ( 'NONE',  ( 15.28986042301829151, 10.49999999999999822, -4.424813656690648855 ) ) ;
#143 = CARTESIAN_POINT ( 'NONE',  ( -9.598673600722777977, 10.49999999999999112, -7.249785751429267400 ) ) ;
#144 = CIRCLE ( 'NONE', #3520, 3.300000000000011369 ) ;
#145 = CARTESIAN_POINT ( 'NONE',  ( -30.99084651295731874, 11.00000000000000000, -15.86136742568598024 ) ) ;
#146 = CARTESIAN_POINT ( 'NONE',  ( -8.889496706321214248, 10.50000000000000000, -7.306870669616458258 ) ) ;
#147 = CARTESIAN_POINT ( 'NONE',  ( -4.812131825366539495, 10.50000000000000000, -17.34253210853336924 ) ) ;
#148 = EDGE_CURVE ( 'NONE', #3955, #3735, #4150, .T. ) ;
#149 = FACE_OUTER_BOUND ( 'NONE', #2422, .T. ) ;
#150 = CARTESIAN_POINT ( 'NONE',  ( 3.254490128556628559, 10.99999999999999645, -4.963278338001709145 ) ) ;
#151 = VERTEX_POINT ( 'NONE', #5416 ) ;
#152 = ORIENTED_EDGE ( 'NONE', *, *, #2174, .T. ) ;
#153 = CARTESIAN_POINT ( 'NONE',  ( 8.368450886836214409, 10.99999999999998757, -7.158861086473408797 ) ) ;
#154 = VECTOR ( 'NONE', #2635, 1000.000000000000000 ) ;
#155 = PLANE ( 'NONE',  #2168 ) ;
#156 = CARTESIAN_POINT ( 'NONE',  ( -11.46323292880056499, 10.50000000000000355, -0.3207411193410641403 ) ) ;
#157 = CARTESIAN_POINT ( 'NONE',  ( -27.71602768272151707, 11.00000000000000178, 0.5994629341955757251 ) ) ;
#158 = EDGE_CURVE ( 'NONE', #3850, #3025, #4923, .T. ) ;
#159 = EDGE_LOOP ( 'NONE', ( #1208, #82, #2194, #1225 ) ) ;
#160 = EDGE_LOOP ( 'NONE', ( #1649, #2511, #895, #1396 ) ) ;
#161 = VERTEX_POINT ( 'NONE', #4973 ) ;
#162 = DIRECTION ( 'NONE',  ( 0.000000000000000000, -1.000000000000000000, 0.000000000000000000 ) ) ;
#163 = DIRECTION ( 'NONE',  ( -1.000000000000000000, 0.000000000000000000, 0.000000000000000000 ) ) ;
#164 = CARTESIAN_POINT ( 'NONE',  ( -5.459225037612485565, 10.99999999999999289, -17.71235908147223626 ) ) ;
#165 = CARTESIAN_POINT ( 'NONE',  ( 7.358944441632523592, 10.49999999999999822, -18.37662323742378234 ) ) ;
#166 = DIRECTION ( 'NONE',  ( 0.000000000000000000, 1.000000000000000000, 0.000000000000000000 ) ) ;
#167 = CARTESIAN_POINT ( 'NONE',  ( 24.24227505745256650, 10.50000000000000178, -17.28128198720910191 ) ) ;
#168 = CARTESIAN_POINT ( 'NONE',  ( 0.5159614718998084548, 11.00000000000000355, -4.152302161992775353 ) ) ;
#169 = CARTESIAN_POINT ( 'NONE',  ( 9.338676959303050751, 10.99999999999999822, -10.31399212742557836 ) ) ;
#170 = CARTESIAN_POINT ( 'NONE',  ( -8.889496706321214248, 11.00000000000000178, -7.306870669616458258 ) ) ;
#171 = B_SPLINE_SURFACE_WITH_KNOTS ( 'NONE', 3, 1, ( 
 ( #871, #4198 ),
 ( #2597, #1651 ),
 ( #4256, #4690 ),
 ( #4640, #4281 ),
 ( #2147, #3356 ),
 ( #2176, #897 ),
 ( #41, #70 ),
 ( #482, #2905 ),
 ( #844, #2542 ),
 ( #790, #2487 ),
 ( #3434, #4171 ),
 ( #1226, #4613 ),
 ( #2096, #3795 ),
 ( #1681, #3381 ),
 ( #2207, #153 ),
 ( #3956, #2387 ),
 ( #3488, #1845 ),
 ( #3543, #573 ),
 ( #4394, #3517 ) ),
 .UNSPECIFIED., .F., .F., .F.,
 ( 4, 1, 1, 1, 1, 1, 1, 1, 1, 1, 1, 1, 1, 1, 1, 1, 4 ),
 ( 2, 2 ),
 ( 0.000000000000000000, 0.06305229262947806279, 0.1247848679262195254, 0.1845342529466543480, 0.2437195285788915089, 0.3028113376026763670, 0.3627613580653546999, 0.4234130898022952505, 0.4863049630225059761, 0.5493239946392906026, 0.6118419876267260360, 0.6734911425739048552, 0.7356789971671503503, 0.7991410767628682743, 0.8635659547679169767, 0.9308050550025483982, 1.000000000000000000 ),
 ( 0.000000000000000000, 1.000000000000000000 ),
 .UNSPECIFIED. ) ;
#172 = CARTESIAN_POINT ( 'NONE',  ( -2.111696302208901255, 10.99999999999999289, -2.436952711186666232 ) ) ;
#173 = LINE ( 'NONE', #618, #2530 ) ;
#174 = CARTESIAN_POINT ( 'NONE',  ( -8.487167172315642105, 11.00000000000000000, -18.37662323742378234 ) ) ;
#175 = LINE ( 'NONE', #595, #1474 ) ;
#176 = CARTESIAN_POINT ( 'NONE',  ( 7.103488773252902178, 11.00000000000000000, -7.309497665777443309 ) ) ;
#177 = VERTEX_POINT ( 'NONE', #3717 ) ;
#178 = VERTEX_POINT ( 'NONE', #1121 ) ;
#179 = CARTESIAN_POINT ( 'NONE',  ( 6.215400737254410224, 10.50000000000000178, 0.4262915992595956993 ) ) ;
#180 = EDGE_CURVE ( 'NONE', #222, #3336, #484, .T. ) ;
#181 = FACE_OUTER_BOUND ( 'NONE', #910, .T. ) ;
#182 = CARTESIAN_POINT ( 'NONE',  ( 10.51087438071646041, 11.00000000000000000, -12.85485071321813422 ) ) ;
#183 = CARTESIAN_POINT ( 'NONE',  ( -3.356686376411701200, 10.50000000000000000, 0.4949243241641008151 ) ) ;
#184 = VERTEX_POINT ( 'NONE', #2187 ) ;
#185 = ORIENTED_EDGE ( 'NONE', *, *, #586, .T. ) ;
#186 = CARTESIAN_POINT ( 'NONE',  ( -4.234756245770915584, 10.99999999999999822, -16.90221961948399354 ) ) ;
#187 = EDGE_CURVE ( 'NONE', #543, #2486, #2129, .T. ) ;
#188 = CARTESIAN_POINT ( 'NONE',  ( 3.857451765817524691, 10.50000000000000355, -5.934184098917837602 ) ) ;
#189 = CARTESIAN_POINT ( 'NONE',  ( 10.98206936143178325, 10.50000000000000000, -1.843477361791921343 ) ) ;
#190 = DIRECTION ( 'NONE',  ( 0.000000000000000000, -1.000000000000000000, 0.000000000000000000 ) ) ;
#191 = ADVANCED_FACE ( 'NONE', ( #1712 ), #3443, .T. ) ;
#192 = CARTESIAN_POINT ( 'NONE',  ( 54.75000000000000000, 11.00000000000000000, -47.50000000000000711 ) ) ;
#193 = VECTOR ( 'NONE', #1544, 1000.000000000000000 ) ;
#194 = DIRECTION ( 'NONE',  ( 0.000000000000000000, 0.000000000000000000, -1.000000000000000000 ) ) ;
#195 = FACE_OUTER_BOUND ( 'NONE', #2175, .T. ) ;
#196 = CARTESIAN_POINT ( 'NONE',  ( 7.347154180015002645, 11.00000000000000000, -9.573227896341467869 ) ) ;
#197 = FACE_OUTER_BOUND ( 'NONE', #2802, .T. ) ;
#198 = ORIENTED_EDGE ( 'NONE', *, *, #2427, .T. ) ;
#199 = CARTESIAN_POINT ( 'NONE',  ( -2.701639843245449590, 10.49999999999999645, -0.5074585372699627062 ) ) ;
#200 = FACE_BOUND ( 'NONE', #1189, .T. ) ;
#201 = CARTESIAN_POINT ( 'NONE',  ( 13.31296665481214525, 10.49999999999999467, -0.8709275102663519563 ) ) ;
#202 = CARTESIAN_POINT ( 'NONE',  ( -9.445886360536528414, 10.49999999999999822, -15.98992857458341277 ) ) ;
#203 = LINE ( 'NONE', #1893, #2447 ) ;
#204 = CARTESIAN_POINT ( 'NONE',  ( -2.065404677972559888, 11.00000000000000000, -3.285088366996955500 ) ) ;
#205 = ORIENTED_EDGE ( 'NONE', *, *, #53, .F. ) ;
#206 = CARTESIAN_POINT ( 'NONE',  ( -14.39015815548780530, 11.00000000000000178, -13.14567716645032114 ) ) ;
#207 = CARTESIAN_POINT ( 'NONE',  ( -10.24138649122541800, 11.00000000000000178, -10.11305156707839537 ) ) ;
#208 = CARTESIAN_POINT ( 'NONE',  ( -3.341576595500956870, 10.99999999999999645, -10.60533284150762512 ) ) ;
#209 = EDGE_CURVE ( 'NONE', #240, #4823, #2630, .T. ) ;
#210 = ORIENTED_EDGE ( 'NONE', *, *, #5320, .F. ) ;
#211 = VERTEX_POINT ( 'NONE', #3078 ) ;
#212 = DIRECTION ( 'NONE',  ( -0.000000000000000000, 0.000000000000000000, -1.000000000000000000 ) ) ;
#213 = CARTESIAN_POINT ( 'NONE',  ( -11.41901222787252301, 10.49999999999999822, -8.669307838998195237 ) ) ;
#214 = DIRECTION ( 'NONE',  ( 1.000000000000000000, 0.000000000000000000, 0.000000000000000000 ) ) ;
#215 = ADVANCED_FACE ( 'NONE', ( #4318 ), #1623, .T. ) ;
#216 = B_SPLINE_SURFACE_WITH_KNOTS ( 'NONE', 3, 1, ( 
 ( #4443, #645 ),
 ( #1926, #672 ),
 ( #1080, #2781 ),
 ( #4469, #2367 ),
 ( #4060, #3812 ),
 ( #3007, #2478 ),
 ( #1611, #2506 ),
 ( #4221, #5432 ),
 ( #3426, #837 ),
 ( #4633, #5072 ),
 ( #3372, #3758 ),
 ( #864, #3401 ),
 ( #1273, #1640 ),
 ( #2534, #3345 ),
 ( #5016, #2562 ),
 ( #8, #4682 ),
 ( #448, #1671 ),
 ( #1303, #2140 ),
 ( #1216, #5043 ) ),
 .UNSPECIFIED., .F., .F., .F.,
 ( 4, 1, 1, 1, 1, 1, 1, 1, 1, 1, 1, 1, 1, 1, 1, 1, 4 ),
 ( 2, 2 ),
 ( 0.000000000000000000, 0.06082912667494302233, 0.1209324760378382158, 0.1812012876559171148, 0.2419971076337059934, 0.3028512023684455379, 0.3645263093678414723, 0.4277714761524340492, 0.4925564755824798358, 0.5574247931074711726, 0.6213468807101306668, 0.6843647913995043464, 0.7468339144776861005, 0.8098250352535552032, 0.8723940506769735093, 0.9360462338189018405, 1.000000000000000000 ),
 ( 0.000000000000000000, 1.000000000000000000 ),
 .UNSPECIFIED. ) ;
#217 = DIRECTION ( 'NONE',  ( 0.000000000000000000, 1.000000000000000000, -0.000000000000000000 ) ) ;
#218 = CARTESIAN_POINT ( 'NONE',  ( 8.942608674175499317, 10.49999999999999822, -18.22436116523296690 ) ) ;
#219 = LINE ( 'NONE', #2278, #2889 ) ;
#220 = DIRECTION ( 'NONE',  ( -0.000000000000000000, -1.000000000000000000, 0.000000000000000000 ) ) ;
#221 = VECTOR ( 'NONE', #2236, 1000.000000000000000 ) ;
#222 = VERTEX_POINT ( 'NONE', #2660 ) ;
#223 = EDGE_CURVE ( 'NONE', #3433, #499, #1738, .T. ) ;
#224 = CARTESIAN_POINT ( 'NONE',  ( -43.48999999999999488, 4.009999999999999787, 10.45467315135125297 ) ) ;
#225 = DIRECTION ( 'NONE',  ( 0.000000000000000000, 1.000000000000000000, 0.000000000000000000 ) ) ;
#226 = LINE ( 'NONE', #2334, #1022 ) ;
#227 = DIRECTION ( 'NONE',  ( -0.000000000000000000, -1.000000000000000000, 0.000000000000000000 ) ) ;
#228 = CARTESIAN_POINT ( 'NONE',  ( -11.50442871115574128, 10.49999999999999645, -11.89612836568935883 ) ) ;
#229 = VECTOR ( 'NONE', #3761, 1000.000000000000000 ) ;
#230 = CARTESIAN_POINT ( 'NONE',  ( 53.05000000000001137, -2.499999999999998668, -7.500000000000007105 ) ) ;
#231 = CARTESIAN_POINT ( 'NONE',  ( -9.423072251087617701, 11.00000000000000000, -9.706173168869375090 ) ) ;
#232 = ORIENTED_EDGE ( 'NONE', *, *, #4217, .F. ) ;
#233 = AXIS2_PLACEMENT_3D ( 'NONE', #2550, #1769, #5059 ) ;
#234 = CARTESIAN_POINT ( 'NONE',  ( 13.73441531173926400, 10.49999999999999645, -2.436952711186666232 ) ) ;
#235 = CARTESIAN_POINT ( 'NONE',  ( -8.817200353325626239, 11.00000000000000000, -9.583127560552801683 ) ) ;
#236 = VECTOR ( 'NONE', #3324, 1000.000000000000000 ) ;
#237 = CARTESIAN_POINT ( 'NONE',  ( -13.36516336239538916, 11.00000000000000178, -7.546610292775175033 ) ) ;
#238 = AXIS2_PLACEMENT_3D ( 'NONE', #1276, #2482, #2869 ) ;
#239 = ORIENTED_EDGE ( 'NONE', *, *, #4317, .F. ) ;
#240 = VERTEX_POINT ( 'NONE', #3882 ) ;
#241 = DIRECTION ( 'NONE',  ( -0.000000000000000000, 1.000000000000000000, -0.000000000000000000 ) ) ;
#242 = CARTESIAN_POINT ( 'NONE',  ( -11.49449035062240299, 10.50000000000000000, -17.70324365154191426 ) ) ;
#243 = DIRECTION ( 'NONE',  ( 0.000000000000000000, 0.000000000000000000, -1.000000000000000000 ) ) ;
#244 = CARTESIAN_POINT ( 'NONE',  ( -2.577287688308041336, 10.99999999999999112, -13.38480902530699268 ) ) ;
#245 = PRODUCT_CONTEXT ( 'NONE', #5130, 'mechanical' ) ;
#246 = CARTESIAN_POINT ( 'NONE',  ( 8.264462767905312646, 10.49999999999999645, -9.706889741360321011 ) ) ;
#247 = CARTESIAN_POINT ( 'NONE',  ( -12.73330932293047368, 10.50000000000000000, -2.190147522269449532 ) ) ;
#248 = ADVANCED_FACE ( 'NONE', ( #2966 ), #3467, .T. ) ;
#249 = CARTESIAN_POINT ( 'NONE',  ( 24.67490867056497450, 11.00000000000000000, -18.12509765625000568 ) ) ;
#250 = DIRECTION ( 'NONE',  ( 0.000000000000000000, 0.000000000000000000, -1.000000000000000000 ) ) ;
#251 = CARTESIAN_POINT ( 'NONE',  ( 8.550565846041816798, 10.99999999999999822, -9.811679966736745584 ) ) ;
#252 = DIRECTION ( 'NONE',  ( 0.000000000000000000, 0.000000000000000000, 1.000000000000000000 ) ) ;
#253 = CARTESIAN_POINT ( 'NONE',  ( 6.668482281304141779, 11.00000000000000178, -7.301717109451216992 ) ) ;
#254 = EDGE_CURVE ( 'NONE', #3040, #1430, #2856, .T. ) ;
#255 = CARTESIAN_POINT ( 'NONE',  ( -15.39626048018292614, 10.49999999999999822, -3.285088366996955500 ) ) ;
#256 = CARTESIAN_POINT ( 'NONE',  ( 10.94325904385575221, 10.49999999999999645, 1.789671086262937028 ) ) ;
#257 = CARTESIAN_POINT ( 'NONE',  ( 10.98908511191957338, 10.49999999999999645, -9.058449755318722652 ) ) ;
#258 = CARTESIAN_POINT ( 'NONE',  ( -11.57370249755085112, 10.99999999999999289, -12.20630241628765056 ) ) ;
#259 = LINE ( 'NONE', #3207, #4480 ) ;
#260 = ADVANCED_FACE ( 'NONE', ( #4064, #1958, #2372, #4940 ), #3647, .T. ) ;
#261 = CARTESIAN_POINT ( 'NONE',  ( 12.02953942748805005, 10.99999999999999645, -7.536463987655458219 ) ) ;
#262 = CARTESIAN_POINT ( 'NONE',  ( 9.825525027389616639, 11.00000000000000000, -14.92827785346135805 ) ) ;
#263 = CARTESIAN_POINT ( 'NONE',  ( -11.56255337335206512, 10.99999999999999822, -8.613464506054814507 ) ) ;
#264 = B_SPLINE_CURVE_WITH_KNOTS ( 'NONE', 3,
 ( #3879, #5166, #2294, #1427, #1767, #4370, #3987, #98, #3131, #2600, #1821, #183, #4340, #1873, #5112, #902, #1314, #3547, #2684, #3019, #5223, #127, #4802 ),
 .UNSPECIFIED., .F., .F.,
 ( 4, 1, 1, 1, 1, 1, 1, 1, 1, 1, 1, 1, 1, 1, 1, 1, 1, 1, 1, 1, 4 ),
 ( 0.000000000000000000, 0.04283503422024807772, 0.08428029696437250307, 0.1253011096378452149, 0.1656233672167559123, 0.2055187223299067556, 0.2452046315699084877, 0.2847356030621589484, 0.3244730239720163834, 0.3640958835607188693, 0.4035673969704451358, 0.4427151151520584693, 0.4823551800457137606, 0.5221288099167459285, 0.5625392816307532851, 0.6038013357034031081, 0.6457733814847522735, 0.7310827546346233552, 0.8177035447951623848, 0.9068485518050651839, 1.000000000000000000 ),
 .UNSPECIFIED. ) ;
#265 = ORIENTED_EDGE ( 'NONE', *, *, #5434, .T. ) ;
#266 = EDGE_LOOP ( 'NONE', ( #2540, #1310, #2649, #3449 ) ) ;
#267 = ORIENTED_EDGE ( 'NONE', *, *, #3474, .F. ) ;
#268 = CARTESIAN_POINT ( 'NONE',  ( 18.20991521695765059, 11.00000000000000000, -4.542716272865859217 ) ) ;
#269 = DIRECTION ( 'NONE',  ( -0.000000000000000000, 1.000000000000000000, -0.000000000000000000 ) ) ;
#270 = CARTESIAN_POINT ( 'NONE',  ( -12.17526825600815243, 10.99999999999999822, 2.004061591420435384 ) ) ;
#271 = CARTESIAN_POINT ( 'NONE',  ( 49.75000000000000711, -2.499999999999998668, 22.99999999999999289 ) ) ;
#272 = CARTESIAN_POINT ( 'NONE',  ( -4.592525599395520075, 10.49999999999999822, -3.817359553621924029 ) ) ;
#273 = CARTESIAN_POINT ( 'NONE',  ( 10.38688657633567836, 11.00000000000000000, -17.71235908147223626 ) ) ;
#274 = DIRECTION ( 'NONE',  ( -0.000000000000000000, -1.000000000000000000, -0.000000000000000000 ) ) ;
#275 = ORIENTED_EDGE ( 'NONE', *, *, #1747, .F. ) ;
#276 = CARTESIAN_POINT ( 'NONE',  ( -5.512091157494521276, 11.00000000000000000, -8.669307838998195237 ) ) ;
#278 = CARTESIAN_POINT ( 'NONE',  ( 6.796311363298968011, 11.00000000000000178, 2.743347617036439701 ) ) ;
#277 = VECTOR ( 'NONE', #5032, 1000.000000000000000 ) ;
#279 = CARTESIAN_POINT ( 'NONE',  ( -5.338941714864864352, 11.00000000000000178, -12.96627918003650670 ) ) ;
#280 = CARTESIAN_POINT ( 'NONE',  ( 6.247438013225379727, 10.99999999999999645, -7.249785751429270952 ) ) ;
#281 = CARTESIAN_POINT ( 'NONE',  ( 2.435122734681396839, 10.49999999999999822, 1.170003178270503152 ) ) ;
#282 = MANIFOLD_SOLID_BREP ( '切除-拉伸5', #4921 ) ;
#283 = CARTESIAN_POINT ( 'NONE',  ( 13.45964189847394898, 10.49999999999999822, -1.244302875142191400 ) ) ;
#284 = EDGE_CURVE ( 'NONE', #4853, #3500, #2399, .T. ) ;
#285 = CARTESIAN_POINT ( 'NONE',  ( 10.55485737260414325, 10.49999999999999645, -8.800496264488799625 ) ) ;
#286 = CARTESIAN_POINT ( 'NONE',  ( -11.50442871115574128, 10.99999999999999467, -11.89612836568935883 ) ) ;
#287 = ORIENTED_EDGE ( 'NONE', *, *, #649, .F. ) ;
#288 = CARTESIAN_POINT ( 'NONE',  ( 13.65211105234329203, 10.99999999999999822, -4.564449597647652013 ) ) ;
#289 = CARTESIAN_POINT ( 'NONE',  ( -8.299806422967920483, 10.49999999999999645, 0.4799310649372338089 ) ) ;
#290 = PRESENTATION_STYLE_ASSIGNMENT (( #3624 ) ) ;
#291 = EDGE_CURVE ( 'NONE', #1710, #1985, #3156, .T. ) ;
#292 = ORIENTED_EDGE ( 'NONE', *, *, #359, .T. ) ;
#293 = ORIENTED_EDGE ( 'NONE', *, *, #2358, .F. ) ;
#294 = DIRECTION ( 'NONE',  ( 1.000000000000000000, 0.000000000000000000, 0.000000000000000000 ) ) ;
#295 = CARTESIAN_POINT ( 'NONE',  ( 49.75000000000000711, -2.499999999999998668, 11.99999999999999645 ) ) ;
#296 = CARTESIAN_POINT ( 'NONE',  ( -14.28719849249699081, 11.00000000000000000, -6.546877240267221509 ) ) ;
#297 = CARTESIAN_POINT ( 'NONE',  ( -26.56947731855995798, 10.49999999999999822, -3.557146395000143624 ) ) ;
#298 = CARTESIAN_POINT ( 'NONE',  ( -14.21278000708098332, 10.50000000000000355, -14.54032018391653125 ) ) ;
#299 = CARTESIAN_POINT ( 'NONE',  ( -10.43198478546023900, 10.50000000000000000, 0.2266886399247351469 ) ) ;
#300 = DIRECTION ( 'NONE',  ( -0.8899887307065212916, -0.000000000000000000, 0.4559825207345069575 ) ) ;
#301 = CARTESIAN_POINT ( 'NONE',  ( 8.598453342517249354, 10.49999999999999645, -15.88302372740492707 ) ) ;
#302 = EDGE_LOOP ( 'NONE', ( #2233, #5244 ) ) ;
#303 = CARTESIAN_POINT ( 'NONE',  ( 4.226337362144838572, 11.00000000000000000, -12.74470359688527132 ) ) ;
#304 = CYLINDRICAL_SURFACE ( 'NONE', #5319, 3.300000000000004263 ) ;
#305 = CARTESIAN_POINT ( 'NONE',  ( 12.07764379515107933, 11.00000000000000000, -10.04166672309890451 ) ) ;
#306 = CARTESIAN_POINT ( 'NONE',  ( 4.233436134185441624, 10.50000000000000000, -12.52765795314684638 ) ) ;
#307 = FACE_OUTER_BOUND ( 'NONE', #4612, .T. ) ;
#308 = CARTESIAN_POINT ( 'NONE',  ( -8.299806422967920483, 10.99999999999999822, 0.4799310649372338089 ) ) ;
#309 = CARTESIAN_POINT ( 'NONE',  ( -11.12701065817126356, 10.50000000000000000, -14.69395821120029133 ) ) ;
#310 = CARTESIAN_POINT ( 'NONE',  ( -11.49449035062240299, 10.50000000000000000, -17.70324365154191426 ) ) ;
#311 = CARTESIAN_POINT ( 'NONE',  ( 5.802697162480762394, 10.99999999999999645, 0.3474155163753753217 ) ) ;
#312 = CARTESIAN_POINT ( 'NONE',  ( 13.24636714464995535, 10.99999999999999645, -5.773079072421753999 ) ) ;
#313 = CARTESIAN_POINT ( 'NONE',  ( -11.50442871115574128, 10.99999999999999822, -11.89612836568935883 ) ) ;
#314 = ADVANCED_FACE ( 'NONE', ( #5354 ), #3675, .T. ) ;
#315 = SURFACE_SIDE_STYLE ('',( #4912 ) ) ;
#316 = ORIENTED_EDGE ( 'NONE', *, *, #5123, .T. ) ;
#317 = VERTEX_POINT ( 'NONE', #4829 ) ;
#318 = CARTESIAN_POINT ( 'NONE',  ( 0.000000000000000000, 11.00000000000000000, 0.000000000000000000 ) ) ;
#319 = VECTOR ( 'NONE', #2888, 1000.000000000000000 ) ;
#320 = CARTESIAN_POINT ( 'NONE',  ( -14.39015815548780353, 10.49999999999999822, -13.14567716645031936 ) ) ;
#321 = CARTESIAN_POINT ( 'NONE',  ( -13.69033926694337922, 10.99999999999999467, -7.235885548180277738 ) ) ;
#322 = ADVANCED_FACE ( 'NONE', ( #1085 ), #1672, .T. ) ;
#323 = VECTOR ( 'NONE', #343, 1000.000000000000000 ) ;
#324 = CARTESIAN_POINT ( 'NONE',  ( 8.770215389806109485, 11.00000000000000000, 0.2240295885091265760 ) ) ;
#325 = CARTESIAN_POINT ( 'NONE',  ( 0.000000000000000000, 0.000000000000000000, 0.000000000000000000 ) ) ;
#326 = VECTOR ( 'NONE', #4839, 1000.000000000000000 ) ;
#327 = CARTESIAN_POINT ( 'NONE',  ( -12.87896691815396011, 10.99999999999999645, -3.274371392944694037 ) ) ;
#328 = ADVANCED_FACE ( 'NONE', ( #4990 ), #2009, .T. ) ;
#329 = DIRECTION ( 'NONE',  ( -0.000000000000000000, 1.000000000000000000, -0.000000000000000000 ) ) ;
#330 = CARTESIAN_POINT ( 'NONE',  ( 10.16473516755355710, 10.99999999999999289, -14.40015122741312403 ) ) ;
#331 = ORIENTED_EDGE ( 'NONE', *, *, #995, .T. ) ;
#332 = CARTESIAN_POINT ( 'NONE',  ( 7.028911260622541235, 11.00000000000000178, -9.583127560552805235 ) ) ;
#333 = ORIENTED_EDGE ( 'NONE', *, *, #865, .T. ) ;
#334 = CARTESIAN_POINT ( 'NONE',  ( 10.97628622523936670, 10.99999999999999467, -4.933993113885452253 ) ) ;
#335 = FACE_OUTER_BOUND ( 'NONE', #843, .T. ) ;
#336 = CARTESIAN_POINT ( 'NONE',  ( 4.432926701221185262, 10.99999999999999645, -6.472748947987424728 ) ) ;
#337 = CARTESIAN_POINT ( 'NONE',  ( -7.870821087442518404, 10.50000000000000000, 0.4283511976069412919 ) ) ;
#338 = CARTESIAN_POINT ( 'NONE',  ( -11.61245024212376720, 10.50000000000000000, -13.19374844126196145 ) ) ;
#339 = CARTESIAN_POINT ( 'NONE',  ( 2.679936369427048604, 10.49999999999999645, -10.02557137634362583 ) ) ;
#340 = CARTESIAN_POINT ( 'NONE',  ( 24.67490867056497450, 10.49999999999999822, -18.12509765625000568 ) ) ;
#341 = CARTESIAN_POINT ( 'NONE',  ( 3.112802291017698675, 10.50000000000000355, -2.190147522269449976 ) ) ;
#342 = CARTESIAN_POINT ( 'NONE',  ( 5.106612437560159812, 10.49999999999999822, -15.18795678384889847 ) ) ;
#343 = DIRECTION ( 'NONE',  ( 0.000000000000000000, -1.000000000000000000, 0.000000000000000000 ) ) ;
#344 = CARTESIAN_POINT ( 'NONE',  ( -15.39226976074029807, 10.49999999999999645, -2.859472923377528453 ) ) ;
#345 = ADVANCED_FACE ( 'NONE', ( #3790 ), #1221, .F. ) ;
#346 = ORIENTED_EDGE ( 'NONE', *, *, #1471, .T. ) ;
#347 = ORIENTED_EDGE ( 'NONE', *, *, #4384, .F. ) ;
#348 = DIRECTION ( 'NONE',  ( 0.000000000000000000, 0.000000000000000000, 1.000000000000000000 ) ) ;
#349 = CARTESIAN_POINT ( 'NONE',  ( 3.670843357940013707, 10.49999999999999822, 2.004061591420434496 ) ) ;
#350 = CARTESIAN_POINT ( 'NONE',  ( -38.48999999999999488, 11.00000000000000000, 12.58339777691194783 ) ) ;
#351 = CARTESIAN_POINT ( 'NONE',  ( -11.50334558288039943, 10.99999999999999289, -13.84025147954371171 ) ) ;
#352 = B_SPLINE_CURVE_WITH_KNOTS ( 'NONE', 3,
 ( #5106, #3096, #1815, #480, #1786, #4390, #3540, #3871, #977, #597, #4306, #5217, #4687, #3926, #2288, #4741, #3980, #1728, #3013 ),
 .UNSPECIFIED., .F., .F.,
 ( 4, 1, 1, 1, 1, 1, 1, 1, 1, 1, 1, 1, 1, 1, 1, 1, 4 ),
 ( 0.000000000000000000, 0.07816429378793708638, 0.1543216990528977206, 0.2282374576365255592, 0.3001895420855643093, 0.3702850558207299581, 0.4381180176440582219, 0.5040705852050537672, 0.5680667745484789810, 0.6298879288332080995, 0.6893867443649928095, 0.7466551904990739175, 0.8016222994853055006, 0.8544348725422805657, 0.9050935087829236059, 0.9534669720850935670, 1.000000000000000000 ),
 .UNSPECIFIED. ) ;
#353 = EDGE_CURVE ( 'NONE', #3794, #5108, #4636, .T. ) ;
#354 = CARTESIAN_POINT ( 'NONE',  ( 9.135671995892495900, 11.00000000000000355, 0.07000388528563561419 ) ) ;
#355 = CARTESIAN_POINT ( 'NONE',  ( 24.84783250762195195, 10.49999999999999822, 2.499999999999995115 ) ) ;
#356 = LINE ( 'NONE', #5368, #2011 ) ;
#357 = CARTESIAN_POINT ( 'NONE',  ( 12.86415207709415220, 10.99999999999999645, -15.20636047343685426 ) ) ;
#358 = CARTESIAN_POINT ( 'NONE',  ( 3.999102355628537886, 11.00000000000000355, -8.502799618723184238 ) ) ;
#359 = EDGE_CURVE ( 'NONE', #3500, #3735, #867, .T. ) ;
#360 = CARTESIAN_POINT ( 'NONE',  ( 4.233436134185441624, 11.00000000000000178, -12.52765795314684638 ) ) ;
#361 = FACE_OUTER_BOUND ( 'NONE', #1550, .T. ) ;
#362 = CARTESIAN_POINT ( 'NONE',  ( -7.247658271430918120, 10.49999999999999645, -15.88302372740492707 ) ) ;
#363 = CARTESIAN_POINT ( 'NONE',  ( 5.127371441656102924, 10.50000000000000000, -10.53750311030915476 ) ) ;
#364 = CARTESIAN_POINT ( 'NONE',  ( 7.107418860458743382, 10.49999999999999822, 2.751525581173775770 ) ) ;
#365 = CARTESIAN_POINT ( 'NONE',  ( -9.445886360536528414, 10.49999999999999822, -15.98992857458341277 ) ) ;
#366 = CARTESIAN_POINT ( 'NONE',  ( 1.465838625997278655, 10.49999999999999822, -12.92080182030208313 ) ) ;
#367 = ORIENTED_EDGE ( 'NONE', *, *, #1324, .F. ) ;
#368 = CARTESIAN_POINT ( 'NONE',  ( 4.382878685147603370, 11.00000000000000178, -0.3207411193410646399 ) ) ;
#369 = DIRECTION ( 'NONE',  ( 0.000000000000000000, 0.000000000000000000, -1.000000000000000000 ) ) ;
#370 = VECTOR ( 'NONE', #190, 1000.000000000000000 ) ;
#371 = FACE_OUTER_BOUND ( 'NONE', #1100, .T. ) ;
#372 = CARTESIAN_POINT ( 'NONE',  ( -2.300283664025576602, 10.49999999999999822, -4.975228648934434617 ) ) ;
#373 = COLOUR_RGB ( '',1.000000000000000000, 1.000000000000000000, 1.000000000000000000 ) ;
#374 = ORIENTED_EDGE ( 'NONE', *, *, #2910, .F. ) ;
#375 = ORIENTED_EDGE ( 'NONE', *, *, #291, .F. ) ;
#376 = CARTESIAN_POINT ( 'NONE',  ( 3.587685839828056888, 11.00000000000000000, -8.306008765541390559 ) ) ;
#377 = DIRECTION ( 'NONE',  ( 0.000000000000000000, 0.000000000000000000, 1.000000000000000000 ) ) ;
#378 = CARTESIAN_POINT ( 'NONE',  ( -15.39226976074029807, 10.99999999999999822, -2.859472923377528453 ) ) ;
#379 = CARTESIAN_POINT ( 'NONE',  ( -21.53661905575970081, 10.50000000000000000, -9.793431797675761885 ) ) ;
#380 = ORIENTED_EDGE ( 'NONE', *, *, #5258, .F. ) ;
#381 = CARTESIAN_POINT ( 'NONE',  ( -27.71602768272151707, 10.50000000000000000, 0.5994629341955757251 ) ) ;
#382 = CARTESIAN_POINT ( 'NONE',  ( 49.75000000000000711, 5.999999999999998224, 17.49999999999999645 ) ) ;
#383 = CARTESIAN_POINT ( 'NONE',  ( 0.4567981747023047157, 10.49999999999999467, -3.721686383213499649 ) ) ;
#384 = FACE_OUTER_BOUND ( 'NONE', #5456, .T. ) ;
#385 = EDGE_CURVE ( 'NONE', #1350, #3333, #3376, .T. ) ;
#386 = CARTESIAN_POINT ( 'NONE',  ( 1.841442690517860914, 10.49999999999999822, -6.907575538794191061 ) ) ;
#387 = CARTESIAN_POINT ( 'NONE',  ( 5.604725122722753028, 11.00000000000000000, -10.11305156707839181 ) ) ;
#388 = ORIENTED_EDGE ( 'NONE', *, *, #2939, .F. ) ;
#389 = CARTESIAN_POINT ( 'NONE',  ( 5.046905187181141450, 10.49999999999999645, -18.00852547112670266 ) ) ;
#390 = CARTESIAN_POINT ( 'NONE',  ( 13.27765577362804628, 11.00000000000000000, -13.14567716645031936 ) ) ;
#391 = CARTESIAN_POINT ( 'NONE',  ( 4.233661371824396724, 11.00000000000000000, -13.19374844126195967 ) ) ;
#392 = EDGE_CURVE ( 'NONE', #795, #3106, #3706, .T. ) ;
#393 = CARTESIAN_POINT ( 'NONE',  ( -7.463678890280342593, 10.99999999999999645, 0.3407731624115371560 ) ) ;
#394 = DIRECTION ( 'NONE',  ( 1.000000000000000000, 0.000000000000000000, 0.000000000000000000 ) ) ;
#395 = CARTESIAN_POINT ( 'NONE',  ( 47.74999999999997868, 11.00000000000000000, 47.49999999999999289 ) ) ;
#396 = CARTESIAN_POINT ( 'NONE',  ( 2.971125140237599549, 10.49999999999999822, -2.992424625057283460 ) ) ;
#397 = CARTESIAN_POINT ( 'NONE',  ( 4.442291244127294370, 10.99999999999999822, -14.13933676921954152 ) ) ;
#398 = EDGE_CURVE ( 'NONE', #4066, #4023, #1250, .T. ) ;
#399 = DIRECTION ( 'NONE',  ( 0.7071067811865459074, -0.000000000000000000, -0.7071067811865491270 ) ) ;
#400 = CARTESIAN_POINT ( 'NONE',  ( -5.386567873890002467, 10.50000000000000178, -8.613833298032165686 ) ) ;
#401 = AXIS2_PLACEMENT_3D ( 'NONE', #4984, #2002, #3701 ) ;
#402 = VERTEX_POINT ( 'NONE', #1615 ) ;
#403 = ORIENTED_EDGE ( 'NONE', *, *, #85, .T. ) ;
#404 = LINE ( 'NONE', #1763, #5149 ) ;
#405 = CARTESIAN_POINT ( 'NONE',  ( 1.093975135514910546, 10.49999999999999645, -0.5133383138523842648 ) ) ;
#406 = CARTESIAN_POINT ( 'NONE',  ( -6.507434654645112282, 10.99999999999999822, -10.31399212742557836 ) ) ;
#407 = ORIENTED_EDGE ( 'NONE', *, *, #5293, .T. ) ;
#408 = DIRECTION ( 'NONE',  ( -0.000000000000000000, -1.000000000000000000, -0.000000000000000000 ) ) ;
#409 = VECTOR ( 'NONE', #269, 1000.000000000000000 ) ;
#410 = CARTESIAN_POINT ( 'NONE',  ( 7.252971530173137005, 10.99999999999999822, 0.4851405820499730126 ) ) ;
#411 = CARTESIAN_POINT ( 'NONE',  ( -9.630710876693759914, 11.00000000000000355, 0.4262915992595956993 ) ) ;
#412 = CARTESIAN_POINT ( 'NONE',  ( -8.742622840695263520, 10.49999999999999822, -7.309497665777443309 ) ) ;
#413 = CARTESIAN_POINT ( 'NONE',  ( 3.587685839828056888, 11.00000000000000000, -8.306008765541390559 ) ) ;
#414 = CARTESIAN_POINT ( 'NONE',  ( 7.028911260622541235, 10.50000000000000000, -9.583127560552805235 ) ) ;
#415 = EDGE_LOOP ( 'NONE', ( #4555, #3407, #2549, #487 ) ) ;
#416 = VECTOR ( 'NONE', #3470, 1000.000000000000000 ) ;
#417 = CARTESIAN_POINT ( 'NONE',  ( -46.49000000000000199, -11.00000000000000000, -44.49999999999999289 ) ) ;
#418 = EDGE_CURVE ( 'NONE', #3433, #463, #2120, .T. ) ;
#419 = DIRECTION ( 'NONE',  ( 0.2571428571428568954, 0.000000000000000000, -0.9663734014450150456 ) ) ;
#420 = CARTESIAN_POINT ( 'NONE',  ( 41.74999999999999289, 11.00000000000000000, 30.00000000000000000 ) ) ;
#421 = CARTESIAN_POINT ( 'NONE',  ( -8.593140083775029581, 10.99999999999999645, 0.4851405820499730126 ) ) ;
#422 = CARTESIAN_POINT ( 'NONE',  ( -8.825188008096686687, 10.49999999999999645, -16.10364621115622441 ) ) ;
#423 = PLANE ( 'NONE',  #4175 ) ;
#424 = EDGE_CURVE ( 'NONE', #4527, #4536, #5437, .T. ) ;
#425 = DIRECTION ( 'NONE',  ( -0.000000000000000000, 1.000000000000000000, -0.000000000000000000 ) ) ;
#426 = CARTESIAN_POINT ( 'NONE',  ( 4.899242635786349886, 10.49999999999999822, -14.95024855341479686 ) ) ;
#427 = DIRECTION ( 'NONE',  ( -1.000000000000000000, -0.000000000000000000, -0.000000000000000000 ) ) ;
#428 = CARTESIAN_POINT ( 'NONE',  ( -12.17526825600815243, 10.99999999999999822, 2.004061591420435384 ) ) ;
#429 = ORIENTED_EDGE ( 'NONE', *, *, #1782, .F. ) ;
#430 = ORIENTED_EDGE ( 'NONE', *, *, #1265, .T. ) ;
#431 = CARTESIAN_POINT ( 'NONE',  ( 44.25000000000001421, 5.999999999999999112, -42.50000000000000711 ) ) ;
#432 = CARTESIAN_POINT ( 'NONE',  ( 5.299033947010094892, 10.49999999999999467, 2.575735096875017671 ) ) ;
#433 = CARTESIAN_POINT ( 'NONE',  ( -7.019519850174936515, 11.00000000000000533, -9.945638745238213119 ) ) ;
#434 = CARTESIAN_POINT ( 'NONE',  ( -11.40382036982087577, 11.00000000000000000, -14.13933676921954685 ) ) ;
#435 = VERTEX_POINT ( 'NONE', #4966 ) ;
#436 = CARTESIAN_POINT ( 'NONE',  ( -15.39394351546038742, 11.00000000000000000, -3.430701759903103110 ) ) ;
#437 = PLANE ( 'NONE',  #1153 ) ;
#438 = CARTESIAN_POINT ( 'NONE',  ( -6.728845559800411991, 10.49999999999999822, -6.874843880028022269 ) ) ;
#439 = DIRECTION ( 'NONE',  ( -0.000000000000000000, 1.000000000000000000, -0.000000000000000000 ) ) ;
#440 = CARTESIAN_POINT ( 'NONE',  ( -27.89880246727635438, 11.00000000000000178, 1.559010034553655277 ) ) ;
#441 = VERTEX_POINT ( 'NONE', #2955 ) ;
#442 = CARTESIAN_POINT ( 'NONE',  ( 13.72753486357756358, 10.49999999999999645, -4.144136120452284189 ) ) ;
#443 = B_SPLINE_CURVE_WITH_KNOTS ( 'NONE', 3,
 ( #2886, #5038, #3777, #1269, #4628, #1605, #4130, #4652, #1665, #2917, #389, #2441, #859, #2527, #4157 ),
 .UNSPECIFIED., .F., .F.,
 ( 4, 1, 1, 1, 1, 1, 1, 1, 1, 1, 1, 1, 4 ),
 ( 0.000000000000000000, 0.08109067736245556546, 0.1601764339438525586, 0.2388162051317055667, 0.3186263804358751561, 0.3991842317164751575, 0.4794762106755970921, 0.5613809783239201989, 0.6461064879495128643, 0.7328044657007589668, 0.8198153588020310467, 0.9082263167607932397, 0.9999999999999998890 ),
 .UNSPECIFIED. ) ;
#444 = CARTESIAN_POINT ( 'NONE',  ( 5.578832377030392031, 11.00000000000000000, -15.59384789299877916 ) ) ;
#445 = CARTESIAN_POINT ( 'NONE',  ( -5.739564857480652371, 10.49999999999999822, -0.5903761576878149286 ) ) ;
#446 = EDGE_CURVE ( 'NONE', #4201, #1632, #4582, .T. ) ;
#447 = CARTESIAN_POINT ( 'NONE',  ( -18.92064450234106232, 10.99999999999999822, -15.16109543238831847 ) ) ;
#448 = CARTESIAN_POINT ( 'NONE',  ( -2.075557201591519352, 10.49999999999999822, -3.716994934501298253 ) ) ;
#449 = CARTESIAN_POINT ( 'NONE',  ( 8.930321907202795728, 10.49999999999999822, 2.576386256382621198 ) ) ;
#450 = DIRECTION ( 'NONE',  ( 0.000000000000000000, -1.000000000000000000, 0.000000000000000000 ) ) ;
#451 = EDGE_CURVE ( 'NONE', #2004, #1985, #1656, .T. ) ;
#452 = CARTESIAN_POINT ( 'NONE',  ( -15.07285742643673210, 10.50000000000000000, -1.251097811937437188 ) ) ;
#453 = EDGE_LOOP ( 'NONE', ( #2413, #1012 ) ) ;
#454 = ORIENTED_EDGE ( 'NONE', *, *, #1377, .T. ) ;
#455 = CARTESIAN_POINT ( 'NONE',  ( 1.558913121451175776, 11.00000000000000000, -6.546877240267219733 ) ) ;
#456 = VECTOR ( 'NONE', #889, 1000.000000000000000 ) ;
#457 = CARTESIAN_POINT ( 'NONE',  ( 6.423039362860549772, 10.99999999999999822, -9.706173168869373313 ) ) ;
#458 = PLANE ( 'NONE',  #2274 ) ;
#459 = CARTESIAN_POINT ( 'NONE',  ( 49.75000000000000000, -11.00000000000000000, -32.50000000000000711 ) ) ;
#460 = ADVANCED_FACE ( 'NONE', ( #371 ), #3404, .F. ) ;
#461 = ORIENTED_EDGE ( 'NONE', *, *, #3716, .T. ) ;
#462 = VECTOR ( 'NONE', #241, 1000.000000000000000 ) ;
#463 = VERTEX_POINT ( 'NONE', #2981 ) ;
#464 = CARTESIAN_POINT ( 'NONE',  ( -14.54545971575614693, 11.00000000000000000, -6.171314639284005921 ) ) ;
#465 = VERTEX_POINT ( 'NONE', #2035 ) ;
#466 = CARTESIAN_POINT ( 'NONE',  ( 57.75000000000000000, 11.00000000000000000, 37.50000000000001421 ) ) ;
#467 = CARTESIAN_POINT ( 'NONE',  ( 7.347154180015002645, 10.49999999999999822, -9.573227896341467869 ) ) ;
#468 = CARTESIAN_POINT ( 'NONE',  ( -6.903502939772661939, 10.49999999999999822, -18.22436116523296690 ) ) ;
#469 = LINE ( 'NONE', #5119, #4037 ) ;
#470 = EDGE_LOOP ( 'NONE', ( #901, #2093, #4501, #1113 ) ) ;
#471 = CARTESIAN_POINT ( 'NONE',  ( -5.240090821449203240, 11.00000000000000000, -5.597361666110450606 ) ) ;
#472 = CARTESIAN_POINT ( 'NONE',  ( -54.34590815421461940, 11.00000000000000000, 32.32294284212485991 ) ) ;
#473 = CARTESIAN_POINT ( 'NONE',  ( -4.641524248814252296, 10.99999999999999822, -2.592745307745567995 ) ) ;
#474 = CARTESIAN_POINT ( 'NONE',  ( 11.26545112423780104, 11.00000000000000000, -3.418711331995527125 ) ) ;
#475 = CARTESIAN_POINT ( 'NONE',  ( -8.742622840695263520, 10.49999999999999822, -7.309497665777443309 ) ) ;
#476 = B_SPLINE_SURFACE_WITH_KNOTS ( 'NONE', 3, 1, ( 
 ( #4285, #1341 ),
 ( #4775, #983 ),
 ( #3961, #5139 ),
 ( #2182, #157 ),
 ( #2709, #3046 ),
 ( #74, #1849 ),
 ( #4398, #604 ),
 ( #3074, #3466 ),
 ( #4719, #2626 ),
 ( #3491, #4315 ),
 ( #519, #4749 ),
 ( #956, #1081 ),
 ( #993, #3579 ),
 ( #1884, #5232 ),
 ( #583, #2744 ),
 ( #2692, #1858 ),
 ( #3503, #1436 ),
 ( #4019, #3969 ),
 ( #4351, #5256 ) ),
 .UNSPECIFIED., .F., .F., .F.,
 ( 4, 1, 1, 1, 1, 1, 1, 1, 1, 1, 1, 1, 1, 1, 1, 1, 4 ),
 ( 2, 2 ),
 ( 0.000000000000000000, 0.04739769544951857871, 0.09669507812533098545, 0.1479913345226240851, 0.2013482906064560374, 0.2569557317544950426, 0.3144709821438911312, 0.3743718351039559966, 0.4364393313441820577, 0.5005899023727913288, 0.5665213708337635268, 0.6341542506102652021, 0.7036132571234354760, 0.7748250297787926399, 0.8479916432303085116, 0.9231335884179113771, 1.000000000000000000 ),
 ( 0.000000000000000000, 1.000000000000000000 ),
 .UNSPECIFIED. ) ;
#477 = CARTESIAN_POINT ( 'NONE',  ( -57.75000000000000000, 11.00000000000000000, 35.74905993154862927 ) ) ;
#478 = CARTESIAN_POINT ( 'NONE',  ( 27.36308831935975405, 11.00000000000000000, -18.12509765625000568 ) ) ;
#479 = DIRECTION ( 'NONE',  ( 0.000000000000000000, 0.000000000000000000, 1.000000000000000000 ) ) ;
#480 = CARTESIAN_POINT ( 'NONE',  ( -19.63191305961215605, 10.50000000000000000, -13.77733968364323580 ) ) ;
#481 = EDGE_LOOP ( 'NONE', ( #4915, #2428, #4487, #5024 ) ) ;
#482 = CARTESIAN_POINT ( 'NONE',  ( 10.60602079249895979, 10.49999999999999645, -5.597361666110450606 ) ) ;
#483 = EDGE_CURVE ( 'NONE', #2704, #3955, #4550, .T. ) ;
#484 = B_SPLINE_CURVE_WITH_KNOTS ( 'NONE', 3,
 ( #4562, #1625, #2825, #381, #2433, #4204, #4099, #297, #5001, #2071, #5449, #2877, #1990, #2911, #3683, #4947, #1145, #4123, #5389 ),
 .UNSPECIFIED., .F., .F.,
 ( 4, 1, 1, 1, 1, 1, 1, 1, 1, 1, 1, 1, 1, 1, 1, 1, 4 ),
 ( 0.000000000000000000, 0.04739769544951857871, 0.09669507812533098545, 0.1479913345226240851, 0.2013482906064560374, 0.2569557317544950426, 0.3144709821438911312, 0.3743718351039559966, 0.4364393313441820577, 0.5005899023727913288, 0.5665213708337635268, 0.6341542506102652021, 0.7036132571234354760, 0.7748250297787926399, 0.8479916432303085116, 0.9231335884179113771, 1.000000000000000000 ),
 .UNSPECIFIED. ) ;
#485 = CARTESIAN_POINT ( 'NONE',  ( 7.677205604513299697, 10.50000000000000000, -16.10326152587798276 ) ) ;
#486 = CARTESIAN_POINT ( 'NONE',  ( 8.942608674175499317, 10.99999999999999822, -18.22436116523296690 ) ) ;
#487 = ORIENTED_EDGE ( 'NONE', *, *, #4589, .F. ) ;
#488 = CARTESIAN_POINT ( 'NONE',  ( -25.22935139173737440, 11.00000000000000533, 2.185207089484355159 ) ) ;
#489 = AXIS2_PLACEMENT_3D ( 'NONE', #1308, #570, #3484 ) ;
#490 = ORIENTED_EDGE ( 'NONE', *, *, #865, .F. ) ;
#491 = EDGE_LOOP ( 'NONE', ( #1381, #1679, #4870, #1141 ) ) ;
#492 = CARTESIAN_POINT ( 'NONE',  ( 7.089790768573502433, 10.99999999999999467, -18.36885239456136176 ) ) ;
#493 = CARTESIAN_POINT ( 'NONE',  ( -12.25461502238770883, 11.00000000000000178, -1.149428727915372761 ) ) ;
#494 = EDGE_CURVE ( 'NONE', #2763, #3621, #3733, .T. ) ;
#495 = PLANE ( 'NONE',  #3880 ) ;
#496 = CARTESIAN_POINT ( 'NONE',  ( 1.480973206921275986, 10.99999999999999822, -13.85352298539071469 ) ) ;
#497 = VECTOR ( 'NONE', #1124, 1000.000000000000000 ) ;
#498 = DIRECTION ( 'NONE',  ( 0.000000000000000000, 0.000000000000000000, 1.000000000000000000 ) ) ;
#499 = VERTEX_POINT ( 'NONE', #4166 ) ;
#500 = CARTESIAN_POINT ( 'NONE',  ( -4.580660489710364658, 10.49999999999999822, -3.418711331995527125 ) ) ;
#501 = AXIS2_PLACEMENT_3D ( 'NONE', #2761, #2785, #5303 ) ;
#502 = CARTESIAN_POINT ( 'NONE',  ( 6.112430006587896258, 11.00000000000000178, -15.88601282060331243 ) ) ;
#503 = VECTOR ( 'NONE', #2452, 1000.000000000000000 ) ;
#504 = CARTESIAN_POINT ( 'NONE',  ( -5.030972506555469792, 10.49999999999999645, -1.500086236500234982 ) ) ;
#505 = VECTOR ( 'NONE', #4016, 1000.000000000000000 ) ;
#506 = CARTESIAN_POINT ( 'NONE',  ( 23.28985009938629958, 10.50000000000000355, -15.57200218241630196 ) ) ;
#507 = CARTESIAN_POINT ( 'NONE',  ( -11.71236668604388420, 11.00000000000000178, -6.213759792962592066 ) ) ;
#508 = VECTOR ( 'NONE', #559, 1000.000000000000000 ) ;
#509 = CARTESIAN_POINT ( 'NONE',  ( 7.107418860458743382, 10.49999999999999822, 2.751525581173775770 ) ) ;
#510 = CARTESIAN_POINT ( 'NONE',  ( -2.740821324307055828, 10.50000000000000000, -14.54853304086318211 ) ) ;
#511 = CARTESIAN_POINT ( 'NONE',  ( -9.177629332644031024, 11.00000000000000533, -7.301717109451216992 ) ) ;
#512 = CARTESIAN_POINT ( 'NONE',  ( 4.432926701221185262, 10.99999999999999645, -6.472748947987424728 ) ) ;
#513 = ORIENTED_EDGE ( 'NONE', *, *, #1823, .F. ) ;
#514 = EDGE_LOOP ( 'NONE', ( #380, #1749, #638, #2583 ) ) ;
#515 = ORIENTED_EDGE ( 'NONE', *, *, #4711, .F. ) ;
#516 = CARTESIAN_POINT ( 'NONE',  ( 3.398113208883831060, 10.50000000000000178, -1.475357951040890736 ) ) ;
#517 = CARTESIAN_POINT ( 'NONE',  ( 0.5028346713620372999, 10.49999999999999822, -2.442923343712541495 ) ) ;
#518 = CARTESIAN_POINT ( 'NONE',  ( 13.10529028964111475, 11.00000000000000000, -14.54853304086318211 ) ) ;
#519 = CARTESIAN_POINT ( 'NONE',  ( -25.27879800642689645, 10.50000000000000000, -7.003199197564507372 ) ) ;
#520 = EDGE_CURVE ( 'NONE', #3661, #2651, #5167, .T. ) ;
#521 = B_SPLINE_CURVE_WITH_KNOTS ( 'NONE', 3,
 ( #2283, #3976, #306, #3229, #4957, #1973, #3726, #1607, #4982, #363, #1522, #3666, #4902, #3285, #1998, #1213, #5374, #3638, #1156 ),
 .UNSPECIFIED., .F., .F.,
 ( 4, 1, 1, 1, 1, 1, 1, 1, 1, 1, 1, 1, 1, 1, 1, 1, 4 ),
 ( 0.000000000000000000, 0.06557823264418237430, 0.1292223545505367943, 0.1924061844659310516, 0.2543065654343108495, 0.3157484370094335024, 0.3779428366412650453, 0.4411266665566592193, 0.5058320707432917285, 0.5703492406280074034, 0.6330694006431418774, 0.6940742407495209543, 0.7540587854441084259, 0.8140230513873742968, 0.8745525543506156296, 0.9359795783187129237, 1.000000000000000000 ),
 .UNSPECIFIED. ) ;
#522 = ORIENTED_EDGE ( 'NONE', *, *, #4017, .F. ) ;
#523 = CARTESIAN_POINT ( 'NONE',  ( -15.39626048018292614, 11.00000000000000000, -3.285088366996955500 ) ) ;
#524 = DIRECTION ( 'NONE',  ( -0.000000000000000000, -1.000000000000000000, -0.000000000000000000 ) ) ;
#525 = CARTESIAN_POINT ( 'NONE',  ( 2.965106945503045655, 10.49999999999999822, -3.418711331995527125 ) ) ;
#526 = CARTESIAN_POINT ( 'NONE',  ( 7.677205604513299697, 10.50000000000000000, -16.10326152587798276 ) ) ;
#527 = EDGE_CURVE ( 'NONE', #3267, #2400, #2646, .T. ) ;
#528 = B_SPLINE_SURFACE_WITH_KNOTS ( 'NONE', 3, 1, ( 
 ( #937, #2555 ),
 ( #3911, #2636 ),
 ( #4348, #2133 ),
 ( #4757, #3419 ),
 ( #1266, #105 ),
 ( #529, #3471 ),
 ( #3448, #2972 ),
 ( #5092, #965 ),
 ( #3859, #2665 ),
 ( #81, #4650 ),
 ( #3832, #882 ),
 ( #2193, #1295 ),
 ( #2999, #54 ),
 ( #1748, #3887 ),
 ( #1774, #5147 ),
 ( #1830, #1408 ),
 ( #3111, #4782 ),
 ( #3529, #5206 ),
 ( #999, #564 ) ),
 .UNSPECIFIED., .F., .F., .F.,
 ( 4, 1, 1, 1, 1, 1, 1, 1, 1, 1, 1, 1, 1, 1, 1, 1, 4 ),
 ( 2, 2 ),
 ( 0.000000000000000000, 0.06302915618029729383, 0.1234804025299602454, 0.1838066203148567557, 0.2442978212269449334, 0.3040809109571067093, 0.3653016354693813250, 0.4284217670430552349, 0.4938398027159142112, 0.5593501064680181933, 0.6238616128364200542, 0.6862405444609483984, 0.7477958109420476118, 0.8094883027098110917, 0.8718817573871822102, 0.9346420084294422281, 1.000000000000000000 ),
 ( 0.000000000000000000, 1.000000000000000000 ),
 .UNSPECIFIED. ) ;
#529 = CARTESIAN_POINT ( 'NONE',  ( -7.295545767906344459, 10.49999999999999645, -9.811679966736745584 ) ) ;
#530 = VERTEX_POINT ( 'NONE', #4332 ) ;
#531 = CARTESIAN_POINT ( 'NONE',  ( -5.034973093452436821, 10.50000000000000000, -5.274889234346052724 ) ) ;
#532 = CARTESIAN_POINT ( 'NONE',  ( 11.03397978858162709, 10.50000000000000000, -17.34253210853336924 ) ) ;
#533 = CARTESIAN_POINT ( 'NONE',  ( -8.606490421893761678, 10.99999999999999822, -9.576572952610067802 ) ) ;
#534 = B_SPLINE_CURVE_WITH_KNOTS ( 'NONE', 3,
 ( #2740, #630, #5144, #962, #3909, #1347, #4345, #2216, #552, #3936, #1406, #1170, #708, #1570, #3272, #1906, #5308, #4946, #3603 ),
 .UNSPECIFIED., .F., .F.,
 ( 4, 1, 1, 1, 1, 1, 1, 1, 1, 1, 1, 1, 1, 1, 1, 1, 4 ),
 ( 0.000000000000000000, 0.09263307917966594196, 0.1812578326846235877, 0.2677463166116326176, 0.3525759815441523726, 0.4353261026888181617, 0.5156798943772891164, 0.5949223282687576830, 0.6746516928653017997, 0.7150324028280875543, 0.7546742859889797872, 0.7946148660789127405, 0.8346221552083454842, 0.8751460061963551862, 0.9158349703271242426, 0.9574349943276478925, 1.000000000000000000 ),
 .UNSPECIFIED. ) ;
#535 = CARTESIAN_POINT ( 'NONE',  ( -6.041271398241931045, 10.50000000000000000, -0.3375758981456742913 ) ) ;
#536 = EDGE_CURVE ( 'NONE', #4823, #3776, #740, .T. ) ;
#537 = FACE_BOUND ( 'NONE', #607, .T. ) ;
#538 = CARTESIAN_POINT ( 'NONE',  ( -8.498957433933163941, 11.00000000000000000, -16.11289300685976400 ) ) ;
#539 = DIRECTION ( 'NONE',  ( 0.000000000000000000, -0.000000000000000000, 1.000000000000000000 ) ) ;
#540 = CARTESIAN_POINT ( 'NONE',  ( 10.62012552902851326, 11.00000000000000178, -1.171297859410754594 ) ) ;
#541 = CARTESIAN_POINT ( 'NONE',  ( -13.16617524452111354, 10.99999999999999822, -10.02557137634362228 ) ) ;
#542 = LINE ( 'NONE', #949, #3869 ) ;
#543 = VERTEX_POINT ( 'NONE', #568 ) ;
#544 = ORIENTED_EDGE ( 'NONE', *, *, #2114, .T. ) ;
#545 = CARTESIAN_POINT ( 'NONE',  ( -5.838480164831821639, 11.00000000000000178, -14.66880848042124619 ) ) ;
#546 = CARTESIAN_POINT ( 'NONE',  ( 11.06398913650108362, 10.49999999999999822, -8.299799974393950563 ) ) ;
#547 = CARTESIAN_POINT ( 'NONE',  ( 13.27765577362804628, 10.99999999999999822, -13.14567716645031936 ) ) ;
#548 = LINE ( 'NONE', #1793, #5009 ) ;
#549 = ORIENTED_EDGE ( 'NONE', *, *, #791, .F. ) ;
#550 = CARTESIAN_POINT ( 'NONE',  ( 1.633331606867190366, 10.49999999999999822, -14.54032018391652414 ) ) ;
#551 = CARTESIAN_POINT ( 'NONE',  ( 27.36308831935975405, 11.00000000000000000, -4.542716272865859217 ) ) ;
#552 = CARTESIAN_POINT ( 'NONE',  ( -14.09493533918619512, 10.49999999999999822, 0.4982052945547724154 ) ) ;
#553 = AXIS2_PLACEMENT_3D ( 'NONE', #2196, #83, #1776 ) ;
#554 = CARTESIAN_POINT ( 'NONE',  ( -2.740821324307055828, 10.99999999999999467, -14.54853304086318211 ) ) ;
#555 = CARTESIAN_POINT ( 'NONE',  ( -27.71602768272151707, 11.00000000000000178, 0.5994629341955757251 ) ) ;
#556 = ORIENTED_EDGE ( 'NONE', *, *, #5388, .T. ) ;
#558 = CARTESIAN_POINT ( 'NONE',  ( -5.755313742963478418, 11.00000000000000000, -6.190343134507637401 ) ) ;
#557 = AXIS2_PLACEMENT_3D ( 'NONE', #1117, #2765, #4096 ) ;
#559 = DIRECTION ( 'NONE',  ( 1.000000000000000000, 0.000000000000000000, 0.000000000000000000 ) ) ;
#560 = EDGE_CURVE ( 'NONE', #4393, #1423, #1183, .T. ) ;
#561 = CARTESIAN_POINT ( 'NONE',  ( 15.71928736235796542, 11.00000000000000000, -4.919553900631811416 ) ) ;
#562 = CARTESIAN_POINT ( 'NONE',  ( 7.453381766027657562, 10.49999999999999645, -9.576554100047912854 ) ) ;
#563 = CARTESIAN_POINT ( 'NONE',  ( -23.86835172077785572, 11.00000000000000000, -3.701561574247818065 ) ) ;
#564 = CARTESIAN_POINT ( 'NONE',  ( -5.335237233231706178, 10.99999999999999645, -12.85485071321813422 ) ) ;
#565 = DIRECTION ( 'NONE',  ( -1.000000000000000000, 0.000000000000000000, 0.000000000000000000 ) ) ;
#566 = EDGE_CURVE ( 'NONE', #435, #4664, #60, .T. ) ;
#567 = CARTESIAN_POINT ( 'NONE',  ( -12.72451500322007334, 10.50000000000000000, -4.605572289327449553 ) ) ;
#568 = CARTESIAN_POINT ( 'NONE',  ( 4.427099386075644460, 10.49999999999999822, -8.669307838998195237 ) ) ;
#569 = FACE_OUTER_BOUND ( 'NONE', #1567, .T. ) ;
#570 = DIRECTION ( 'NONE',  ( 0.000000000000000000, 1.000000000000000000, 0.000000000000000000 ) ) ;
#571 = ORIENTED_EDGE ( 'NONE', *, *, #1127, .F. ) ;
#572 = ORIENTED_EDGE ( 'NONE', *, *, #1754, .T. ) ;
#573 = CARTESIAN_POINT ( 'NONE',  ( 7.250408963306953503, 10.99999999999998757, -7.307264209827908807 ) ) ;
#574 = CARTESIAN_POINT ( 'NONE',  ( -15.39626048018292614, 11.00000000000000000, -3.285088366996955500 ) ) ;
#575 = CARTESIAN_POINT ( 'NONE',  ( 11.26545112423780104, 10.49999999999999822, -3.418711331995527125 ) ) ;
#576 = CARTESIAN_POINT ( 'NONE',  ( -24.97592700357966322, 10.49999999999999822, 0.5658191600452825432 ) ) ;
#577 = VERTEX_POINT ( 'NONE', #2143 ) ;
#578 = ORIENTED_EDGE ( 'NONE', *, *, #2768, .T. ) ;
#579 = CARTESIAN_POINT ( 'NONE',  ( -8.487167172315642105, 11.00000000000000000, -18.37662323742378234 ) ) ;
#580 = CARTESIAN_POINT ( 'NONE',  ( -25.26863954125381184, 10.49999999999999822, 2.499999999999995115 ) ) ;
#581 = LINE ( 'NONE', #3630, #768 ) ;
#582 = CARTESIAN_POINT ( 'NONE',  ( -8.595702650641211306, 11.00000000000000000, -7.307264209827908807 ) ) ;
#583 = CARTESIAN_POINT ( 'NONE',  ( -23.02224924801662098, 10.49999999999999645, -11.94063450261697490 ) ) ;
#584 = CARTESIAN_POINT ( 'NONE',  ( 23.77670907827842584, 10.99999999999999822, -16.43589352939279280 ) ) ;
#585 = CARTESIAN_POINT ( 'NONE',  ( 0.4567981747023047157, 10.49999999999999467, -3.721686383213499649 ) ) ;
#586 = EDGE_CURVE ( 'NONE', #1254, #4796, #90, .T. ) ;
#587 = PLANE ( 'NONE',  #3152 ) ;
#588 = VECTOR ( 'NONE', #2405, 1000.000000000000000 ) ;
#589 = CARTESIAN_POINT ( 'NONE',  ( 57.75000000000000000, 11.00000000000000000, 47.49999999999999289 ) ) ;
#590 = VECTOR ( 'NONE', #2934, 1000.000000000000000 ) ;
#591 = LINE ( 'NONE', #145, #5183 ) ;
#592 = DIRECTION ( 'NONE',  ( 0.7808688094430301652, 0.000000000000000000, -0.6246950475544245096 ) ) ;
#593 = CARTESIAN_POINT ( 'NONE',  ( 13.31296665481214525, 10.99999999999999112, -0.8709275102663519563 ) ) ;
#594 = AXIS2_PLACEMENT_3D ( 'NONE', #2701, #450, #3011 ) ;
#595 = CARTESIAN_POINT ( 'NONE',  ( -18.16304187309451024, 11.00000000000000000, -18.12509765625000568 ) ) ;
#596 = EDGE_CURVE ( 'NONE', #1578, #1918, #2591, .T. ) ;
#597 = CARTESIAN_POINT ( 'NONE',  ( -23.06349887500092777, 10.49999999999999822, -6.047910016018612112 ) ) ;
#598 = VERTEX_POINT ( 'NONE', #174 ) ;
#599 = EDGE_LOOP ( 'NONE', ( #2984, #1874, #1624, #4418, #4831, #2678, #2872, #4846, #1968, #4006, #931 ) ) ;
#600 = CARTESIAN_POINT ( 'NONE',  ( 27.36308831935975405, 10.49999999999999822, -18.12509765625000568 ) ) ;
#601 = VECTOR ( 'NONE', #5178, 1000.000000000000000 ) ;
#602 = DIRECTION ( 'NONE',  ( -1.000000000000000000, -0.000000000000000000, -0.000000000000000000 ) ) ;
#603 = CARTESIAN_POINT ( 'NONE',  ( -10.43198478546023900, 10.50000000000000000, 0.2266886399247351469 ) ) ;
#604 = CARTESIAN_POINT ( 'NONE',  ( -26.91648926119900409, 11.00000000000000000, -2.469335510969943304 ) ) ;
#605 = EDGE_CURVE ( 'NONE', #1232, #3659, #3189, .T. ) ;
#606 = ORIENTED_EDGE ( 'NONE', *, *, #959, .T. ) ;
#607 = EDGE_LOOP ( 'NONE', ( #1532, #5410, #2100, #3158 ) ) ;
#608 = CARTESIAN_POINT ( 'NONE',  ( 49.75000000000000000, -2.499999999999998668, -29.19999999999999574 ) ) ;
#609 = CARTESIAN_POINT ( 'NONE',  ( 5.846086660091438958, 10.50000000000000000, -7.163151700223891361 ) ) ;
#610 = CARTESIAN_POINT ( 'NONE',  ( -3.733676603561325358, 10.49999999999999822, -16.39568747576701568 ) ) ;
#611 = CARTESIAN_POINT ( 'NONE',  ( -2.111696302208901255, 10.99999999999999822, -2.436952711186666232 ) ) ;
#612 = FACE_OUTER_BOUND ( 'NONE', #3851, .T. ) ;
#613 = CARTESIAN_POINT ( 'NONE',  ( 20.21453455399235466, 11.00000000000000000, -10.75432436654496193 ) ) ;
#614 = DIRECTION ( 'NONE',  ( 0.000000000000000000, 1.000000000000000000, -0.000000000000000000 ) ) ;
#615 = CARTESIAN_POINT ( 'NONE',  ( 7.969299757565929454, 11.00000000000000178, -9.625573844668560142 ) ) ;
#616 = CARTESIAN_POINT ( 'NONE',  ( 2.949708013205909474, 11.00000000000000178, 1.584561690811186585 ) ) ;
#617 = CARTESIAN_POINT ( 'NONE',  ( -2.067300905123762078, 10.50000000000000000, -3.140894658515251514 ) ) ;
#618 = CARTESIAN_POINT ( 'NONE',  ( -12.88100466844512049, 10.49999999999999822, -3.418711331995527125 ) ) ;
#619 = CARTESIAN_POINT ( 'NONE',  ( 13.45964189847394898, 10.99999999999999467, -1.244302875142191400 ) ) ;
#620 = CARTESIAN_POINT ( 'NONE',  ( -8.825188008096686687, 10.99999999999999467, -16.10364621115622441 ) ) ;
#621 = DIRECTION ( 'NONE',  ( -1.000000000000000000, 0.000000000000000000, 0.000000000000000000 ) ) ;
#622 = ORIENTED_EDGE ( 'NONE', *, *, #2419, .F. ) ;
#623 = CARTESIAN_POINT ( 'NONE',  ( 13.54582794992259132, 10.99999999999999822, -4.975228648934434617 ) ) ;
#624 = CARTESIAN_POINT ( 'NONE',  ( 7.998767458855372325, 10.99999999999999645, -16.05987475837657641 ) ) ;
#625 = ADVANCED_FACE ( 'NONE', ( #5241 ), #783, .T. ) ;
#626 = CARTESIAN_POINT ( 'NONE',  ( -2.593501203574265279, 11.00000000000000000, -12.48286635963155966 ) ) ;
#627 = ORIENTED_EDGE ( 'NONE', *, *, #995, .F. ) ;
#628 = EDGE_LOOP ( 'NONE', ( #4196, #4943, #1066, #2973 ) ) ;
#629 = DIRECTION ( 'NONE',  ( 0.000000000000000000, 0.000000000000000000, -1.000000000000000000 ) ) ;
#630 = CARTESIAN_POINT ( 'NONE',  ( -9.049800250649200350, 10.49999999999999645, 2.743347617036439257 ) ) ;
#631 = EDGE_CURVE ( 'NONE', #1802, #704, #4695, .T. ) ;
#632 = CARTESIAN_POINT ( 'NONE',  ( -4.234756245770915584, 10.99999999999999112, -16.90221961948399354 ) ) ;
#633 = CARTESIAN_POINT ( 'NONE',  ( -54.79441034578853476, -11.00000000000000000, 32.40098421353906843 ) ) ;
#634 = DIRECTION ( 'NONE',  ( -0.000000000000000000, -1.000000000000000000, -0.000000000000000000 ) ) ;
#635 = AXIS2_PLACEMENT_3D ( 'NONE', #4463, #665, #3255 ) ;
#636 = CARTESIAN_POINT ( 'NONE',  ( 15.71928736235796542, 10.49999999999999822, -4.919553900631811416 ) ) ;
#637 = CARTESIAN_POINT ( 'NONE',  ( -2.576805668662500270, 10.49999999999999822, -12.92470387074477323 ) ) ;
#638 = ORIENTED_EDGE ( 'NONE', *, *, #1676, .T. ) ;
#639 = CARTESIAN_POINT ( 'NONE',  ( -5.338464844951463562, 10.49999999999999822, -12.74467283732331602 ) ) ;
#640 = CARTESIAN_POINT ( 'NONE',  ( 24.84783250762195195, 10.49999999999999822, 2.499999999999995115 ) ) ;
#641 = CARTESIAN_POINT ( 'NONE',  ( -8.424983873399046530, 10.99999999999999467, 2.743303851952143102 ) ) ;
#642 = DIRECTION ( 'NONE',  ( 8.353733180145365352E-15, 1.000000000000000000, -1.056724547975724722E-13 ) ) ;
#643 = CARTESIAN_POINT ( 'NONE',  ( 8.035052890559452266, 10.99999999999999467, 2.727214009853057952 ) ) ;
#644 = FACE_BOUND ( 'NONE', #952, .T. ) ;
#645 = CARTESIAN_POINT ( 'NONE',  ( -5.512091157494522164, 11.00000000000000000, -8.669307838998197013 ) ) ;
#646 = ORIENTED_EDGE ( 'NONE', *, *, #3915, .T. ) ;
#647 = CARTESIAN_POINT ( 'NONE',  ( -12.06950692978533191, 10.49999999999999467, -9.055677819624561309 ) ) ;
#648 = CARTESIAN_POINT ( 'NONE',  ( -10.71874017229206544, 11.00000000000000178, -10.53750311030915476 ) ) ;
#649 = EDGE_CURVE ( 'NONE', #3650, #1802, #4168, .T. ) ;
#650 = VERTEX_POINT ( 'NONE', #2418 ) ;
#651 = EDGE_LOOP ( 'NONE', ( #5304, #5140, #239, #4197 ) ) ;
#652 = DIRECTION ( 'NONE',  ( 0.000000000000000000, -0.000000000000000000, -1.000000000000000000 ) ) ;
#653 = CARTESIAN_POINT ( 'NONE',  ( -13.21684132861555128, 11.00000000000000178, -16.38286677407669956 ) ) ;
#654 = DIRECTION ( 'NONE',  ( 0.000000000000000000, 0.000000000000000000, -1.000000000000000000 ) ) ;
#655 = DIRECTION ( 'NONE',  ( -1.000000000000000000, 0.000000000000000000, 0.000000000000000000 ) ) ;
#656 = EDGE_CURVE ( 'NONE', #3524, #5411, #5367, .T. ) ;
#657 = CARTESIAN_POINT ( 'NONE',  ( -3.623771768981410624, 11.00000000000000000, 0.7906542165759592455 ) ) ;
#658 = CARTESIAN_POINT ( 'NONE',  ( -9.194723644760664172, 10.49999999999999645, 0.4807593559471461941 ) ) ;
#659 = DIRECTION ( 'NONE',  ( 0.1714285714285721518, 0.000000000000000000, 0.9851965514038094618 ) ) ;
#660 = ORIENTED_EDGE ( 'NONE', *, *, #2568, .T. ) ;
#661 = CYLINDRICAL_SURFACE ( 'NONE', #1835, 5.499999999999991118 ) ;
#662 = VECTOR ( 'NONE', #621, 1000.000000000000000 ) ;
#663 = ORIENTED_EDGE ( 'NONE', *, *, #4875, .T. ) ;
#664 = DIRECTION ( 'NONE',  ( -0.000000000000000000, 1.000000000000000000, -0.000000000000000000 ) ) ;
#665 = DIRECTION ( 'NONE',  ( -0.000000000000000000, -1.000000000000000000, -0.000000000000000000 ) ) ;
#666 = CIRCLE ( 'NONE', #4385, 3.000000000000002665 ) ;
#667 = LINE ( 'NONE', #117, #4041 ) ;
#668 = CARTESIAN_POINT ( 'NONE',  ( 1.360404262620011240, 10.50000000000000000, -0.04738862622814774689 ) ) ;
#669 = CARTESIAN_POINT ( 'NONE',  ( 11.29729002301003504, 10.50000000000000000, 1.570400566115654373 ) ) ;
#670 = VECTOR ( 'NONE', #5420, 1000.000000000000000 ) ;
#671 = CARTESIAN_POINT ( 'NONE',  ( 10.33402045645364531, 10.49999999999999822, -8.669307838998195237 ) ) ;
#672 = CARTESIAN_POINT ( 'NONE',  ( -5.386567873890002467, 11.00000000000000178, -8.613833298032165686 ) ) ;
#673 = CARTESIAN_POINT ( 'NONE',  ( -14.36513840702688505, 11.00000000000000000, -13.85352298539071114 ) ) ;
#674 = VECTOR ( 'NONE', #2866, 1000.000000000000000 ) ;
#675 = CARTESIAN_POINT ( 'NONE',  ( 12.58086695869342186, 10.99999999999999822, -6.893554023753674542 ) ) ;
#676 = CARTESIAN_POINT ( 'NONE',  ( -7.870821087442518404, 10.50000000000000000, 0.4283511976069412919 ) ) ;
#677 = CARTESIAN_POINT ( 'NONE',  ( -11.41901222787252301, 11.00000000000000000, -8.669307838998195237 ) ) ;
#678 = AXIS2_PLACEMENT_3D ( 'NONE', #1860, #614, #3197 ) ;
#679 = VERTEX_POINT ( 'NONE', #834 ) ;
#680 = EDGE_LOOP ( 'NONE', ( #3567, #1447, #407, #1422 ) ) ;
#681 = CARTESIAN_POINT ( 'NONE',  ( 18.20991521695765059, 10.49999999999999822, -4.542716272865859217 ) ) ;
#682 = CARTESIAN_POINT ( 'NONE',  ( -10.05814648722300930, 11.00000000000000355, -18.21711235634275639 ) ) ;
#683 = CARTESIAN_POINT ( 'NONE',  ( -10.54707766693806725, 11.00000000000000000, 2.575735096875018115 ) ) ;
#684 = EDGE_CURVE ( 'NONE', #5300, #4038, #2446, .T. ) ;
#685 = CARTESIAN_POINT ( 'NONE',  ( 7.661492200555881205, 10.49999999999999645, -9.583070464813991052 ) ) ;
#686 = CARTESIAN_POINT ( 'NONE',  ( -12.60365530491819896, 10.99999999999999822, -1.823151137672665012 ) ) ;
#687 = CARTESIAN_POINT ( 'NONE',  ( -38.48999999999999488, 4.009999999999998899, -15.67000000000001059 ) ) ;
#688 = ADVANCED_FACE ( 'NONE', ( #3399 ), #1315, .T. ) ;
#689 = ORIENTED_EDGE ( 'NONE', *, *, #4510, .T. ) ;
#690 = FACE_OUTER_BOUND ( 'NONE', #514, .T. ) ;
#691 = ORIENTED_EDGE ( 'NONE', *, *, #2699, .T. ) ;
#692 = CARTESIAN_POINT ( 'NONE',  ( -6.761117413613930260, 10.49999999999999822, -10.11855804556955363 ) ) ;
#693 = DIRECTION ( 'NONE',  ( 0.000000000000000000, 1.000000000000000000, 0.000000000000000000 ) ) ;
#694 = FACE_OUTER_BOUND ( 'NONE', #2102, .T. ) ;
#695 = CARTESIAN_POINT ( 'NONE',  ( 49.75000000000000711, -2.499999999999998668, 17.49999999999999645 ) ) ;
#696 = CARTESIAN_POINT ( 'NONE',  ( 1.093975135514910546, 10.49999999999999645, -0.5133383138523842648 ) ) ;
#697 = EDGE_CURVE ( 'NONE', #161, #1902, #2365, .T. ) ;
#698 = CARTESIAN_POINT ( 'NONE',  ( 9.777448197506885208, 10.50000000000000000, 2.337455891084453619 ) ) ;
#699 = CARTESIAN_POINT ( 'NONE',  ( 12.50453501844720705, 10.99999999999999645, -10.60533284150762512 ) ) ;
#700 = CARTESIAN_POINT ( 'NONE',  ( -12.14071860205701903, 10.49999999999999645, -17.33434267920868166 ) ) ;
#701 = VERTEX_POINT ( 'NONE', #2560 ) ;
#702 = CARTESIAN_POINT ( 'NONE',  ( 13.04864765708221519, 10.50000000000000000, -6.158099620611373837 ) ) ;
#703 = CARTESIAN_POINT ( 'NONE',  ( 7.458634494304956064, 11.00000000000000000, -16.10963981524406208 ) ) ;
#704 = VERTEX_POINT ( 'NONE', #4680 ) ;
#705 = VERTEX_POINT ( 'NONE', #4705 ) ;
#706 = CARTESIAN_POINT ( 'NONE',  ( -2.568455840320119865, 11.00000000000000000, -13.14567716645031936 ) ) ;
#707 = CARTESIAN_POINT ( 'NONE',  ( -8.756320845374665041, 10.50000000000000000, -18.36885239456136532 ) ) ;
#708 = CARTESIAN_POINT ( 'NONE',  ( -15.07285742643673210, 10.50000000000000000, -1.251097811937437188 ) ) ;
#709 = CARTESIAN_POINT ( 'NONE',  ( 10.37433128004925820, 10.99999999999999822, -0.8748798890397000427 ) ) ;
#710 = CARTESIAN_POINT ( 'NONE',  ( 7.453381766027657562, 10.49999999999999645, -9.576554100047912854 ) ) ;
#711 = CARTESIAN_POINT ( 'NONE',  ( 13.25138829786542161, 10.49999999999999822, -13.85689754922630001 ) ) ;
#712 = CARTESIAN_POINT ( 'NONE',  ( -54.79441034578853476, 11.00000000000000000, 32.40098421353906843 ) ) ;
#713 = CARTESIAN_POINT ( 'NONE',  ( 10.00763144911634761, 10.50000000000000000, -14.66880848042124619 ) ) ;
#714 = CARTESIAN_POINT ( 'NONE',  ( 4.272409116397310136, 10.99999999999999467, -12.20630241628764701 ) ) ;
#716 = CARTESIAN_POINT ( 'NONE',  ( 0.6587465454557156486, 11.00000000000000178, -1.639276634863753079 ) ) ;
#715 = VECTOR ( 'NONE', #2996, 1000.000000000000000 ) ;
#717 = ADVANCED_FACE ( 'NONE', ( #86 ), #4239, .T. ) ;
#718 = CARTESIAN_POINT ( 'NONE',  ( -8.387477119643211410, 10.49999999999999822, -16.10963981524406208 ) ) ;
#719 = CARTESIAN_POINT ( 'NONE',  ( 13.27765577362804628, 10.49999999999999822, -13.14567716645031936 ) ) ;
#720 = CARTESIAN_POINT ( 'NONE',  ( 0.6587465454557156486, 11.00000000000000178, -1.639276634863753079 ) ) ;
#721 = CARTESIAN_POINT ( 'NONE',  ( -5.471780333898904836, 10.99999999999999822, -0.8748798890397000427 ) ) ;
#722 = PRODUCT_DEFINITION_FORMATION_WITH_SPECIFIED_SOURCE ( '任何', '', #2742, .NOT_KNOWN. ) ;
#723 = CARTESIAN_POINT ( 'NONE',  ( 2.969022327907592462, 11.00000000000000000, -3.556463577811508348 ) ) ;
#724 = CARTESIAN_POINT ( 'NONE',  ( -9.981031170114464501, 10.49999999999999289, -9.946286627115986434 ) ) ;
#725 = EDGE_CURVE ( 'NONE', #2995, #3084, #4812, .T. ) ;
#726 = CARTESIAN_POINT ( 'NONE',  ( 2.965106945503045655, 11.00000000000000178, -3.418711331995527125 ) ) ;
#727 = CARTESIAN_POINT ( 'NONE',  ( -13.95486918633732998, 10.49999999999999645, -11.18542321116952110 ) ) ;
#728 = LINE ( 'NONE', #4939, #851 ) ;
#729 =( LENGTH_UNIT ( ) NAMED_UNIT ( * ) SI_UNIT ( .MILLI., .METRE. ) );
#730 = B_SPLINE_CURVE_WITH_KNOTS ( 'NONE', 3,
 ( #3857, #908, #496, #5173, #2606, #4291, #4700, #1378, #935, #1716, #104, #3885, #1264, #2581, #3803 ),
 .UNSPECIFIED., .F., .F.,
 ( 4, 1, 1, 1, 1, 1, 1, 1, 1, 1, 1, 1, 4 ),
 ( 0.000000000000000000, 0.08109067736245556546, 0.1601764339438525586, 0.2388162051317055667, 0.3186263804358751561, 0.3991842317164751575, 0.4794762106755970921, 0.5613809783239201989, 0.6461064879495128643, 0.7328044657007589668, 0.8198153588020310467, 0.9082263167607932397, 0.9999999999999998890 ),
 .UNSPECIFIED. ) ;
#731 = ORIENTED_EDGE ( 'NONE', *, *, #4050, .F. ) ;
#732 = ORIENTED_EDGE ( 'NONE', *, *, #1324, .T. ) ;
#733 = FACE_BOUND ( 'NONE', #3493, .T. ) ;
#734 = CARTESIAN_POINT ( 'NONE',  ( -13.97191651671246504, 11.00000000000000178, -15.19543275067177568 ) ) ;
#735 = CARTESIAN_POINT ( 'NONE',  ( -14.77585172868704610, 10.50000000000000178, -5.787489614356032597 ) ) ;
#736 = ORIENTED_EDGE ( 'NONE', *, *, #4986, .T. ) ;
#737 = ORIENTED_EDGE ( 'NONE', *, *, #5366, .F. ) ;
#738 = CARTESIAN_POINT ( 'NONE',  ( 9.804840215706233764, 10.50000000000000000, -0.3375758981456742913 ) ) ;
#739 = DIRECTION ( 'NONE',  ( 0.000000000000000000, 0.000000000000000000, -1.000000000000000000 ) ) ;
#740 = B_SPLINE_CURVE_WITH_KNOTS ( 'NONE', 3,
 ( #1392, #1359, #3094, #4793, #975, #1758, #2616, #4767, #3841, #5129, #2675, #540, #2230, #4303, #1305, #4362, #3924, #3950, #1784 ),
 .UNSPECIFIED., .F., .F.,
 ( 4, 1, 1, 1, 1, 1, 1, 1, 1, 1, 1, 1, 1, 1, 1, 1, 4 ),
 ( 0.000000000000000000, 0.06991984567233448800, 0.1372054189840654914, 0.2017638460151232327, 0.2645849827046582448, 0.3263992762502298528, 0.3870105554954119120, 0.4478754524681907712, 0.5096411020608848652, 0.5707677847448894282, 0.6305017923276146075, 0.6893709851241361930, 0.7491395764663526524, 0.8088452733458765254, 0.8700947621460093373, 0.9337299782602210829, 1.000000000000000000 ),
 .UNSPECIFIED. ) ;
#741 = CARTESIAN_POINT ( 'NONE',  ( 24.84783250762195195, 10.49999999999999822, -4.542716272865859217 ) ) ;
#742 = DIRECTION ( 'NONE',  ( -1.000000000000000000, 0.000000000000000000, -0.000000000000000000 ) ) ;
#743 = CARTESIAN_POINT ( 'NONE',  ( 0.8815213355041311427, 10.99999999999999822, -5.390224619109949877 ) ) ;
#744 = ORIENTED_EDGE ( 'NONE', *, *, #2523, .F. ) ;
#745 = CARTESIAN_POINT ( 'NONE',  ( -2.065404677972559888, 11.00000000000000000, -3.285088366996955500 ) ) ;
#746 = CARTESIAN_POINT ( 'NONE',  ( 7.250408963306953503, 10.99999999999999822, -7.307264209827908807 ) ) ;
#747 = CARTESIAN_POINT ( 'NONE',  ( 12.84933172809303947, 11.00000000000000355, -11.20525741977228229 ) ) ;
#748 = LINE ( 'NONE', #3339, #1646 ) ;
#749 = VECTOR ( 'NONE', #836, 1000.000000000000000 ) ;
#750 = CARTESIAN_POINT ( 'NONE',  ( -5.739564857480652371, 11.00000000000000000, -0.5903761576878149286 ) ) ;
#751 = EDGE_CURVE ( 'NONE', #177, #3792, #4399, .T. ) ;
#752 = CARTESIAN_POINT ( 'NONE',  ( -10.94686897816181315, 10.50000000000000000, -14.95024855341479508 ) ) ;
#753 = CARTESIAN_POINT ( 'NONE',  ( -8.606490421893761678, 10.99999999999999467, -9.576572952610067802 ) ) ;
#754 = CARTESIAN_POINT ( 'NONE',  ( 3.112802291017698675, 11.00000000000000533, -2.190147522269449976 ) ) ;
#755 = CARTESIAN_POINT ( 'NONE',  ( 41.75000000000000000, 5.999999999999999112, 8.277109156803622647E-15 ) ) ;
#756 = CYLINDRICAL_SURFACE ( 'NONE', #1734, 2.999999999999999112 ) ;
#757 = CARTESIAN_POINT ( 'NONE',  ( -5.512091157494521276, 10.49999999999999822, -8.669307838998195237 ) ) ;
#758 = AXIS2_PLACEMENT_3D ( 'NONE', #3087, #1018, #3140 ) ;
#759 = EDGE_CURVE ( 'NONE', #5114, #184, #997, .T. ) ;
#760 = CARTESIAN_POINT ( 'NONE',  ( -15.39492011130155191, 10.99999999999999822, -3.142136274207345092 ) ) ;
#761 = ORIENTED_EDGE ( 'NONE', *, *, #2295, .F. ) ;
#762 = ORIENTED_EDGE ( 'NONE', *, *, #3522, .F. ) ;
#763 = LINE ( 'NONE', #2401, #3481 ) ;
#764 = AXIS2_PLACEMENT_3D ( 'NONE', #4493, #2806, #1864 ) ;
#765 = LINE ( 'NONE', #2544, #4813 ) ;
#766 = CARTESIAN_POINT ( 'NONE',  ( -14.96459027844403167, 10.49999999999999645, -5.390224619109948989 ) ) ;
#767 = CARTESIAN_POINT ( 'NONE',  ( -22.08945872027199542, 10.49999999999999822, -8.518246869971722646 ) ) ;
#768 = VECTOR ( 'NONE', #3219, 1000.000000000000000 ) ;
#769 = CARTESIAN_POINT ( 'NONE',  ( 10.62012552902851326, 10.50000000000000000, -1.171297859410754594 ) ) ;
#770 = CIRCLE ( 'NONE', #3161, 3.000000000000002665 ) ;
#771 = CARTESIAN_POINT ( 'NONE',  ( -12.87896691815396011, 10.49999999999999467, -3.274371392944694037 ) ) ;
#772 = CARTESIAN_POINT ( 'NONE',  ( -28.03542093416539771, 11.00000000000000000, 2.499999999999995115 ) ) ;
#773 = LINE ( 'NONE', #3364, #2190 ) ;
#774 = ORIENTED_EDGE ( 'NONE', *, *, #223, .T. ) ;
#775 = CARTESIAN_POINT ( 'NONE',  ( 4.571302967123890504, 10.49999999999999645, -11.31419322818666906 ) ) ;
#776 = CARTESIAN_POINT ( 'NONE',  ( 13.77731743354308236, 10.49999999999999822, -3.429283880952282981 ) ) ;
#777 = CARTESIAN_POINT ( 'NONE',  ( -5.335237233231706178, 10.49999999999999822, -12.85485071321813422 ) ) ;
#778 = FACE_OUTER_BOUND ( 'NONE', #159, .T. ) ;
#779 = CARTESIAN_POINT ( 'NONE',  ( -8.742622840695263520, 11.00000000000000000, -7.309497665777443309 ) ) ;
#780 = DIRECTION ( 'NONE',  ( -0.000000000000000000, 1.000000000000000000, -0.000000000000000000 ) ) ;
#781 = CARTESIAN_POINT ( 'NONE',  ( 3.192967772463436216, 10.99999999999999645, -9.514506369697693700 ) ) ;
#782 = DIRECTION ( 'NONE',  ( -1.000000000000000000, 0.000000000000000000, 0.000000000000000000 ) ) ;
#783 = B_SPLINE_SURFACE_WITH_KNOTS ( 'NONE', 3, 1, ( 
 ( #1444, #3148 ),
 ( #4849, #1026 ),
 ( #2364, #4819 ),
 ( #3668, #4414 ),
 ( #3203, #1051 ),
 ( #2336, #5296 ),
 ( #283, #619 ),
 ( #201, #593 ),
 ( #2285, #1497 ),
 ( #4876, #3978 ),
 ( #2779, #1975 ),
 ( #5318, #4494 ),
 ( #1891, #4466 ),
 ( #3588, #2807 ),
 ( #5266, #1950 ),
 ( #669, #4057 ),
 ( #256, #3231 ),
 ( #4904, #1473 ),
 ( #698, #5348 ),
 ( #3178, #1556 ),
 ( #2754, #643 ),
 ( #4029, #4631 ),
 ( #364, #3370 ) ),
 .UNSPECIFIED., .F., .F., .F.,
 ( 4, 1, 1, 1, 1, 1, 1, 1, 1, 1, 1, 1, 1, 1, 1, 1, 1, 1, 1, 1, 4 ),
 ( 2, 2 ),
 ( 0.000000000000000000, 0.04283503422024807772, 0.08428029696437250307, 0.1253011096378452149, 0.1656233672167559123, 0.2055187223299067556, 0.2452046315699084877, 0.2847356030621589484, 0.3244730239720163834, 0.3640958835607188693, 0.4035673969704451358, 0.4427151151520584693, 0.4823551800457137606, 0.5221288099167459285, 0.5625392816307532851, 0.6038013357034031081, 0.6457733814847522735, 0.7310827546346233552, 0.8177035447951623848, 0.9068485518050651839, 1.000000000000000000 ),
 ( 0.000000000000000000, 1.000000000000000000 ),
 .UNSPECIFIED. ) ;
#784 = CARTESIAN_POINT ( 'NONE',  ( 4.088859907984618403, 11.00000000000000000, -0.5711074751799869453 ) ) ;
#785 = CARTESIAN_POINT ( 'NONE',  ( 4.222734851371947151, 11.00000000000000000, -12.85485071321813422 ) ) ;
#786 = CARTESIAN_POINT ( 'NONE',  ( 41.74999999999999289, 5.999999999999999112, 24.99999999999999289 ) ) ;
#787 = CARTESIAN_POINT ( 'NONE',  ( -12.17526825600815243, 10.49999999999999645, 2.004061591420435384 ) ) ;
#788 = ORIENTED_EDGE ( 'NONE', *, *, #3687, .F. ) ;
#789 = ORIENTED_EDGE ( 'NONE', *, *, #1676, .F. ) ;
#790 = CARTESIAN_POINT ( 'NONE',  ( 10.09079787098468728, 10.49999999999999645, -6.190343134507637401 ) ) ;
#791 = EDGE_CURVE ( 'NONE', #1423, #3054, #4371, .T. ) ;
#792 = CARTESIAN_POINT ( 'NONE',  ( -2.065404677972559888, 10.49999999999999822, -3.285088366996955500 ) ) ;
#793 = CARTESIAN_POINT ( 'NONE',  ( -14.91939998566605396, 11.00000000000000000, -0.8798008395882785937 ) ) ;
#794 = CARTESIAN_POINT ( 'NONE',  ( -11.57481784748402376, 10.49999999999999822, -13.52452755814317698 ) ) ;
#795 = VERTEX_POINT ( 'NONE', #2357 ) ;
#796 = CARTESIAN_POINT ( 'NONE',  ( 10.81513910739269768, 10.49999999999999645, -1.500086236500234982 ) ) ;
#797 =( LENGTH_UNIT ( ) NAMED_UNIT ( * ) SI_UNIT ( .MILLI., .METRE. ) );
#798 = EDGE_CURVE ( 'NONE', #530, #211, #5275, .T. ) ;
#799 = CARTESIAN_POINT ( 'NONE',  ( -6.056930893312736153, 10.49999999999999822, -6.453961277063840818 ) ) ;
#800 = CARTESIAN_POINT ( 'NONE',  ( 24.24227505745256650, 11.00000000000000355, -17.28128198720910191 ) ) ;
#801 = CARTESIAN_POINT ( 'NONE',  ( 49.75000000000000000, -11.00000000000000000, -7.500000000000007105 ) ) ;
#802 = CARTESIAN_POINT ( 'NONE',  ( -54.75000000000000000, 11.00000000000000000, 35.74905993154862927 ) ) ;
#803 = VERTEX_POINT ( 'NONE', #996 ) ;
#804 = CARTESIAN_POINT ( 'NONE',  ( 8.368450886836214409, 10.99999999999999822, -7.158861086473408797 ) ) ;
#805 = CARTESIAN_POINT ( 'NONE',  ( -7.847344155092789819, 10.49999999999999467, -16.05987475837657641 ) ) ;
#806 = CARTESIAN_POINT ( 'NONE',  ( -6.462010978673089490, 11.00000000000000000, -15.38867703849071944 ) ) ;
#807 = CARTESIAN_POINT ( 'NONE',  ( -5.755313742963478418, 10.99999999999999822, -6.190343134507637401 ) ) ;
#808 = CARTESIAN_POINT ( 'NONE',  ( 4.442291244127294370, 10.49999999999999645, -14.13933676921954152 ) ) ;
#809 = CARTESIAN_POINT ( 'NONE',  ( 1.455953458460362393, 10.49999999999999822, -13.14567716645031936 ) ) ;
#810 = CARTESIAN_POINT ( 'NONE',  ( 10.94325904385575221, 10.49999999999999645, 1.789671086262937028 ) ) ;
#811 = CARTESIAN_POINT ( 'NONE',  ( 6.112430006587896258, 10.50000000000000000, -15.88601282060331243 ) ) ;
#812 = CARTESIAN_POINT ( 'NONE',  ( -5.512091157494521276, 10.99999999999999822, -8.669307838998195237 ) ) ;
#813 = CARTESIAN_POINT ( 'NONE',  ( -14.09493533918619512, 11.00000000000000000, 0.4982052945547724154 ) ) ;
#814 = EDGE_LOOP ( 'NONE', ( #1230, #205 ) ) ;
#815 = VECTOR ( 'NONE', #4629, 1000.000000000000000 ) ;
#816 = VERTEX_POINT ( 'NONE', #2799 ) ;
#817 = ORIENTED_EDGE ( 'NONE', *, *, #2381, .T. ) ;
#818 = LINE ( 'NONE', #2513, #4180 ) ;
#819 = CARTESIAN_POINT ( 'NONE',  ( 6.718420684301326773, 11.00000000000000000, -9.625206284393025058 ) ) ;
#820 = CARTESIAN_POINT ( 'NONE',  ( -7.295545767906344459, 10.99999999999999822, -9.811679966736745584 ) ) ;
#821 = DIRECTION ( 'NONE',  ( 0.000000000000000000, 1.000000000000000000, -0.000000000000000000 ) ) ;
#822 = ADVANCED_FACE ( 'NONE', ( #195 ), #661, .F. ) ;
#823 = CARTESIAN_POINT ( 'NONE',  ( -57.75000000000000000, -11.00000000000000000, 32.91526992782479510 ) ) ;
#824 = CARTESIAN_POINT ( 'NONE',  ( -12.01914733564826143, 10.99999999999999645, -0.8514463652335972910 ) ) ;
#825 = CARTESIAN_POINT ( 'NONE',  ( -12.64606983504841509, 10.49999999999999645, -8.077716945080931410 ) ) ;
#826 = CARTESIAN_POINT ( 'NONE',  ( 3.192967772463436216, 10.49999999999999645, -9.514506369697693700 ) ) ;
#827 = DIRECTION ( 'NONE',  ( -0.000000000000000000, -1.000000000000000000, -0.000000000000000000 ) ) ;
#828 = ADVANCED_FACE ( 'NONE', ( #4052 ), #1097, .F. ) ;
#829 = CARTESIAN_POINT ( 'NONE',  ( 4.447222289108902160, 10.50000000000000178, -11.60062177242599724 ) ) ;
#830 = VERTEX_POINT ( 'NONE', #4486 ) ;
#831 = FACE_BOUND ( 'NONE', #302, .T. ) ;
#832 = CARTESIAN_POINT ( 'NONE',  ( -6.462010978673089490, 11.00000000000000000, -15.38867703849071944 ) ) ;
#833 = CARTESIAN_POINT ( 'NONE',  ( 5.106612437560159812, 11.00000000000000000, -15.18795678384889847 ) ) ;
#834 = CARTESIAN_POINT ( 'NONE',  ( 15.28986042301829151, 11.00000000000000000, -4.424813656690648855 ) ) ;
#835 = ADVANCED_FACE ( 'NONE', ( #690 ), #2070, .T. ) ;
#836 = DIRECTION ( 'NONE',  ( 0.000000000000000000, -1.000000000000000000, 0.000000000000000000 ) ) ;
#837 = CARTESIAN_POINT ( 'NONE',  ( -3.265244655254746053, 10.99999999999999822, -6.893554023753674542 ) ) ;
#838 = CARTESIAN_POINT ( 'NONE',  ( 13.45964189847394898, 10.49999999999999822, -1.244302875142191400 ) ) ;
#839 = DIRECTION ( 'NONE',  ( -1.000000000000000000, 0.000000000000000000, 0.000000000000000000 ) ) ;
#840 = CARTESIAN_POINT ( 'NONE',  ( 24.84783250762195195, 11.00000000000000000, 2.499999999999995115 ) ) ;
#841 = CARTESIAN_POINT ( 'NONE',  ( -2.194000561604872335, 10.49999999999999822, -4.564449597647652013 ) ) ;
#842 = ORIENTED_EDGE ( 'NONE', *, *, #254, .T. ) ;
#843 = EDGE_LOOP ( 'NONE', ( #1309, #4969, #2958, #2181, #3045, #2705 ) ) ;
#844 = CARTESIAN_POINT ( 'NONE',  ( 10.36235863807876711, 10.50000000000000178, -5.901698698242014096 ) ) ;
#845 = B_SPLINE_CURVE_WITH_KNOTS ( 'NONE', 3,
 ( #777, #4981, #2474, #2528, #2501, #1997, #2054, #3725, #3753, #5011, #1212, #2918, #5397, #4600, #1606, #4213, #4187, #2415, #4107 ),
 .UNSPECIFIED., .F., .F.,
 ( 4, 1, 1, 1, 1, 1, 1, 1, 1, 1, 1, 1, 1, 1, 1, 1, 4 ),
 ( 0.000000000000000000, 0.06596427035581162168, 0.1300009784614494512, 0.1920551155487432715, 0.2540753498854391168, 0.3144458664363211087, 0.3762720141311185484, 0.4380008896642027527, 0.5017366010006812926, 0.5647945813087883460, 0.6266644515823620587, 0.6873080831125569778, 0.7476337904000011081, 0.8084357606632246451, 0.8706687911889710030, 0.9340357296441886836, 1.000000000000000000 ),
 .UNSPECIFIED. ) ;
#846 = CARTESIAN_POINT ( 'NONE',  ( 7.347154180015002645, 11.00000000000000000, -9.573227896341467869 ) ) ;
#847 = DIRECTION ( 'NONE',  ( 0.000000000000000000, -0.000000000000000000, -1.000000000000000000 ) ) ;
#848 = VERTEX_POINT ( 'NONE', #1602 ) ;
#849 = CARTESIAN_POINT ( 'NONE',  ( -18.92064450234106232, 11.00000000000000178, -15.16109543238831847 ) ) ;
#850 = VERTEX_POINT ( 'NONE', #1176 ) ;
#851 = VECTOR ( 'NONE', #1111, 1000.000000000000000 ) ;
#852 = CARTESIAN_POINT ( 'NONE',  ( 3.131080978571857187, 10.50000000000000178, -16.89031103633968911 ) ) ;
#853 = EDGE_LOOP ( 'NONE', ( #3843, #4013, #2993, #1592 ) ) ;
#854 = CARTESIAN_POINT ( 'NONE',  ( -11.14318827700282277, 11.00000000000000000, -0.1029454054777811378 ) ) ;
#855 = CARTESIAN_POINT ( 'NONE',  ( -7.477660727111952177, 10.49999999999999645, -7.158861086473408797 ) ) ;
#856 = FACE_OUTER_BOUND ( 'NONE', #160, .T. ) ;
#857 = CARTESIAN_POINT ( 'NONE',  ( -24.22482462507748835, 10.99999999999999822, -9.428210680187536497 ) ) ;
#858 = VERTEX_POINT ( 'NONE', #4209 ) ;
#859 = CARTESIAN_POINT ( 'NONE',  ( 6.561345616373960077, 10.50000000000000000, -18.35359544416391842 ) ) ;
#860 = CARTESIAN_POINT ( 'NONE',  ( 3.621661706541555059, 10.99999999999999645, -5.626989188983600343 ) ) ;
#861 = ADVANCED_FACE ( 'NONE', ( #4976 ), #2438, .F. ) ;
#862 = CARTESIAN_POINT ( 'NONE',  ( 10.38225687268623254, 10.49999999999999822, -11.90350887724605222 ) ) ;
#863 = CARTESIAN_POINT ( 'NONE',  ( -2.065404677972559888, 10.49999999999999822, -3.285088366996955500 ) ) ;
#864 = CARTESIAN_POINT ( 'NONE',  ( -2.599744469298208571, 10.49999999999999645, -5.773079072421753999 ) ) ;
#865 = EDGE_CURVE ( 'NONE', #441, #5006, #773, .T. ) ;
#866 = CARTESIAN_POINT ( 'NONE',  ( 12.72665353876420724, 10.49999999999999822, 0.1749221086699805083 ) ) ;
#867 = LINE ( 'NONE', #5046, #4745 ) ;
#868 = CARTESIAN_POINT ( 'NONE',  ( 11.25207311314773762, 10.49999999999999645, -2.999630454844111060 ) ) ;
#869 = ORIENTED_EDGE ( 'NONE', *, *, #4024, .F. ) ;
#870 = ORIENTED_EDGE ( 'NONE', *, *, #3986, .T. ) ;
#871 = CARTESIAN_POINT ( 'NONE',  ( 11.26545112423780104, 10.49999999999999822, -3.418711331995527125 ) ) ;
#872 = CARTESIAN_POINT ( 'NONE',  ( 13.77507977711571208, 11.00000000000000000, -2.857185568690649546 ) ) ;
#873 = CARTESIAN_POINT ( 'NONE',  ( -5.566476983095999032, 11.00000000000000000, -11.60747603100392489 ) ) ;
#874 = CARTESIAN_POINT ( 'NONE',  ( -11.62337676257621943, 10.99999999999999645, -12.85485071321813422 ) ) ;
#875 = ORIENTED_EDGE ( 'NONE', *, *, #1807, .T. ) ;
#876 = CARTESIAN_POINT ( 'NONE',  ( -15.24592761949709008, 11.00000000000000000, -4.574844915785840627 ) ) ;
#877 = EDGE_LOOP ( 'NONE', ( #430, #1487, #5037, #2213, #3485, #2037, #3878 ) ) ;
#878 = DIRECTION ( 'NONE',  ( -0.000000000000000000, 1.000000000000000000, -0.000000000000000000 ) ) ;
#879 = CARTESIAN_POINT ( 'NONE',  ( 4.283558240596099687, 10.49999999999999822, -8.613464506054816283 ) ) ;
#880 = B_SPLINE_CURVE_WITH_KNOTS ( 'NONE', 3,
 ( #3757, #3784, #5463, #2977, #2448, #3344, #1585, #2477, #3371, #4190, #5401, #1670, #3400, #808, #1215, #4603, #5042, #2085, #5015 ),
 .UNSPECIFIED., .F., .F.,
 ( 4, 1, 1, 1, 1, 1, 1, 1, 1, 1, 1, 1, 1, 1, 1, 1, 4 ),
 ( 0.000000000000000000, 0.06545137439270624913, 0.1283012966323240911, 0.1898461666692817518, 0.2501582250180908740, 0.3096868125099236368, 0.3701593555817414005, 0.4311853091140627203, 0.4933958659505226496, 0.5562891445974094129, 0.6182655696068304341, 0.6792766321014257480, 0.7402876945960213950, 0.8025566468366116535, 0.8663773370865411882, 0.9322162741114030649, 1.000000000000000000 ),
 .UNSPECIFIED. ) ;
#881 = DIRECTION ( 'NONE',  ( 0.000000000000000000, 0.000000000000000000, -1.000000000000000000 ) ) ;
#882 = CARTESIAN_POINT ( 'NONE',  ( -6.051164788910694092, 10.99999999999999645, -10.78670423515860044 ) ) ;
#883 = ORIENTED_EDGE ( 'NONE', *, *, #1747, .T. ) ;
#884 = CARTESIAN_POINT ( 'NONE',  ( 47.74999999999997868, 11.00000000000000000, 47.49999999999999289 ) ) ;
#885 = CARTESIAN_POINT ( 'NONE',  ( 4.133744927904282385, 11.00000000000000000, -6.213759792962592066 ) ) ;
#886 = CARTESIAN_POINT ( 'NONE',  ( -5.030972506555469792, 10.99999999999999645, -1.500086236500234982 ) ) ;
#887 = ADVANCED_FACE ( 'NONE', ( #1662 ), #3412, .T. ) ;
#888 = CARTESIAN_POINT ( 'NONE',  ( 49.75000000000000711, -11.00000000000000000, 22.99999999999999289 ) ) ;
#889 = DIRECTION ( 'NONE',  ( -0.000000000000000000, -1.000000000000000000, -0.000000000000000000 ) ) ;
#890 = CARTESIAN_POINT ( 'NONE',  ( -10.00002495385673207, 10.50000000000000000, -7.163151700223890472 ) ) ;
#891 = DIRECTION ( 'NONE',  ( -0.000000000000000000, 1.000000000000000000, -0.000000000000000000 ) ) ;
#892 = CARTESIAN_POINT ( 'NONE',  ( -9.598673600722777977, 10.99999999999999289, -7.249785751429267400 ) ) ;
#893 = EDGE_CURVE ( 'NONE', #1428, #4253, #2158, .T. ) ;
#894 = CARTESIAN_POINT ( 'NONE',  ( -18.16304187309451024, 10.49999999999999822, -16.55306277391387937 ) ) ;
#895 = ORIENTED_EDGE ( 'NONE', *, *, #560, .T. ) ;
#896 = ORIENTED_EDGE ( 'NONE', *, *, #3855, .F. ) ;
#897 = CARTESIAN_POINT ( 'NONE',  ( 10.97628622523936670, 10.99999999999998401, -4.933993113885452253 ) ) ;
#898 = CIRCLE ( 'NONE', #4003, 3.300000000000011369 ) ;
#899 = FACE_OUTER_BOUND ( 'NONE', #3014, .T. ) ;
#900 = CARTESIAN_POINT ( 'NONE',  ( -8.742622840695263520, 10.49999999999999822, 0.4877953506097513769 ) ) ;
#901 = ORIENTED_EDGE ( 'NONE', *, *, #2891, .F. ) ;
#902 = CARTESIAN_POINT ( 'NONE',  ( -4.548821590938133319, 10.50000000000000000, 1.570400566115654373 ) ) ;
#903 = VERTEX_POINT ( 'NONE', #80 ) ;
#904 = EDGE_LOOP ( 'NONE', ( #3759, #1011, #1149, #3989 ) ) ;
#905 = CARTESIAN_POINT ( 'NONE',  ( 5.787965126725159060, 10.49999999999999822, -18.21711235634275639 ) ) ;
#906 = CARTESIAN_POINT ( 'NONE',  ( -8.498957433933163941, 11.00000000000000000, -16.11289300685976400 ) ) ;
#907 = CARTESIAN_POINT ( 'NONE',  ( 0.7243623407757943111, 10.49999999999999822, -4.987244201571611413 ) ) ;
#908 = CARTESIAN_POINT ( 'NONE',  ( 1.464362679009109103, 11.00000000000000000, -13.38358649696485081 ) ) ;
#909 = CARTESIAN_POINT ( 'NONE',  ( -23.02224924801662098, 10.99999999999999822, -11.94063450261697490 ) ) ;
#910 = EDGE_LOOP ( 'NONE', ( #4676, #2212, #2240, #198 ) ) ;
#911 = CARTESIAN_POINT ( 'NONE',  ( -5.755313742963478418, 10.49999999999999645, -6.190343134507637401 ) ) ;
#912 = CARTESIAN_POINT ( 'NONE',  ( 6.704019350839005575, 10.99999999999999822, -16.05848412436290928 ) ) ;
#913 = CARTESIAN_POINT ( 'NONE',  ( 10.50131983128893864, 10.49999999999999822, -12.52869625213068616 ) ) ;
#914 = CARTESIAN_POINT ( 'NONE',  ( 20.37853921368578369, 10.49999999999999822, -11.00427609264956530 ) ) ;
#915 = B_SPLINE_CURVE_WITH_KNOTS ( 'NONE', 3,
 ( #3496, #2689, #3135, #1014, #131, #4375, #1827, #2324, #1854, #934, #2633 ),
 .UNSPECIFIED., .F., .F.,
 ( 4, 1, 1, 1, 1, 1, 1, 1, 4 ),
 ( 0.000000000000000000, 0.1355607305809377328, 0.2666143136119718537, 0.3937587845813598775, 0.5199214895006873949, 0.6432810940245111686, 0.7624754540508218437, 0.8804800829043205601, 1.000000000000000000 ),
 .UNSPECIFIED. ) ;
#916 = CARTESIAN_POINT ( 'NONE',  ( -11.98865984813064323, 11.00000000000000178, -5.934184098917836714 ) ) ;
#917 = B_SPLINE_SURFACE_WITH_KNOTS ( 'NONE', 3, 1, ( 
 ( #5322, #2732 ),
 ( #3619, #2420 ),
 ( #1525, #2809 ),
 ( #4005, #4878 ),
 ( #4030, #4495 ),
 ( #3179, #699 ),
 ( #4059, #4467 ),
 ( #2393, #4085 ),
 ( #257, #5349 ),
 ( #285, #3590 ),
 ( #671, #3669 ) ),
 .UNSPECIFIED., .F., .F., .F.,
 ( 4, 1, 1, 1, 1, 1, 1, 1, 4 ),
 ( 2, 2 ),
 ( 0.000000000000000000, 0.1177802745702745679, 0.2355024085973924097, 0.3541925801242353233, 0.4772718442520123561, 0.6035651148044751668, 0.7306535158806914954, 0.8630173949212399664, 0.9999999999999998890 ),
 ( 0.000000000000000000, 1.000000000000000000 ),
 .UNSPECIFIED. ) ;
#918 = CARTESIAN_POINT ( 'NONE',  ( -38.48999999999999488, 4.009999999999998899, -15.67000000000001059 ) ) ;
#919 = CARTESIAN_POINT ( 'NONE',  ( -2.568455840320119865, 10.49999999999999822, -13.14567716645031936 ) ) ;
#920 = CARTESIAN_POINT ( 'NONE',  ( 21.90256619818814698, 10.50000000000000000, -9.514808364615584324 ) ) ;
#921 = CARTESIAN_POINT ( 'NONE',  ( 5.100672076529789045, 10.99999999999999645, -6.887813572423906905 ) ) ;
#922 = ORIENTED_EDGE ( 'NONE', *, *, #4429, .T. ) ;
#923 = VERTEX_POINT ( 'NONE', #28 ) ;
#924 = LINE ( 'NONE', #600, #2239 ) ;
#925 = CARTESIAN_POINT ( 'NONE',  ( -11.41901222787252301, 10.49999999999999822, -8.669307838998195237 ) ) ;
#926 = CARTESIAN_POINT ( 'NONE',  ( 10.38688657633567836, 10.49999999999999822, -17.71235908147223626 ) ) ;
#927 = ADVANCED_FACE ( 'NONE', ( #2191 ), #4238, .F. ) ;
#928 = CARTESIAN_POINT ( 'NONE',  ( -24.97592700357966322, 11.00000000000000355, 0.5658191600452825432 ) ) ;
#929 = AXIS2_PLACEMENT_3D ( 'NONE', #918, #592, #3427 ) ;
#930 = ORIENTED_EDGE ( 'NONE', *, *, #2622, .F. ) ;
#931 = ORIENTED_EDGE ( 'NONE', *, *, #5293, .F. ) ;
#932 = DIRECTION ( 'NONE',  ( -1.000000000000000000, 0.000000000000000000, 2.168404344971008128E-16 ) ) ;
#933 = CARTESIAN_POINT ( 'NONE',  ( -11.46323292880056499, 11.00000000000000533, -0.3207411193410641403 ) ) ;
#934 = CARTESIAN_POINT ( 'NONE',  ( -14.38027298795089060, 10.50000000000000000, -12.92080182030208135 ) ) ;
#935 = CARTESIAN_POINT ( 'NONE',  ( 3.705393011891144450, 10.99999999999999645, -17.33434267920867455 ) ) ;
#936 = CIRCLE ( 'NONE', #1557, 5.499999999999991118 ) ;
#937 = CARTESIAN_POINT ( 'NONE',  ( -8.498957433933163941, 10.49999999999999822, -9.573227896341467869 ) ) ;
#938 = ORIENTED_EDGE ( 'NONE', *, *, #4252, .F. ) ;
#939 = CARTESIAN_POINT ( 'NONE',  ( -4.592525599395520075, 10.49999999999999822, -3.817359553621924029 ) ) ;
#940 = FACE_OUTER_BOUND ( 'NONE', #1252, .T. ) ;
#941 = VECTOR ( 'NONE', #2417, 1000.000000000000000 ) ;
#942 = CARTESIAN_POINT ( 'NONE',  ( 6.400225253411638171, 10.50000000000000000, -15.98992857458341277 ) ) ;
#943 = CARTESIAN_POINT ( 'NONE',  ( -6.364707011504040501, 10.99999999999999822, -0.1156209270726399618 ) ) ;
#944 = FACE_BOUND ( 'NONE', #4596, .T. ) ;
#945 = CARTESIAN_POINT ( 'NONE',  ( -12.86937597265809607, 10.99999999999999822, -3.827835855493607831 ) ) ;
#946 = CARTESIAN_POINT ( 'NONE',  ( 5.802697162480762394, 10.49999999999999467, 0.3474155163753753217 ) ) ;
#947 = CARTESIAN_POINT ( 'NONE',  ( 13.24636714464995535, 10.99999999999999822, -5.773079072421753999 ) ) ;
#948 = CARTESIAN_POINT ( 'NONE',  ( -12.59162148539153492, 11.00000000000000000, -4.963278338001708256 ) ) ;
#949 = CARTESIAN_POINT ( 'NONE',  ( 27.36308831935975405, 10.49999999999999822, -2.278986042301834214 ) ) ;
#950 = ORIENTED_EDGE ( 'NONE', *, *, #4648, .F. ) ;
#951 = ORIENTED_EDGE ( 'NONE', *, *, #3952, .F. ) ;
#952 = EDGE_LOOP ( 'NONE', ( #2963, #4689 ) ) ;
#953 = CARTESIAN_POINT ( 'NONE',  ( -5.681376446394605928, 10.49999999999999645, -14.40015122741312403 ) ) ;
#954 = LINE ( 'NONE', #3101, #221 ) ;
#955 = CARTESIAN_POINT ( 'NONE',  ( -12.44799840506433597, 10.50000000000000000, -1.475357951040890070 ) ) ;
#956 = CARTESIAN_POINT ( 'NONE',  ( -24.77406879691169550, 10.49999999999999645, -8.206274917363977295 ) ) ;
#957 = ORIENTED_EDGE ( 'NONE', *, *, #5253, .T. ) ;
#958 = ORIENTED_EDGE ( 'NONE', *, *, #2122, .F. ) ;
#959 = EDGE_CURVE ( 'NONE', #2400, #2957, #730, .T. ) ;
#960 = CARTESIAN_POINT ( 'NONE',  ( 6.561345616373960077, 10.50000000000000000, -18.35359544416391842 ) ) ;
#961 = DIRECTION ( 'NONE',  ( 0.000000000000000000, 0.000000000000000000, 1.000000000000000000 ) ) ;
#962 = CARTESIAN_POINT ( 'NONE',  ( -10.54707766693806725, 10.49999999999999822, 2.575735096875018115 ) ) ;
#963 = DIRECTION ( 'NONE',  ( 0.000000000000000000, -1.000000000000000000, 0.000000000000000000 ) ) ;
#964 = EDGE_CURVE ( 'NONE', #3833, #2575, #4321, .T. ) ;
#965 = CARTESIAN_POINT ( 'NONE',  ( -6.761117413613930260, 10.99999999999999645, -10.11855804556955363 ) ) ;
#966 = ORIENTED_EDGE ( 'NONE', *, *, #284, .T. ) ;
#967 = CARTESIAN_POINT ( 'NONE',  ( -4.869825388708792779, 10.49999999999999289, -4.933993113885452253 ) ) ;
#968 = DIRECTION ( 'NONE',  ( -1.000000000000000000, 0.000000000000000000, 2.168404344971007882E-16 ) ) ;
#969 = DIRECTION ( 'NONE',  ( 0.000000000000000000, -1.000000000000000000, 0.000000000000000000 ) ) ;
#970 = CARTESIAN_POINT ( 'NONE',  ( -4.585179719543980958, 10.49999999999999822, -3.277141498485124593 ) ) ;
#971 = CARTESIAN_POINT ( 'NONE',  ( 24.84783250762195195, 11.00000000000000000, 2.499999999999995115 ) ) ;
#972 = CARTESIAN_POINT ( 'NONE',  ( -11.41318491272697777, 10.49999999999999645, -6.472748947987427393 ) ) ;
#973 = LINE ( 'NONE', #4359, #4918 ) ;
#974 = DIRECTION ( 'NONE',  ( 0.000000000000000000, 1.000000000000000000, 0.000000000000000000 ) ) ;
#975 = CARTESIAN_POINT ( 'NONE',  ( 8.382432723667818664, 10.99999999999999645, 0.3407731624115371560 ) ) ;
#976 = CARTESIAN_POINT ( 'NONE',  ( -12.22444990740661197, 11.00000000000000178, -5.626989188983602119 ) ) ;
#977 = CARTESIAN_POINT ( 'NONE',  ( -22.59494456507700733, 10.49999999999999822, -7.268319548273414199 ) ) ;
#978 = ORIENTED_EDGE ( 'NONE', *, *, #4217, .T. ) ;
#979 = EDGE_LOOP ( 'NONE', ( #69, #4474, #1900, #4335 ) ) ;
#980 = CARTESIAN_POINT ( 'NONE',  ( -5.335237233231706178, 11.00000000000000000, -12.85485071321813422 ) ) ;
#981 = DIRECTION ( 'NONE',  ( 1.000000000000000000, -0.000000000000000000, 0.000000000000000000 ) ) ;
#982 = CARTESIAN_POINT ( 'NONE',  ( -12.73330932293047368, 10.50000000000000000, -2.190147522269449532 ) ) ;
#983 = CARTESIAN_POINT ( 'NONE',  ( -27.99048182774293636, 11.00000000000000000, 2.190471945977837009 ) ) ;
#984 = ORIENTED_EDGE ( 'NONE', *, *, #2217, .F. ) ;
#985 = ORIENTED_EDGE ( 'NONE', *, *, #4446, .F. ) ;
#986 = CARTESIAN_POINT ( 'NONE',  ( 30.38139529344512013, 10.49999999999999822, -4.542716272865859217 ) ) ;
#987 = CARTESIAN_POINT ( 'NONE',  ( 5.465028481096077861, 10.49999999999999822, -7.040589984691776770 ) ) ;
#988 = AXIS2_PLACEMENT_3D ( 'NONE', #3241, #2066, #4586 ) ;
#989 = EDGE_CURVE ( 'NONE', #3299, #4023, #3052, .T. ) ;
#990 = ORIENTED_EDGE ( 'NONE', *, *, #1492, .F. ) ;
#991 = LINE ( 'NONE', #4836, #4312 ) ;
#992 = LINE ( 'NONE', #1351, #1069 ) ;
#993 = CARTESIAN_POINT ( 'NONE',  ( -24.22482462507748835, 10.49999999999999645, -9.428210680187536497 ) ) ;
#994 = CARTESIAN_POINT ( 'NONE',  ( 22.22337166163041999, 10.49999999999999822, -13.80869067889773127 ) ) ;
#995 = EDGE_CURVE ( 'NONE', #402, #4714, #5481, .T. ) ;
#996 = CARTESIAN_POINT ( 'NONE',  ( -20.92982326600609966, 11.00000000000000000, -15.86136742568598024 ) ) ;
#997 = B_SPLINE_CURVE_WITH_KNOTS ( 'NONE', 3,
 ( #5236, #3115, #2279, #4434, #4380, #3223, #1438, #4409, #1967, #3634, #4787 ),
 .UNSPECIFIED., .F., .F.,
 ( 4, 1, 1, 1, 1, 1, 1, 1, 4 ),
 ( 0.000000000000000000, 0.1177802745702745679, 0.2355024085973924097, 0.3541925801242353233, 0.4772718442520123561, 0.6035651148044751668, 0.7306535158806914954, 0.8630173949212399664, 0.9999999999999998890 ),
 .UNSPECIFIED. ) ;
#998 = CARTESIAN_POINT ( 'NONE',  ( -54.34590815421461940, -11.00000000000000000, 32.32294284212485991 ) ) ;
#999 = CARTESIAN_POINT ( 'NONE',  ( -5.335237233231706178, 10.49999999999999822, -12.85485071321813422 ) ) ;
#1000 = DIRECTION ( 'NONE',  ( -0.000000000000000000, -1.000000000000000000, -0.000000000000000000 ) ) ;
#1001 = CARTESIAN_POINT ( 'NONE',  ( 1.455953458460362393, 10.49999999999999822, -13.14567716645031936 ) ) ;
#1002 = CARTESIAN_POINT ( 'NONE',  ( -3.733676603561325358, 10.49999999999999822, -16.39568747576701568 ) ) ;
#1003 = CARTESIAN_POINT ( 'NONE',  ( 49.75000000000000000, -11.00000000000000000, -7.500000000000007105 ) ) ;
#1004 = CYLINDRICAL_SURFACE ( 'NONE', #2879, 5.499999999999991118 ) ;
#1005 = VERTEX_POINT ( 'NONE', #1689 ) ;
#1006 = ORIENTED_EDGE ( 'NONE', *, *, #1360, .F. ) ;
#1007 = DIRECTION ( 'NONE',  ( -0.000000000000000000, 1.000000000000000000, -0.000000000000000000 ) ) ;
#1008 = CARTESIAN_POINT ( 'NONE',  ( 9.825525027389616639, 10.49999999999999822, -14.92827785346135805 ) ) ;
#1009 = CARTESIAN_POINT ( 'NONE',  ( 27.36308831935975405, 11.00000000000000000, 2.499999999999995115 ) ) ;
#1010 = CARTESIAN_POINT ( 'NONE',  ( -25.26863954125381184, 10.49999999999999822, 2.499999999999995115 ) ) ;
#1011 = ORIENTED_EDGE ( 'NONE', *, *, #3577, .F. ) ;
#1012 = ORIENTED_EDGE ( 'NONE', *, *, #1370, .F. ) ;
#1013 = FACE_OUTER_BOUND ( 'NONE', #1718, .T. ) ;
#1014 = CARTESIAN_POINT ( 'NONE',  ( -12.65314384148473259, 10.50000000000000178, -9.514506369697697252 ) ) ;
#1015 = CYLINDRICAL_SURFACE ( 'NONE', #3695, 5.499999999999991118 ) ;
#1016 = DIRECTION ( 'NONE',  ( -0.6246950475544245096, 0.000000000000000000, -0.7808688094430301652 ) ) ;
#1017 = LINE ( 'NONE', #192, #326 ) ;
#1018 = DIRECTION ( 'NONE',  ( -0.000000000000000000, -1.000000000000000000, -0.000000000000000000 ) ) ;
#1019 = CARTESIAN_POINT ( 'NONE',  ( 49.75000000000000000, -11.00000000000000000, -7.500000000000007105 ) ) ;
#1020 = CARTESIAN_POINT ( 'NONE',  ( -5.335237233231706178, 10.49999999999999822, -12.85485071321813422 ) ) ;
#1021 = DIRECTION ( 'NONE',  ( 0.8899887307065212916, -0.000000000000000000, -0.4559825207345069575 ) ) ;
#1022 = VECTOR ( 'NONE', #3615, 1000.000000000000000 ) ;
#1023 = EDGE_CURVE ( 'NONE', #701, #1240, #2132, .T. ) ;
#1024 = CARTESIAN_POINT ( 'NONE',  ( -3.623771768981410624, 10.49999999999999822, 0.7906542165759592455 ) ) ;
#1025 = CARTESIAN_POINT ( 'NONE',  ( 2.949708013205909474, 10.50000000000000000, 1.584561690811186585 ) ) ;
#1026 = CARTESIAN_POINT ( 'NONE',  ( 13.77881070882440540, 10.99999999999999645, -3.140894658515251514 ) ) ;
#1027 = VECTOR ( 'NONE', #881, 1000.000000000000000 ) ;
#1028 = CARTESIAN_POINT ( 'NONE',  ( -9.445886360536528414, 10.99999999999999645, -15.98992857458341277 ) ) ;
#1029 = DIRECTION ( 'NONE',  ( 0.000000000000000000, -1.000000000000000000, 0.000000000000000000 ) ) ;
#1030 = ORIENTED_EDGE ( 'NONE', *, *, #3674, .F. ) ;
#1031 = EDGE_CURVE ( 'NONE', #1937, #1506, #4649, .T. ) ;
#1032 = EDGE_LOOP ( 'NONE', ( #1115, #1761, #3353, #1452 ) ) ;
#1033 = VECTOR ( 'NONE', #103, 1000.000000000000000 ) ;
#1034 = CARTESIAN_POINT ( 'NONE',  ( 13.72753486357756358, 10.49999999999999645, -4.144136120452284189 ) ) ;
#1035 = CARTESIAN_POINT ( 'NONE',  ( -11.27480864682426898, 10.99999999999999645, -11.31419322818666906 ) ) ;
#1036 = CARTESIAN_POINT ( 'NONE',  ( -2.576805668662500270, 10.49999999999999822, -12.92470387074477323 ) ) ;
#1037 = EDGE_LOOP ( 'NONE', ( #3549, #3612, #2247, #2013 ) ) ;
#1038 = ORIENTED_EDGE ( 'NONE', *, *, #5127, .F. ) ;
#1039 = CARTESIAN_POINT ( 'NONE',  ( -2.594723316082743203, 11.00000000000000000, -13.85689754922630001 ) ) ;
#1040 = CARTESIAN_POINT ( 'NONE',  ( 44.25000000000001421, 5.999999999999999112, -42.50000000000000711 ) ) ;
#1041 = CARTESIAN_POINT ( 'NONE',  ( -35.95000000000000995, -11.00000000000000000, 15.56538618988488665 ) ) ;
#1042 = CARTESIAN_POINT ( 'NONE',  ( -6.068663416441282266, 11.00000000000000178, 2.337455891084453619 ) ) ;
#1043 = CARTESIAN_POINT ( 'NONE',  ( 7.358944441632523592, 10.49999999999999822, -18.37662323742378234 ) ) ;
#1044 = CARTESIAN_POINT ( 'NONE',  ( 13.26930594528566765, 10.49999999999999822, -12.92470387074477323 ) ) ;
#1045 = CARTESIAN_POINT ( 'NONE',  ( 0.8815213355041311427, 10.49999999999999645, -5.390224619109949877 ) ) ;
#1046 = EDGE_LOOP ( 'NONE', ( #2556, #3125 ) ) ;
#1047 = CARTESIAN_POINT ( 'NONE',  ( 15.28986042301829151, 10.49999999999999822, -2.278986042301834214 ) ) ;
#1048 = DIRECTION ( 'NONE',  ( 1.982541115402065110E-16, 0.000000000000000000, -1.000000000000000000 ) ) ;
#1049 = CARTESIAN_POINT ( 'NONE',  ( -2.179026292923159858, 10.99999999999999645, -2.029039817531657075 ) ) ;
#1050 = PLANE ( 'NONE',  #764 ) ;
#1051 = CARTESIAN_POINT ( 'NONE',  ( 13.66708532102500762, 10.99999999999999645, -2.029039817531657075 ) ) ;
#1052 = ADVANCED_FACE ( 'NONE', ( #856 ), #3804, .T. ) ;
#1053 = LINE ( 'NONE', #2755, #58 ) ;
#1054 = CARTESIAN_POINT ( 'NONE',  ( -9.707433259244531598, 10.99999999999999645, -9.812354233471436871 ) ) ;
#1055 = ORIENTED_EDGE ( 'NONE', *, *, #1023, .T. ) ;
#1056 = CARTESIAN_POINT ( 'NONE',  ( -12.65314384148473259, 11.00000000000000355, -9.514506369697697252 ) ) ;
#1057 = CARTESIAN_POINT ( 'NONE',  ( 7.677205604513299697, 11.00000000000000178, -16.10326152587798276 ) ) ;
#1058 = CARTESIAN_POINT ( 'NONE',  ( -12.25842577412010925, 11.00000000000000178, -8.306008765541390559 ) ) ;
#1059 = EDGE_CURVE ( 'NONE', #4715, #4942, #2690, .T. ) ;
#1060 = EDGE_LOOP ( 'NONE', ( #3472, #1278, #4169, #1869 ) ) ;
#1061 = ORIENTED_EDGE ( 'NONE', *, *, #3881, .F. ) ;
#1062 = FACE_OUTER_BOUND ( 'NONE', #1868, .T. ) ;
#1063 = CARTESIAN_POINT ( 'NONE',  ( 7.250408963306953503, 10.49999999999999645, -7.307264209827908807 ) ) ;
#1064 = CARTESIAN_POINT ( 'NONE',  ( -11.56255337335206512, 10.49999999999999645, -8.613464506054814507 ) ) ;
#1065 = CARTESIAN_POINT ( 'NONE',  ( -2.568455840320119865, 10.49999999999999822, -13.14567716645031936 ) ) ;
#1066 = ORIENTED_EDGE ( 'NONE', *, *, #3242, .T. ) ;
#1067 = CARTESIAN_POINT ( 'NONE',  ( -46.49000000000000199, -11.00000000000000000, -44.49999999999999289 ) ) ;
#1068 = CARTESIAN_POINT ( 'NONE',  ( -12.25461502238770883, 10.50000000000000000, -1.149428727915372761 ) ) ;
#1069 = VECTOR ( 'NONE', #3530, 1000.000000000000000 ) ;
#1070 = CARTESIAN_POINT ( 'NONE',  ( 16.59789541151695857, 10.99999999999999822, -5.931793051808491590 ) ) ;
#1071 = CARTESIAN_POINT ( 'NONE',  ( -2.751567427113530417, 10.49999999999999645, -11.83437446225390488 ) ) ;
#1072 = VERTEX_POINT ( 'NONE', #3553 ) ;
#1073 = AXIS2_PLACEMENT_3D ( 'NONE', #4503, #294, #4040 ) ;
#1074 = CARTESIAN_POINT ( 'NONE',  ( 49.75000000000000711, -11.00000000000000000, 17.49999999999999645 ) ) ;
#1075 = CARTESIAN_POINT ( 'NONE',  ( 11.40325453403117173, 10.49999999999999645, -8.071723750062846037 ) ) ;
#1076 = CARTESIAN_POINT ( 'NONE',  ( -2.533144959136018670, 10.49999999999999467, -0.8709275102663519563 ) ) ;
#1077 = CARTESIAN_POINT ( 'NONE',  ( 5.299033947010094892, 10.99999999999999645, 2.575735096875017671 ) ) ;
#1078 = CARTESIAN_POINT ( 'NONE',  ( -9.423072251087617701, 10.50000000000000178, -9.706173168869375090 ) ) ;
#1079 = CARTESIAN_POINT ( 'NONE',  ( 57.75000000000000000, 11.00000000000000000, 27.49999999999999645 ) ) ;
#1080 = CARTESIAN_POINT ( 'NONE',  ( -5.137018976569611262, 10.50000000000000000, -8.503546105649242293 ) ) ;
#1081 = CARTESIAN_POINT ( 'NONE',  ( -24.77406879691169550, 10.99999999999999822, -8.206274917363977295 ) ) ;
#1082 = EDGE_CURVE ( 'NONE', #3106, #5423, #991, .T. ) ;
#1083 = CARTESIAN_POINT ( 'NONE',  ( 12.58086695869342186, 10.49999999999999822, -6.893554023753674542 ) ) ;
#1084 = CARTESIAN_POINT ( 'NONE',  ( 9.615112078270710683, 11.00000000000000178, -15.16821815523729633 ) ) ;
#1085 = FACE_OUTER_BOUND ( 'NONE', #1932, .T. ) ;
#1086 = ORIENTED_EDGE ( 'NONE', *, *, #1434, .T. ) ;
#1087 = ORIENTED_EDGE ( 'NONE', *, *, #3248, .F. ) ;
#1088 = CARTESIAN_POINT ( 'NONE',  ( 21.07667177042831952, 10.49999999999999822, -8.319138786751897996 ) ) ;
#1089 = EDGE_CURVE ( 'NONE', #3379, #5056, #4807, .T. ) ;
#1090 = CARTESIAN_POINT ( 'NONE',  ( 24.84783250762195195, 10.49999999999999822, -2.278986042301834214 ) ) ;
#1091 = CARTESIAN_POINT ( 'NONE',  ( -9.658553313448146938, 10.99999999999999822, 2.727345557421958055 ) ) ;
#1092 = DIRECTION ( 'NONE',  ( -0.000000000000000000, 1.000000000000000000, -0.000000000000000000 ) ) ;
#1093 = CARTESIAN_POINT ( 'NONE',  ( -5.402811567957675365, 11.00000000000000355, 2.058178148227592708 ) ) ;
#1094 = EDGE_CURVE ( 'NONE', #317, #1005, #3604, .T. ) ;
#1095 = CARTESIAN_POINT ( 'NONE',  ( -10.79826498245683020, 11.00000000000000000, 0.07818082849657750910 ) ) ;
#1096 = PLANE ( 'NONE',  #1106 ) ;
#1097 = CYLINDRICAL_SURFACE ( 'NONE', #2103, 3.300000000000004263 ) ;
#1098 = AXIS2_PLACEMENT_3D ( 'NONE', #914, #1388, #2643 ) ;
#1099 = CARTESIAN_POINT ( 'NONE',  ( 49.75000000000000000, -11.00000000000000000, -32.50000000000000711 ) ) ;
#1100 = EDGE_LOOP ( 'NONE', ( #744, #2498, #1482, #3853 ) ) ;
#1101 = LINE ( 'NONE', #4026, #4091 ) ;
#1102 = DIRECTION ( 'NONE',  ( 0.000000000000000000, 0.000000000000000000, -1.000000000000000000 ) ) ;
#1103 = DIRECTION ( 'NONE',  ( -0.000000000000000000, 1.000000000000000000, -0.000000000000000000 ) ) ;
#1104 = CARTESIAN_POINT ( 'NONE',  ( -43.49000000000000199, 11.00000000000000000, -47.50000000000000711 ) ) ;
#1105 = CARTESIAN_POINT ( 'NONE',  ( -8.606490421893761678, 10.49999999999999645, -9.576572952610067802 ) ) ;
#1106 = AXIS2_PLACEMENT_3D ( 'NONE', #4534, #3720, #742 ) ;
#1107 = CARTESIAN_POINT ( 'NONE',  ( 2.965106945503045655, 11.00000000000000000, -3.418711331995527125 ) ) ;
#1108 = CARTESIAN_POINT ( 'NONE',  ( -11.62337676257621943, 10.49999999999999822, -12.85485071321813422 ) ) ;
#1109 = CARTESIAN_POINT ( 'NONE',  ( -10.05814648722300930, 11.00000000000000178, -18.21711235634275639 ) ) ;
#1110 = CARTESIAN_POINT ( 'NONE',  ( -14.20398234859577613, 11.00000000000000000, -11.81804919713655977 ) ) ;
#1111 = DIRECTION ( 'NONE',  ( -0.7071067811865459074, -0.000000000000000000, -0.7071067811865491270 ) ) ;
#1112 = EDGE_LOOP ( 'NONE', ( #49, #129, #1402, #3548 ) ) ;
#1113 = ORIENTED_EDGE ( 'NONE', *, *, #4810, .T. ) ;
#1114 = VECTOR ( 'NONE', #439, 1000.000000000000000 ) ;
#1115 = ORIENTED_EDGE ( 'NONE', *, *, #1634, .F. ) ;
#1116 = EDGE_LOOP ( 'NONE', ( #2816, #522 ) ) ;
#1117 = CARTESIAN_POINT ( 'NONE',  ( 49.75000000000000000, -11.00000000000000000, -7.500000000000007105 ) ) ;
#1118 = CARTESIAN_POINT ( 'NONE',  ( -9.284765997574204732, 10.49999999999999645, -18.35359544416391842 ) ) ;
#1119 = CARTESIAN_POINT ( 'NONE',  ( -15.24592761949709008, 10.49999999999999822, -4.574844915785840627 ) ) ;
#1120 = EDGE_CURVE ( 'NONE', #1423, #5114, #3192, .T. ) ;
#1121 = CARTESIAN_POINT ( 'NONE',  ( -8.738692753489422316, 10.99999999999999645, 2.751525581173775770 ) ) ;
#1122 = CARTESIAN_POINT ( 'NONE',  ( -2.065404677972559888, 11.00000000000000000, -3.285088366996955500 ) ) ;
#1123 = CARTESIAN_POINT ( 'NONE',  ( 13.27765577362804628, 10.49999999999999822, -13.14567716645031936 ) ) ;
#1124 = DIRECTION ( 'NONE',  ( -0.000000000000000000, 1.000000000000000000, -0.000000000000000000 ) ) ;
#1125 = CARTESIAN_POINT ( 'NONE',  ( 3.200041778899751499, 10.49999999999999467, -8.077716945080933186 ) ) ;
#1126 = ORIENTED_EDGE ( 'NONE', *, *, #2484, .F. ) ;
#1127 = EDGE_CURVE ( 'NONE', #848, #3954, #581, .T. ) ;
#1128 = CARTESIAN_POINT ( 'NONE',  ( 4.272409116397310136, 10.49999999999999289, -12.20630241628764701 ) ) ;
#1129 = CARTESIAN_POINT ( 'NONE',  ( 41.74999999999999289, 5.999999999999999112, 27.49999999999999645 ) ) ;
#1130 = CARTESIAN_POINT ( 'NONE',  ( -14.39015815548780530, 11.00000000000000178, -13.14567716645032114 ) ) ;
#1131 = DIRECTION ( 'NONE',  ( 0.000000000000000000, 0.000000000000000000, -1.000000000000000000 ) ) ;
#1132 = DIRECTION ( 'NONE',  ( 1.000000000000000000, 0.000000000000000000, 0.000000000000000000 ) ) ;
#1133 = CARTESIAN_POINT ( 'NONE',  ( -9.981031170114464501, 10.49999999999999289, -9.946286627115986434 ) ) ;
#1134 = CARTESIAN_POINT ( 'NONE',  ( -35.95000000000000995, -11.00000000000000000, 15.56538618988488665 ) ) ;
#1135 = CARTESIAN_POINT ( 'NONE',  ( -8.817200353325626239, 10.49999999999999822, -9.583127560552801683 ) ) ;
#1136 = ORIENTED_EDGE ( 'NONE', *, *, #2632, .F. ) ;
#1137 = CARTESIAN_POINT ( 'NONE',  ( 11.72456241687980416, 10.99999999999999645, -7.816128653816421412 ) ) ;
#1138 = CARTESIAN_POINT ( 'NONE',  ( -11.61267547976272319, 11.00000000000000178, -12.52765795314684460 ) ) ;
#1139 = CARTESIAN_POINT ( 'NONE',  ( -2.593501203574265279, 10.50000000000000000, -12.48286635963155966 ) ) ;
#1140 = ORIENTED_EDGE ( 'NONE', *, *, #1571, .F. ) ;
#1141 = ORIENTED_EDGE ( 'NONE', *, *, #4850, .T. ) ;
#1142 = CARTESIAN_POINT ( 'NONE',  ( 23.42851489622110606, 10.50000000000000178, -11.89426989438760174 ) ) ;
#1143 = CARTESIAN_POINT ( 'NONE',  ( -13.97191651671246504, 10.49999999999999822, -15.19543275067177568 ) ) ;
#1144 = CARTESIAN_POINT ( 'NONE',  ( -15.39626048018292614, 10.49999999999999822, -3.285088366996955500 ) ) ;
#1145 = CARTESIAN_POINT ( 'NONE',  ( -21.66318939216317219, 10.50000000000000000, -14.54118515674144696 ) ) ;
#1146 = LINE ( 'NONE', #2046, #3440 ) ;
#1147 = EDGE_CURVE ( 'NONE', #3524, #1895, #4430, .T. ) ;
#1148 = LINE ( 'NONE', #2382, #5096 ) ;
#1149 = ORIENTED_EDGE ( 'NONE', *, *, #964, .T. ) ;
#1150 = CARTESIAN_POINT ( 'NONE',  ( 10.46264950361784329, 10.99999999999999467, -13.50899607171235495 ) ) ;
#1151 = ORIENTED_EDGE ( 'NONE', *, *, #2114, .F. ) ;
#1152 = CARTESIAN_POINT ( 'NONE',  ( 6.718420684301326773, 11.00000000000000000, -9.625206284393025058 ) ) ;
#1154 = CARTESIAN_POINT ( 'NONE',  ( 8.754585614650697067, 11.00000000000000000, -7.039217158661793761 ) ) ;
#1153 = AXIS2_PLACEMENT_3D ( 'NONE', #3390, #5061, #2130 ) ;
#1155 = DIRECTION ( 'NONE',  ( 0.000000000000000000, 0.000000000000000000, -1.000000000000000000 ) ) ;
#1156 = CARTESIAN_POINT ( 'NONE',  ( 7.347154180015002645, 10.49999999999999822, -9.573227896341467869 ) ) ;
#1157 = ADVANCED_FACE ( 'NONE', ( #2770 ), #1015, .F. ) ;
#1158 = DIRECTION ( 'NONE',  ( -0.000000000000000000, -1.000000000000000000, -0.000000000000000000 ) ) ;
#1159 = B_SPLINE_CURVE_WITH_KNOTS ( 'NONE', 3,
 ( #1122, #2353, #4924, #611, #3656, #4458, #5338, #4837, #1488, #2826, #1883, #3167, #657, #5231, #2302, #4808, #3247, #1093, #1042, #5255, #5285, #2743, #4100 ),
 .UNSPECIFIED., .F., .F.,
 ( 4, 1, 1, 1, 1, 1, 1, 1, 1, 1, 1, 1, 1, 1, 1, 1, 1, 1, 1, 1, 4 ),
 ( 0.000000000000000000, 0.04283503422024807772, 0.08428029696437250307, 0.1253011096378452149, 0.1656233672167559123, 0.2055187223299067556, 0.2452046315699084877, 0.2847356030621589484, 0.3244730239720163834, 0.3640958835607188693, 0.4035673969704451358, 0.4427151151520584693, 0.4823551800457137606, 0.5221288099167459285, 0.5625392816307532851, 0.6038013357034031081, 0.6457733814847522735, 0.7310827546346233552, 0.8177035447951623848, 0.9068485518050651839, 1.000000000000000000 ),
 .UNSPECIFIED. ) ;
#1160 = DIRECTION ( 'NONE',  ( 0.000000000000000000, 0.000000000000000000, -1.000000000000000000 ) ) ;
#1161 = CARTESIAN_POINT ( 'NONE',  ( -9.707433259244531598, 10.49999999999999822, -9.812354233471436871 ) ) ;
#1162 = CARTESIAN_POINT ( 'NONE',  ( -13.63614352258090001, 11.00000000000000000, -15.81288761633181039 ) ) ;
#1163 = LINE ( 'NONE', #1218, #5174 ) ;
#1164 = CARTESIAN_POINT ( 'NONE',  ( 4.222734851371947151, 10.49999999999999822, -12.85485071321813422 ) ) ;
#1165 = CARTESIAN_POINT ( 'NONE',  ( 57.75000000000000000, 11.00000000000000000, -44.49999999999999289 ) ) ;
#1166 = EDGE_LOOP ( 'NONE', ( #2573, #3988, #2846, #3715 ) ) ;
#1167 = ORIENTED_EDGE ( 'NONE', *, *, #1178, .T. ) ;
#1168 = CARTESIAN_POINT ( 'NONE',  ( 18.55477529353937882, 10.49999999999999822, -4.977682476448379134 ) ) ;
#1169 = CARTESIAN_POINT ( 'NONE',  ( 1.465838625997278655, 11.00000000000000000, -12.92080182030208313 ) ) ;
#1170 = CARTESIAN_POINT ( 'NONE',  ( -14.91939998566605396, 10.49999999999999822, -0.8798008395882785937 ) ) ;
#1171 = CARTESIAN_POINT ( 'NONE',  ( 41.74999999999999289, 5.999999999999999112, 30.00000000000000000 ) ) ;
#1172 = CARTESIAN_POINT ( 'NONE',  ( 11.25207311314773762, 10.99999999999999822, -2.999630454844111060 ) ) ;
#1173 = SURFACE_STYLE_USAGE ( .BOTH. , #2878 ) ;
#1174 = CARTESIAN_POINT ( 'NONE',  ( 13.10529028964111475, 10.50000000000000000, -14.54853304086318211 ) ) ;
#1175 = DIRECTION ( 'NONE',  ( -0.000000000000000000, 1.000000000000000000, -0.000000000000000000 ) ) ;
#1176 = CARTESIAN_POINT ( 'NONE',  ( 2.965106945503045655, 10.49999999999999822, -3.418711331995527125 ) ) ;
#1177 = ORIENTED_EDGE ( 'NONE', *, *, #3136, .T. ) ;
#1178 = EDGE_CURVE ( 'NONE', #3336, #795, #5309, .T. ) ;
#1179 = CARTESIAN_POINT ( 'NONE',  ( 4.730768312781559182, 10.50000000000000178, -11.04310857290538017 ) ) ;
#1180 = CARTESIAN_POINT ( 'NONE',  ( 9.117266054147755483, 11.00000000000000000, -6.874843880028022269 ) ) ;
#1181 = CARTESIAN_POINT ( 'NONE',  ( -4.580660489710364658, 10.49999999999999822, -3.418711331995527125 ) ) ;
#1182 = LINE ( 'NONE', #5346, #319 ) ;
#1183 = B_SPLINE_CURVE_WITH_KNOTS ( 'NONE', 3,
 ( #3538, #3868, #4276, #3482, #4710, #2258, #147, #1840, #1002, #5215, #1331, #510, #1418, #37, #919 ),
 .UNSPECIFIED., .F., .F.,
 ( 4, 1, 1, 1, 1, 1, 1, 1, 1, 1, 1, 1, 4 ),
 ( 0.000000000000000000, 0.09194495275363001596, 0.1813385907875331715, 0.2680898998799915445, 0.3547633187985866909, 0.4396220231915048404, 0.5210107517801335630, 0.6010631916076488723, 0.6811168721639224710, 0.7606889457257565157, 0.8395123044146364233, 0.9187065157815366145, 1.000000000000000000 ),
 .UNSPECIFIED. ) ;
#1184 = VECTOR ( 'NONE', #1160, 1000.000000000000000 ) ;
#1185 = CARTESIAN_POINT ( 'NONE',  ( 49.75000000000000000, -2.499999999999998668, -7.500000000000007105 ) ) ;
#1186 = EDGE_CURVE ( 'NONE', #240, #2064, #3707, .T. ) ;
#1187 = CARTESIAN_POINT ( 'NONE',  ( -8.498957433933163941, 11.00000000000000000, -9.573227896341467869 ) ) ;
#1188 = CARTESIAN_POINT ( 'NONE',  ( 1.642129265352390455, 10.99999999999999645, -11.81804919713656155 ) ) ;
#1189 = EDGE_LOOP ( 'NONE', ( #3224, #1540, #5277, #4119 ) ) ;
#1190 = CARTESIAN_POINT ( 'NONE',  ( 10.44330004599049389, 10.50000000000000178, 2.058178148227592708 ) ) ;
#1191 = CARTESIAN_POINT ( 'NONE',  ( 6.400225253411638171, 11.00000000000000178, -15.98992857458341277 ) ) ;
#1192 = CARTESIAN_POINT ( 'NONE',  ( -57.75000000000000000, 11.00000000000000000, -47.50000000000000711 ) ) ;
#1193 = VECTOR ( 'NONE', #1667, 1000.000000000000000 ) ;
#1194 = CARTESIAN_POINT ( 'NONE',  ( -15.07285742643673210, 11.00000000000000178, -1.251097811937437188 ) ) ;
#1195 = ADVANCED_FACE ( 'NONE', ( #4583 ), #2117, .T. ) ;
#1196 = ORIENTED_EDGE ( 'NONE', *, *, #3687, .T. ) ;
#1197 = ORIENTED_EDGE ( 'NONE', *, *, #4080, .F. ) ;
#1198 = CARTESIAN_POINT ( 'NONE',  ( 4.283558240596099687, 11.00000000000000000, -8.613464506054816283 ) ) ;
#1199 = AXIS2_PLACEMENT_3D ( 'NONE', #1504, #2344, #1564 ) ;
#1200 = CARTESIAN_POINT ( 'NONE',  ( 7.107418860458743382, 10.99999999999999645, 2.751525581173775770 ) ) ;
#1201 = CARTESIAN_POINT ( 'NONE',  ( -8.392729847920504582, 10.99999999999999822, -9.576554100047912854 ) ) ;
#1202 = CARTESIAN_POINT ( 'NONE',  ( -12.88100466844512049, 10.49999999999999822, -3.418711331995527125 ) ) ;
#1203 = CARTESIAN_POINT ( 'NONE',  ( 10.10654675646751244, 11.00000000000000000, -0.5903761576878149286 ) ) ;
#1204 = CARTESIAN_POINT ( 'NONE',  ( -12.25842577412010925, 10.50000000000000000, -8.306008765541390559 ) ) ;
#1205 = CARTESIAN_POINT ( 'NONE',  ( 21.04455083613927968, 11.00000000000000000, -11.98691125136641844 ) ) ;
#1206 = CARTESIAN_POINT ( 'NONE',  ( 3.587685839828056888, 10.49999999999999822, -8.306008765541390559 ) ) ;
#1207 = ORIENTED_EDGE ( 'NONE', *, *, #2050, .T. ) ;
#1208 = ORIENTED_EDGE ( 'NONE', *, *, #2724, .T. ) ;
#1209 = CARTESIAN_POINT ( 'NONE',  ( 4.915953919250531712, 10.99999999999999822, -10.78248381255062149 ) ) ;
#1210 = ORIENTED_EDGE ( 'NONE', *, *, #2699, .F. ) ;
#1211 = CARTESIAN_POINT ( 'NONE',  ( 10.81113852049573154, 11.00000000000000178, -5.274889234346052724 ) ) ;
#1212 = CARTESIAN_POINT ( 'NONE',  ( -6.462010978673089490, 10.49999999999999822, -15.38867703849071944 ) ) ;
#1213 = CARTESIAN_POINT ( 'NONE',  ( 6.718420684301326773, 10.49999999999999822, -9.625206284393025058 ) ) ;
#1214 = CARTESIAN_POINT ( 'NONE',  ( -8.742622840695263520, 10.49999999999999822, 0.4877953506097513769 ) ) ;
#1215 = CARTESIAN_POINT ( 'NONE',  ( 4.342766031067760935, 10.49999999999999822, -13.84025147954371349 ) ) ;
#1216 = CARTESIAN_POINT ( 'NONE',  ( -2.065404677972559888, 10.49999999999999822, -3.285088366996955500 ) ) ;
#1217 = CARTESIAN_POINT ( 'NONE',  ( 7.103488773252902178, 10.49999999999999822, 0.4877953506097513769 ) ) ;
#1218 = CARTESIAN_POINT ( 'NONE',  ( 57.75000000000000000, 5.999999999999999112, -42.50000000000000711 ) ) ;
#1219 = CARTESIAN_POINT ( 'NONE',  ( 7.236950592446572017, 11.00000000000000000, -16.10976935708335489 ) ) ;
#1220 = EDGE_CURVE ( 'NONE', #3054, #3677, #2713, .T. ) ;
#1221 = CYLINDRICAL_SURFACE ( 'NONE', #5188, 5.499999999999998224 ) ;
#1222 = CARTESIAN_POINT ( 'NONE',  ( -14.48570735132815912, 10.50000000000000000, -0.04738862622814697667 ) ) ;
#1223 = ORIENTED_EDGE ( 'NONE', *, *, #3747, .T. ) ;
#1224 = EDGE_LOOP ( 'NONE', ( #2519, #4798, #2429, #1817 ) ) ;
#1225 = ORIENTED_EDGE ( 'NONE', *, *, #2074, .T. ) ;
#1226 = CARTESIAN_POINT ( 'NONE',  ( 9.462509315982481795, 10.49999999999999822, -6.681204552571068156 ) ) ;
#1227 = CARTESIAN_POINT ( 'NONE',  ( 1.360404262620011240, 10.50000000000000000, -0.04738862622814774689 ) ) ;
#1228 = DIRECTION ( 'NONE',  ( -9.637352644315595243E-17, -0.000000000000000000, -1.000000000000000000 ) ) ;
#1229 = EDGE_CURVE ( 'NONE', #830, #3441, #1983, .T. ) ;
#1230 = ORIENTED_EDGE ( 'NONE', *, *, #2518, .F. ) ;
#1231 = CARTESIAN_POINT ( 'NONE',  ( -11.12701065817126356, 10.50000000000000000, -14.69395821120029133 ) ) ;
#1232 = VERTEX_POINT ( 'NONE', #1813 ) ;
#1233 = ORIENTED_EDGE ( 'NONE', *, *, #1220, .T. ) ;
#1234 = CARTESIAN_POINT ( 'NONE',  ( 8.770215389806109485, 10.49999999999999822, 0.2240295885091265760 ) ) ;
#1235 = CARTESIAN_POINT ( 'NONE',  ( -20.92982326600609966, 11.00000000000000000, -15.86136742568598024 ) ) ;
#1236 = CARTESIAN_POINT ( 'NONE',  ( 1.300651898192015876, 10.50000000000000178, -6.171314639284009473 ) ) ;
#1237 = CARTESIAN_POINT ( 'NONE',  ( 1.485483635698530813, 10.50000000000000000, -12.47390212536448928 ) ) ;
#1238 = CARTESIAN_POINT ( 'NONE',  ( 9.825525027389616639, 10.49999999999999822, -14.92827785346135805 ) ) ;
#1239 = CARTESIAN_POINT ( 'NONE',  ( -2.599744469298208571, 10.99999999999999822, -5.773079072421753999 ) ) ;
#1240 = VERTEX_POINT ( 'NONE', #1419 ) ;
#1241 = DIRECTION ( 'NONE',  ( 0.000000000000000000, -0.000000000000000000, -1.000000000000000000 ) ) ;
#1242 = CARTESIAN_POINT ( 'NONE',  ( 10.33402045645364531, 11.00000000000000000, -8.669307838998195237 ) ) ;
#1243 = CARTESIAN_POINT ( 'NONE',  ( -5.838480164831821639, 11.00000000000000178, -14.66880848042124619 ) ) ;
#1244 = CARTESIAN_POINT ( 'NONE',  ( -7.870821087442518404, 11.00000000000000000, 0.4283511976069412919 ) ) ;
#1245 = CARTESIAN_POINT ( 'NONE',  ( -36.54999999999999716, 11.00000000000000000, 29.22637585982666053 ) ) ;
#1246 = LINE ( 'NONE', #2952, #456 ) ;
#1247 = LINE ( 'NONE', #755, #4552 ) ;
#1248 = CARTESIAN_POINT ( 'NONE',  ( -35.48999999999999488, -11.00000000000000000, 12.58339777691194783 ) ) ;
#1249 = VECTOR ( 'NONE', #1964, 1000.000000000000000 ) ;
#1250 = LINE ( 'NONE', #5382, #5457 ) ;
#1251 = CARTESIAN_POINT ( 'NONE',  ( -15.28527313703138546, 11.00000000000000178, -2.034560898765712444 ) ) ;
#1252 = EDGE_LOOP ( 'NONE', ( #232, #454, #1825, #513 ) ) ;
#1253 = ADVANCED_FACE ( 'NONE', ( #5189 ), #3513, .F. ) ;
#1254 = VERTEX_POINT ( 'NONE', #1759 ) ;
#1255 = CARTESIAN_POINT ( 'NONE',  ( 0.7243623407757943111, 11.00000000000000000, -4.987244201571611413 ) ) ;
#1256 = CARTESIAN_POINT ( 'NONE',  ( 13.45964189847394898, 11.00000000000000000, -1.244302875142191400 ) ) ;
#1257 = CARTESIAN_POINT ( 'NONE',  ( 27.36308831935975405, 11.00000000000000000, -4.542716272865859217 ) ) ;
#1258 = ORIENTED_EDGE ( 'NONE', *, *, #1782, .T. ) ;
#1259 = FACE_OUTER_BOUND ( 'NONE', #3793, .T. ) ;
#1260 = EDGE_CURVE ( 'NONE', #1430, #5384, #2443, .T. ) ;
#1261 = CARTESIAN_POINT ( 'NONE',  ( 1.480973206921275986, 10.99999999999999289, -13.85352298539071469 ) ) ;
#1262 = DIRECTION ( 'NONE',  ( -0.000000000000000000, 1.000000000000000000, -0.000000000000000000 ) ) ;
#1263 = CARTESIAN_POINT ( 'NONE',  ( -15.24592761949709008, 10.49999999999999822, -4.574844915785840627 ) ) ;
#1264 = CARTESIAN_POINT ( 'NONE',  ( 6.561345616373960077, 11.00000000000000178, -18.35359544416391842 ) ) ;
#1265 = EDGE_CURVE ( 'NONE', #577, #1943, #175, .T. ) ;
#1266 = CARTESIAN_POINT ( 'NONE',  ( -7.581648846042853052, 10.49999999999999645, -9.706889741360321011 ) ) ;
#1267 = ORIENTED_EDGE ( 'NONE', *, *, #4986, .F. ) ;
#1268 = B_SPLINE_CURVE_WITH_KNOTS ( 'NONE', 3,
 ( #1777, #3836, #1352, #1720, #4243, #3422, #3056, #1243, #3003, #2585, #806, #5095, #3451, #1694, #1325, #2502, #4270, #5460, #4679 ),
 .UNSPECIFIED., .F., .F.,
 ( 4, 1, 1, 1, 1, 1, 1, 1, 1, 1, 1, 1, 1, 1, 1, 1, 4 ),
 ( 0.000000000000000000, 0.06596427035581162168, 0.1300009784614494512, 0.1920551155487432715, 0.2540753498854391168, 0.3144458664363211087, 0.3762720141311185484, 0.4380008896642027527, 0.5017366010006812926, 0.5647945813087883460, 0.6266644515823620587, 0.6873080831125569778, 0.7476337904000011081, 0.8084357606632246451, 0.8706687911889710030, 0.9340357296441886836, 1.000000000000000000 ),
 .UNSPECIFIED. ) ;
#1269 = CARTESIAN_POINT ( 'NONE',  ( 1.633331606867190366, 10.49999999999999822, -14.54032018391652414 ) ) ;
#1270 = CARTESIAN_POINT ( 'NONE',  ( 11.26545112423780104, 10.49999999999999822, -3.418711331995527125 ) ) ;
#1271 = CARTESIAN_POINT ( 'NONE',  ( -5.471780333898904836, 10.99999999999999645, -0.8748798890397000427 ) ) ;
#1272 = CARTESIAN_POINT ( 'NONE',  ( -11.61969942010624735, 10.49999999999999645, -12.96890742630764670 ) ) ;
#1273 = CARTESIAN_POINT ( 'NONE',  ( -2.434003340564345752, 10.49999999999999822, -5.378983794962195475 ) ) ;
#1274 = CARTESIAN_POINT ( 'NONE',  ( 2.965106945503045655, 10.49999999999999822, -3.418711331995527125 ) ) ;
#1275 = CARTESIAN_POINT ( 'NONE',  ( 4.562525941684092423, 11.00000000000000178, -14.42597190878089819 ) ) ;
#1276 = CARTESIAN_POINT ( 'NONE',  ( 49.75000000000000000, -11.00000000000000000, -32.50000000000000711 ) ) ;
#1277 = CARTESIAN_POINT ( 'NONE',  ( -14.09493533918619512, 10.49999999999999822, 0.4982052945547724154 ) ) ;
#1278 = ORIENTED_EDGE ( 'NONE', *, *, #5253, .F. ) ;
#1279 = ORIENTED_EDGE ( 'NONE', *, *, #2829, .F. ) ;
#1280 = CARTESIAN_POINT ( 'NONE',  ( 1.070259885261123811, 11.00000000000000178, -5.787489614356030820 ) ) ;
#1281 = DIRECTION ( 'NONE',  ( -0.000000000000000000, 1.000000000000000000, -0.000000000000000000 ) ) ;
#1282 = CARTESIAN_POINT ( 'NONE',  ( -38.48999999999999488, 4.009999999999998899, 12.58339777691194783 ) ) ;
#1283 = CARTESIAN_POINT ( 'NONE',  ( -20.94380938855200824, 11.00000000000000355, -11.09552048999671392 ) ) ;
#1284 = ORIENTED_EDGE ( 'NONE', *, *, #1089, .T. ) ;
#1285 = COLOUR_RGB ( '',1.000000000000000000, 1.000000000000000000, 1.000000000000000000 ) ;
#1286 = AXIS2_PLACEMENT_3D ( 'NONE', #3931, #5165, #2266 ) ;
#1287 = CARTESIAN_POINT ( 'NONE',  ( 7.358944441632523592, 10.99999999999999467, -18.37662323742378234 ) ) ;
#1288 = ORIENTED_EDGE ( 'NONE', *, *, #4958, .T. ) ;
#1289 = DIRECTION ( 'NONE',  ( -0.000000000000000000, -1.000000000000000000, 0.000000000000000000 ) ) ;
#1290 = CARTESIAN_POINT ( 'NONE',  ( -5.483752975869402135, 10.50000000000000178, -5.901698698242014096 ) ) ;
#1291 = B_SPLINE_CURVE_WITH_KNOTS ( 'NONE', 3,
 ( #2135, #2110, #2053, #31, #3752, #334, #1211, #3807, #1692, #3396, #1719, #4955, #1180, #1154, #804, #2858, #4539, #746, #3724 ),
 .UNSPECIFIED., .F., .F.,
 ( 4, 1, 1, 1, 1, 1, 1, 1, 1, 1, 1, 1, 1, 1, 1, 1, 4 ),
 ( 0.000000000000000000, 0.06305229262947806279, 0.1247848679262195254, 0.1845342529466543480, 0.2437195285788915089, 0.3028113376026763670, 0.3627613580653546999, 0.4234130898022952505, 0.4863049630225059761, 0.5493239946392906026, 0.6118419876267260360, 0.6734911425739048552, 0.7356789971671503503, 0.7991410767628682743, 0.8635659547679169767, 0.9308050550025483982, 1.000000000000000000 ),
 .UNSPECIFIED. ) ;
#1292 = VECTOR ( 'NONE', #3951, 1000.000000000000000 ) ;
#1293 = ADVANCED_FACE ( 'NONE', ( #4305, #569 ), #2647, .F. ) ;
#1294 = CARTESIAN_POINT ( 'NONE',  ( -8.216833799622095924, 10.49999999999999822, -18.36814522510236003 ) ) ;
#1295 = CARTESIAN_POINT ( 'NONE',  ( -5.859895183954677123, 10.99999999999999645, -11.04923762646875218 ) ) ;
#1296 = ORIENTED_EDGE ( 'NONE', *, *, #3375, .F. ) ;
#1297 = VECTOR ( 'NONE', #3249, 1000.000000000000000 ) ;
#1298 = DIRECTION ( 'NONE',  ( -0.000000000000000000, 1.000000000000000000, -0.000000000000000000 ) ) ;
#1299 = CARTESIAN_POINT ( 'NONE',  ( 7.347154180015002645, 11.00000000000000000, -16.11289300685976400 ) ) ;
#1300 = EDGE_CURVE ( 'NONE', #704, #5356, #4297, .T. ) ;
#1301 = CARTESIAN_POINT ( 'NONE',  ( -4.864042252516384224, 10.50000000000000000, -1.843477361791921343 ) ) ;
#1302 = CARTESIAN_POINT ( 'NONE',  ( -25.26863954125381184, 11.00000000000000000, 2.499999999999995115 ) ) ;
#1303 = CARTESIAN_POINT ( 'NONE',  ( -2.068794180405085115, 10.49999999999999822, -3.429283880952282981 ) ) ;
#1304 = CARTESIAN_POINT ( 'NONE',  ( 6.215400737254410224, 11.00000000000000355, 0.4262915992595956993 ) ) ;
#1305 = CARTESIAN_POINT ( 'NONE',  ( 11.10587405626736945, 11.00000000000000000, -2.210055806739936290 ) ) ;
#1306 = B_SPLINE_CURVE_WITH_KNOTS ( 'NONE', 3,
 ( #3155, #3130, #4283, #3959, #982, #5137, #955, #3570, #2708, #3044, #156, #5248, #3490, #603, #3877, #3102, #1450, #126, #900 ),
 .UNSPECIFIED., .F., .F.,
 ( 4, 1, 1, 1, 1, 1, 1, 1, 1, 1, 1, 1, 1, 1, 1, 1, 4 ),
 ( 0.000000000000000000, 0.06738113814185216210, 0.1316191086167763646, 0.1937004165519009002, 0.2539063513561236052, 0.3130795607646421619, 0.3715552226999621066, 0.4304523132901792448, 0.4902115663337905382, 0.5505666952165706451, 0.6105012691613164177, 0.6707445371242347631, 0.7322436493756239173, 0.7949824289929092735, 0.8605312189298762737, 0.9283364645205585131, 1.000000000000000000 ),
 .UNSPECIFIED. ) ;
#1307 = CARTESIAN_POINT ( 'NONE',  ( -15.34327694258612951, 11.00000000000000000, -2.442923343712541495 ) ) ;
#1308 = CARTESIAN_POINT ( 'NONE',  ( 41.74999999999999289, 11.00000000000000000, 27.49999999999999645 ) ) ;
#1309 = ORIENTED_EDGE ( 'NONE', *, *, #291, .T. ) ;
#1310 = ORIENTED_EDGE ( 'NONE', *, *, #5299, .F. ) ;
#1311 = LINE ( 'NONE', #17, #4361 ) ;
#1312 = CARTESIAN_POINT ( 'NONE',  ( 5.604725122722753028, 11.00000000000000000, -10.11305156707839181 ) ) ;
#1313 = CARTESIAN_POINT ( 'NONE',  ( -12.89640360074225711, 11.00000000000000178, 1.584561690811185253 ) ) ;
#1314 = CARTESIAN_POINT ( 'NONE',  ( -4.902852570092411710, 10.49999999999999645, 1.789671086262937028 ) ) ;
#1315 = B_SPLINE_SURFACE_WITH_KNOTS ( 'NONE', 3, 1, ( 
 ( #1214, #5041 ),
 ( #4160, #421 ),
 ( #2920, #3810 ),
 ( #337, #1244 ),
 ( #3727, #2056 ),
 ( #4602, #5070 ),
 ( #3756, #2949 ),
 ( #3891, #943 ),
 ( #535, #3917 ),
 ( #445, #2611 ),
 ( #141, #1271 ),
 ( #1779, #2225 ),
 ( #504, #886 ),
 ( #1301, #4655 ),
 ( #4298, #2137 ),
 ( #3005, #473 ),
 ( #59, #4328 ),
 ( #970, #4355 ),
 ( #5097, #2198 ) ),
 .UNSPECIFIED., .F., .F., .F.,
 ( 4, 1, 1, 1, 1, 1, 1, 1, 1, 1, 1, 1, 1, 1, 1, 1, 4 ),
 ( 2, 2 ),
 ( 0.000000000000000000, 0.06991984567233448800, 0.1372054189840654914, 0.2017638460151232327, 0.2645849827046582448, 0.3263992762502298528, 0.3870105554954119120, 0.4478754524681907712, 0.5096411020608848652, 0.5707677847448894282, 0.6305017923276146075, 0.6893709851241361930, 0.7491395764663526524, 0.8088452733458765254, 0.8700947621460093373, 0.9337299782602210829, 1.000000000000000000 ),
 ( 0.000000000000000000, 1.000000000000000000 ),
 .UNSPECIFIED. ) ;
#1316 = ORIENTED_EDGE ( 'NONE', *, *, #5400, .T. ) ;
#1317 = CARTESIAN_POINT ( 'NONE',  ( 1.455953458460362615, 10.99999999999999645, -13.14567716645032114 ) ) ;
#1318 = CARTESIAN_POINT ( 'NONE',  ( 24.84783250762195195, 11.00000000000000000, -2.278986042301834214 ) ) ;
#1319 = CARTESIAN_POINT ( 'NONE',  ( -8.306015075109806745, 10.50000000000000000, -7.302860428163598705 ) ) ;
#1320 = CARTESIAN_POINT ( 'NONE',  ( -6.159524215503388689, 10.99999999999999467, -18.01012274321597673 ) ) ;
#1321 = CARTESIAN_POINT ( 'NONE',  ( -57.75000000000000000, 11.00000000000000000, 44.49999999999997868 ) ) ;
#1322 = ORIENTED_EDGE ( 'NONE', *, *, #2891, .T. ) ;
#1323 = CARTESIAN_POINT ( 'NONE',  ( -7.091525999297467742, 11.00000000000000178, -7.039217158661793761 ) ) ;
#1324 = EDGE_CURVE ( 'NONE', #2788, #1766, #1785, .T. ) ;
#1325 = CARTESIAN_POINT ( 'NONE',  ( -7.540990872852824545, 11.00000000000000178, -15.98456117665961251 ) ) ;
#1326 = CARTESIAN_POINT ( 'NONE',  ( 10.45741372644078204, 10.49999999999999645, -12.20986087329393932 ) ) ;
#1327 = DIRECTION ( 'NONE',  ( -0.000000000000000000, 1.000000000000000000, -0.000000000000000000 ) ) ;
#1328 = CARTESIAN_POINT ( 'NONE',  ( -10.00002495385673207, 11.00000000000000178, -7.163151700223890472 ) ) ;
#1329 = ADVANCED_FACE ( 'NONE', ( #149 ), #3008, .T. ) ;
#1330 = CARTESIAN_POINT ( 'NONE',  ( 5.414126828487927590, 11.00000000000000178, 0.2266886399247354522 ) ) ;
#1331 = CARTESIAN_POINT ( 'NONE',  ( -2.981959536854008608, 10.49999999999999467, -15.20636047343685426 ) ) ;
#1332 = CARTESIAN_POINT ( 'NONE',  ( -14.36062797824964044, 11.00000000000000355, -12.47390212536449461 ) ) ;
#1333 = FACE_OUTER_BOUND ( 'NONE', #3905, .T. ) ;
#1334 = ORIENTED_EDGE ( 'NONE', *, *, #1094, .T. ) ;
#1335 = ORIENTED_EDGE ( 'NONE', *, *, #3116, .T. ) ;
#1336 = CARTESIAN_POINT ( 'NONE',  ( 27.36308831935975405, 10.49999999999999822, 2.499999999999995115 ) ) ;
#1337 = B_SPLINE_CURVE_WITH_KNOTS ( 'NONE', 3,
 ( #2461, #5026, #4231, #432, #4147, #349, #2907, #2488, #3738, #1227, #405, #2933, #4614, #2514, #2265, #517, #4282, #3545, #3518 ),
 .UNSPECIFIED., .F., .F.,
 ( 4, 1, 1, 1, 1, 1, 1, 1, 1, 1, 1, 1, 1, 1, 1, 1, 4 ),
 ( 0.000000000000000000, 0.09263307917966594196, 0.1812578326846235044, 0.2677463166116325066, 0.3525759815441522615, 0.4353261026888182728, 0.5156798943772891164, 0.5949223282687576830, 0.6746516928653017997, 0.7150324028280876654, 0.7546742859889800092, 0.7946148660789127405, 0.8346221552083454842, 0.8751460061963551862, 0.9158349703271242426, 0.9574349943276478925, 1.000000000000000000 ),
 .UNSPECIFIED. ) ;
#1338 = VECTOR ( 'NONE', #1633, 1000.000000000000000 ) ;
#1339 = CARTESIAN_POINT ( 'NONE',  ( 10.16473516755355710, 10.49999999999999645, -14.40015122741312403 ) ) ;
#1340 = CARTESIAN_POINT ( 'NONE',  ( 12.11243501038684123, 10.99999999999999822, -16.39568747576701568 ) ) ;
#1341 = CARTESIAN_POINT ( 'NONE',  ( -28.03542093416539771, 11.00000000000000000, 2.499999999999995115 ) ) ;
#1342 = ORIENTED_EDGE ( 'NONE', *, *, #1772, .F. ) ;
#1343 = AXIS2_PLACEMENT_3D ( 'NONE', #4427, #130, #629 ) ;
#1344 = ORIENTED_EDGE ( 'NONE', *, *, #4858, .T. ) ;
#1345 = DIRECTION ( 'NONE',  ( -0.000000000000000000, 0.000000000000000000, -1.000000000000000000 ) ) ;
#1346 = CARTESIAN_POINT ( 'NONE',  ( 41.75000000000000711, 11.00000000000000000, -40.00000000000000711 ) ) ;
#1347 = CARTESIAN_POINT ( 'NONE',  ( -12.17526825600815243, 10.49999999999999645, 2.004061591420435384 ) ) ;
#1348 = CARTESIAN_POINT ( 'NONE',  ( 0.000000000000000000, 11.00000000000000000, 0.000000000000000000 ) ) ;
#1349 = CARTESIAN_POINT ( 'NONE',  ( -27.99048182774293636, 11.00000000000000000, 2.190471945977837009 ) ) ;
#1350 = VERTEX_POINT ( 'NONE', #2935 ) ;
#1351 = CARTESIAN_POINT ( 'NONE',  ( -43.49000000000000199, 11.00000000000000000, -47.50000000000000711 ) ) ;
#1352 = CARTESIAN_POINT ( 'NONE',  ( -5.346242428333004781, 11.00000000000000000, -13.18588002814276905 ) ) ;
#1353 = CARTESIAN_POINT ( 'NONE',  ( 7.661492200555881205, 10.99999999999999822, -9.583070464813991052 ) ) ;
#1354 = FACE_OUTER_BOUND ( 'NONE', #3860, .T. ) ;
#1355 = CARTESIAN_POINT ( 'NONE',  ( -12.81268680923575864, 10.49999999999999822, -4.225145959875170831 ) ) ;
#1356 = B_SPLINE_SURFACE_WITH_KNOTS ( 'NONE', 3, 1, ( 
 ( #2116, #2922 ),
 ( #4191, #4247 ),
 ( #1723, #5101 ),
 ( #4136, #781 ),
 ( #339, #2031 ),
 ( #3729, #3315 ),
 ( #5402, #4604 ),
 ( #4985, #1188 ),
 ( #2895, #4577 ),
 ( #366, #2058 ),
 ( #809, #3785 ) ),
 .UNSPECIFIED., .F., .F., .F.,
 ( 4, 1, 1, 1, 1, 1, 1, 1, 4 ),
 ( 2, 2 ),
 ( 0.000000000000000000, 0.1355607305809378160, 0.2666143136119719093, 0.3937587845813600440, 0.5199214895006873949, 0.6432810940245112796, 0.7624754540508218437, 0.8804800829043206711, 1.000000000000000000 ),
 ( 0.000000000000000000, 1.000000000000000000 ),
 .UNSPECIFIED. ) ;
#1357 = CARTESIAN_POINT ( 'NONE',  ( -11.08901061242745278, 10.49999999999999822, -6.697761877761579719 ) ) ;
#1358 = B_SPLINE_CURVE_WITH_KNOTS ( 'NONE', 3,
 ( #142, #4272, #61, #2226, #3838, #3006, #3425, #2199, #4681, #4763, #506, #87, #4707, #3918, #2612 ),
 .UNSPECIFIED., .F., .F.,
 ( 4, 1, 1, 1, 1, 1, 1, 1, 1, 1, 1, 1, 4 ),
 ( 0.000000000000000000, 0.1180616911423355841, 0.2415543661384732810, 0.3700936474448267566, 0.5042582208731574145, 0.5717749858486672609, 0.6379165776451219960, 0.7022395424161440580, 0.7648856883491407244, 0.8260713965883936805, 0.8854932271062561089, 0.9436073806333690195, 1.000000000000000000 ),
 .UNSPECIFIED. ) ;
#1359 = CARTESIAN_POINT ( 'NONE',  ( 7.252971530173137005, 10.99999999999999822, 0.4851405820499730126 ) ) ;
#1360 = EDGE_CURVE ( 'NONE', #441, #2985, #2005, .T. ) ;
#1361 = CARTESIAN_POINT ( 'NONE',  ( -8.609161021501591904, 10.49999999999999645, -16.10976935708335489 ) ) ;
#1362 = CARTESIAN_POINT ( 'NONE',  ( 4.432926701221185262, 10.49999999999999467, -6.472748947987424728 ) ) ;
#1363 = EDGE_LOOP ( 'NONE', ( #1951, #1136, #3635, #5050 ) ) ;
#1364 = ORIENTED_EDGE ( 'NONE', *, *, #1405, .F. ) ;
#1365 = CARTESIAN_POINT ( 'NONE',  ( -5.457006192068300621, 11.00000000000000178, -13.81878840695711119 ) ) ;
#1366 = CARTESIAN_POINT ( 'NONE',  ( 11.06398913650108362, 10.99999999999999822, -8.299799974393950563 ) ) ;
#1367 = CARTESIAN_POINT ( 'NONE',  ( 11.03397978858162709, 11.00000000000000000, -17.34253210853336924 ) ) ;
#1368 = FACE_OUTER_BOUND ( 'NONE', #4482, .T. ) ;
#1369 = CIRCLE ( 'NONE', #401, 5.499999999999998224 ) ;
#1370 = EDGE_CURVE ( 'NONE', #4553, #3211, #3435, .T. ) ;
#1371 = ORIENTED_EDGE ( 'NONE', *, *, #2563, .T. ) ;
#1372 = VERTEX_POINT ( 'NONE', #1202 ) ;
#1373 = CARTESIAN_POINT ( 'NONE',  ( 3.131080978571857187, 10.99999999999999822, -16.89031103633968911 ) ) ;
#1374 = PLANE ( 'NONE',  #3923 ) ;
#1375 = VECTOR ( 'NONE', #4240, 1000.000000000000114 ) ;
#1376 = CARTESIAN_POINT ( 'NONE',  ( 3.254490128556628559, 10.49999999999999467, -4.963278338001709145 ) ) ;
#1377 = EDGE_CURVE ( 'NONE', #499, #2711, #5057, .T. ) ;
#1378 = CARTESIAN_POINT ( 'NONE',  ( 3.131080978571857187, 11.00000000000000355, -16.89031103633968911 ) ) ;
#1379 = B_SPLINE_CURVE_WITH_KNOTS ( 'NONE', 3,
 ( #4472, #1503, #289, #676, #3623, #1981, #3673, #4525, #2425, #2759, #3184, #1957, #5302, #5353, #1529, #1563, #2317, #5381, #3236 ),
 .UNSPECIFIED., .F., .F.,
 ( 4, 1, 1, 1, 1, 1, 1, 1, 1, 1, 1, 1, 1, 1, 1, 1, 4 ),
 ( 0.000000000000000000, 0.06991984567233448800, 0.1372054189840654914, 0.2017638460151232327, 0.2645849827046582448, 0.3263992762502298528, 0.3870105554954119120, 0.4478754524681907712, 0.5096411020608848652, 0.5707677847448894282, 0.6305017923276146075, 0.6893709851241361930, 0.7491395764663526524, 0.8088452733458765254, 0.8700947621460093373, 0.9337299782602210829, 1.000000000000000000 ),
 .UNSPECIFIED. ) ;
#1380 = CARTESIAN_POINT ( 'NONE',  ( -22.36172842238072889, 11.00000000000000000, -13.22977083822463129 ) ) ;
#1381 = ORIENTED_EDGE ( 'NONE', *, *, #1377, .F. ) ;
#1382 = CARTESIAN_POINT ( 'NONE',  ( -7.477660727111952177, 10.49999999999999645, -7.158861086473408797 ) ) ;
#1383 = VECTOR ( 'NONE', #4194, 1000.000000000000000 ) ;
#1384 = CARTESIAN_POINT ( 'NONE',  ( 18.55477529353937882, 11.00000000000000000, -4.977682476448379134 ) ) ;
#1385 = CARTESIAN_POINT ( 'NONE',  ( 0.000000000000000000, 5.999999999999999112, -42.50000000000000711 ) ) ;
#1386 = CARTESIAN_POINT ( 'NONE',  ( 9.338676959303050751, 10.49999999999999645, -10.31399212742557836 ) ) ;
#1387 = AXIS2_PLACEMENT_3D ( 'NONE', #2090, #1702, #5075 ) ;
#1388 = DIRECTION ( 'NONE',  ( -2.847264175159100939E-14, -1.000000000000000000, -2.471381609246008367E-14 ) ) ;
#1389 = CARTESIAN_POINT ( 'NONE',  ( -9.177629332644031024, 11.00000000000000533, -7.301717109451216992 ) ) ;
#1390 = CARTESIAN_POINT ( 'NONE',  ( -2.065404677972559888, 10.99999999999999467, -3.285088366996955500 ) ) ;
#1391 = CARTESIAN_POINT ( 'NONE',  ( -9.177629332644031024, 10.50000000000000355, -7.301717109451216992 ) ) ;
#1392 = CARTESIAN_POINT ( 'NONE',  ( 7.103488773252902178, 11.00000000000000178, 0.4877953506097513769 ) ) ;
#1393 = CARTESIAN_POINT ( 'NONE',  ( -14.38027298795089060, 11.00000000000000178, -12.92080182030208135 ) ) ;
#1394 = CARTESIAN_POINT ( 'NONE',  ( 3.621661706541555059, 10.49999999999999467, -5.626989188983600343 ) ) ;
#1395 = ORIENTED_EDGE ( 'NONE', *, *, #5225, .T. ) ;
#1396 = ORIENTED_EDGE ( 'NONE', *, *, #1120, .T. ) ;
#1397 = CARTESIAN_POINT ( 'NONE',  ( -6.462010978673089490, 10.49999999999999822, -15.38867703849071944 ) ) ;
#1398 = ADVANCED_FACE ( 'NONE', ( #1259 ), #2159, .T. ) ;
#1399 = CARTESIAN_POINT ( 'NONE',  ( 7.347154180015002645, 10.49999999999999822, -16.11289300685976400 ) ) ;
#1400 = CARTESIAN_POINT ( 'NONE',  ( 11.61135536817725011, 10.99999999999999645, -16.90221961948399354 ) ) ;
#1401 = CARTESIAN_POINT ( 'NONE',  ( -25.14922120068606759, 10.50000000000000000, 1.543170842634402629 ) ) ;
#1402 = ORIENTED_EDGE ( 'NONE', *, *, #109, .F. ) ;
#1403 = ORIENTED_EDGE ( 'NONE', *, *, #4453, .F. ) ;
#1404 = CARTESIAN_POINT ( 'NONE',  ( -2.981959536854008608, 10.99999999999999645, -15.20636047343685426 ) ) ;
#1405 = EDGE_CURVE ( 'NONE', #3677, #5249, #264, .T. ) ;
#1406 = CARTESIAN_POINT ( 'NONE',  ( -14.75213647843325226, 10.49999999999999822, -0.5133383138523840428 ) ) ;
#1407 = CARTESIAN_POINT ( 'NONE',  ( -3.319018715111210494, 10.50000000000000178, -15.82337798457984768 ) ) ;
#1408 = CARTESIAN_POINT ( 'NONE',  ( -5.388697887507383655, 10.99999999999999467, -12.20986087329393932 ) ) ;
#1409 = DIRECTION ( 'NONE',  ( 0.000000000000000000, 1.000000000000000000, 0.000000000000000000 ) ) ;
#1410 = EDGE_CURVE ( 'NONE', #2687, #2012, #3103, .T. ) ;
#1411 = CARTESIAN_POINT ( 'NONE',  ( 8.162443272341421974, 10.49999999999999822, -18.35142445075854312 ) ) ;
#1412 = DIRECTION ( 'NONE',  ( -0.000000000000000000, -1.000000000000000000, -0.000000000000000000 ) ) ;
#1413 = CARTESIAN_POINT ( 'NONE',  ( 0.4521680984877785581, 11.00000000000000000, -3.430701759903103554 ) ) ;
#1414 = LINE ( 'NONE', #2166, #3342 ) ;
#1415 = CARTESIAN_POINT ( 'NONE',  ( -12.59162148539153492, 11.00000000000000000, -4.963278338001708256 ) ) ;
#1416 = CARTESIAN_POINT ( 'NONE',  ( -4.548821590938133319, 10.99999999999999645, 1.570400566115654373 ) ) ;
#1417 = CARTESIAN_POINT ( 'NONE',  ( -11.98865984813064323, 10.50000000000000000, -5.934184098917836714 ) ) ;
#1418 = CARTESIAN_POINT ( 'NONE',  ( -2.594723316082743203, 10.49999999999999822, -13.85689754922630001 ) ) ;
#1419 = CARTESIAN_POINT ( 'NONE',  ( 24.84783250762195195, 11.00000000000000000, -14.34042367702577714 ) ) ;
#1420 = CARTESIAN_POINT ( 'NONE',  ( 41.74999999999999289, 5.999999999999999112, 24.99999999999999289 ) ) ;
#1421 = ORIENTED_EDGE ( 'NONE', *, *, #2592, .T. ) ;
#1422 = ORIENTED_EDGE ( 'NONE', *, *, #4050, .T. ) ;
#1423 = VERTEX_POINT ( 'NONE', #2267 ) ;
#1424 = CARTESIAN_POINT ( 'NONE',  ( 5.414126828487927590, 10.50000000000000000, 0.2266886399247354522 ) ) ;
#1425 = CARTESIAN_POINT ( 'NONE',  ( 10.51087438071646041, 10.49999999999999822, -12.85485071321813422 ) ) ;
#1426 = CARTESIAN_POINT ( 'NONE',  ( 7.358944441632523592, 10.49999999999999822, -18.37662323742378234 ) ) ;
#1427 = CARTESIAN_POINT ( 'NONE',  ( -2.111696302208901255, 10.49999999999999645, -2.436952711186666232 ) ) ;
#1428 = VERTEX_POINT ( 'NONE', #1010 ) ;
#1429 = VECTOR ( 'NONE', #3525, 1000.000000000000000 ) ;
#1430 = VERTEX_POINT ( 'NONE', #3521 ) ;
#1431 = DIRECTION ( 'NONE',  ( 1.000000000000000000, 0.000000000000000000, 0.000000000000000000 ) ) ;
#1432 = CARTESIAN_POINT ( 'NONE',  ( 27.36308831935975405, 10.49999999999999822, -18.12509765625000568 ) ) ;
#1433 = CARTESIAN_POINT ( 'NONE',  ( 10.10654675646751244, 10.49999999999999822, -0.5903761576878149286 ) ) ;
#1434 = EDGE_CURVE ( 'NONE', #435, #4066, #548, .T. ) ;
#1435 = CARTESIAN_POINT ( 'NONE',  ( 10.50764676899670391, 10.49999999999999822, -12.74467283732331602 ) ) ;
#1436 = CARTESIAN_POINT ( 'NONE',  ( -21.66318939216317219, 11.00000000000000178, -14.54118515674144696 ) ) ;
#1437 = CARTESIAN_POINT ( 'NONE',  ( 24.67490867056497450, 11.00000000000000000, -18.12509765625000568 ) ) ;
#1438 = CARTESIAN_POINT ( 'NONE',  ( -3.768467818797084146, 11.00000000000000000, -10.04166672309890451 ) ) ;
#1439 = ADVANCED_FACE ( 'NONE', ( #1368 ), #476, .T. ) ;
#1440 = CARTESIAN_POINT ( 'NONE',  ( -6.271536250988729577, 10.50000000000000000, -10.54132049971321905 ) ) ;
#1441 = CARTESIAN_POINT ( 'NONE',  ( -11.50334558288039943, 10.99999999999999645, -13.84025147954371171 ) ) ;
#1442 = CARTESIAN_POINT ( 'NONE',  ( -6.068663416441282266, 10.99999999999999645, 2.337455891084453619 ) ) ;
#1443 = CARTESIAN_POINT ( 'NONE',  ( 0.4511915026466137846, 10.49999999999999645, -3.142136274207345092 ) ) ;
#1444 = CARTESIAN_POINT ( 'NONE',  ( 13.78070693597560670, 10.49999999999999822, -3.285088366996955500 ) ) ;
#1445 = CARTESIAN_POINT ( 'NONE',  ( -10.26727923691777811, 10.50000000000000355, -15.59384789299878271 ) ) ;
#1446 = CARTESIAN_POINT ( 'NONE',  ( 5.963111948670272809E-15, 5.999999999999999112, 27.50000000000000711 ) ) ;
#1447 = ORIENTED_EDGE ( 'NONE', *, *, #3204, .F. ) ;
#1448 = ORIENTED_EDGE ( 'NONE', *, *, #3418, .F. ) ;
#1449 = LINE ( 'NONE', #4747, #2435 ) ;
#1450 = CARTESIAN_POINT ( 'NONE',  ( -9.194723644760664172, 10.49999999999999645, 0.4807593559471461941 ) ) ;
#1451 = CARTESIAN_POINT ( 'NONE',  ( -12.64606983504841509, 10.99999999999999822, -8.077716945080931410 ) ) ;
#1452 = ORIENTED_EDGE ( 'NONE', *, *, #3474, .T. ) ;
#1453 = ORIENTED_EDGE ( 'NONE', *, *, #759, .T. ) ;
#1454 = CARTESIAN_POINT ( 'NONE',  ( -30.99084651295731874, 10.49999999999999822, -15.86136742568598024 ) ) ;
#1455 = AXIS2_PLACEMENT_3D ( 'NONE', #3946, #2588, #1755 ) ;
#1456 = CARTESIAN_POINT ( 'NONE',  ( 3.121596610728095467, 10.50000000000000000, -4.605572289327446889 ) ) ;
#1457 = CARTESIAN_POINT ( 'NONE',  ( 7.975290526505650845, 10.50000000000000000, 0.4283511976069412919 ) ) ;
#1458 = FACE_OUTER_BOUND ( 'NONE', #651, .T. ) ;
#1459 = LINE ( 'NONE', #3531, #601 ) ;
#1460 = EDGE_CURVE ( 'NONE', #5305, #701, #3914, .T. ) ;
#1461 = CARTESIAN_POINT ( 'NONE',  ( -18.16304187309451024, 10.49999999999999822, -18.12509765625000568 ) ) ;
#1462 = VECTOR ( 'NONE', #4930, 1000.000000000000000 ) ;
#1463 = AXIS2_PLACEMENT_3D ( 'NONE', #2899, #1700, #1674 ) ;
#1464 = CARTESIAN_POINT ( 'NONE',  ( 0.7243623407757943111, 11.00000000000000000, -4.987244201571611413 ) ) ;
#1465 = EDGE_LOOP ( 'NONE', ( #2038, #4643, #4170, #1775 ) ) ;
#1466 = CARTESIAN_POINT ( 'NONE',  ( -8.184619413392285381, 10.49999999999999645, -9.583070464813991052 ) ) ;
#1467 = STYLED_ITEM ( 'NONE', ( #290 ), #282 ) ;
#1468 = LINE ( 'NONE', #640, #3212 ) ;
#1469 = AXIS2_PLACEMENT_3D ( 'NONE', #230, #3205, #1925 ) ;
#1470 = CARTESIAN_POINT ( 'NONE',  ( -2.067300905123762078, 10.99999999999999645, -3.140894658515251514 ) ) ;
#1471 = EDGE_CURVE ( 'NONE', #75, #2065, #1459, .T. ) ;
#1472 = CARTESIAN_POINT ( 'NONE',  ( 0.4498511337652404407, 10.49999999999999822, -3.285088366996955500 ) ) ;
#1473 = CARTESIAN_POINT ( 'NONE',  ( 10.44330004599049389, 10.99999999999999822, 2.058178148227592708 ) ) ;
#1474 = VECTOR ( 'NONE', #479, 1000.000000000000000 ) ;
#1475 = CARTESIAN_POINT ( 'NONE',  ( 44.25000000000000000, 11.00000000000000000, 27.49999999999999645 ) ) ;
#1476 = CARTESIAN_POINT ( 'NONE',  ( -11.61977425180332624, 10.99999999999999645, -12.74470359688526955 ) ) ;
#1477 = EDGE_LOOP ( 'NONE', ( #4598, #1850, #210, #429 ) ) ;
#1478 = AXIS2_PLACEMENT_3D ( 'NONE', #4972, #4455, #654 ) ;
#1479 = CARTESIAN_POINT ( 'NONE',  ( -30.99084651295731874, 10.49999999999999822, -18.12509765625000568 ) ) ;
#1480 = CARTESIAN_POINT ( 'NONE',  ( -9.127690929646838924, 11.00000000000000000, -9.625206284393026834 ) ) ;
#1481 = ORIENTED_EDGE ( 'NONE', *, *, #1608, .T. ) ;
#1482 = ORIENTED_EDGE ( 'NONE', *, *, #2939, .T. ) ;
#1483 = DIRECTION ( 'NONE',  ( 0.000000000000000000, 0.000000000000000000, -1.000000000000000000 ) ) ;
#1484 = CARTESIAN_POINT ( 'NONE',  ( 10.36235863807876711, 10.50000000000000178, -5.901698698242014096 ) ) ;
#1485 = CARTESIAN_POINT ( 'NONE',  ( -11.41901222787252301, 11.00000000000000000, -8.669307838998195237 ) ) ;
#1486 = CARTESIAN_POINT ( 'NONE',  ( -2.740821324307055828, 10.50000000000000000, -14.54853304086318211 ) ) ;
#1487 = ORIENTED_EDGE ( 'NONE', *, *, #3741, .T. ) ;
#1488 = CARTESIAN_POINT ( 'NONE',  ( -2.701639843245449590, 10.99999999999999822, -0.5074585372699627062 ) ) ;
#1489 = CARTESIAN_POINT ( 'NONE',  ( 23.42851489622110606, 11.00000000000000355, -11.89426989438760174 ) ) ;
#1490 = CARTESIAN_POINT ( 'NONE',  ( 24.53215016015267125, 10.50000000000000000, -17.84665912460605597 ) ) ;
#1491 = DIRECTION ( 'NONE',  ( -0.000000000000000000, -1.000000000000000000, -0.000000000000000000 ) ) ;
#1492 = EDGE_CURVE ( 'NONE', #3621, #1710, #4835, .T. ) ;
#1493 = FACE_OUTER_BOUND ( 'NONE', #5008, .T. ) ;
#1494 = DIRECTION ( 'NONE',  ( -0.000000000000000000, -1.000000000000000000, -0.000000000000000000 ) ) ;
#1495 = DIRECTION ( 'NONE',  ( -0.000000000000000000, -1.000000000000000000, -0.000000000000000000 ) ) ;
#1496 = CARTESIAN_POINT ( 'NONE',  ( 2.305888472138807987, 11.00000000000000000, 1.082917969584869411 ) ) ;
#1497 = CARTESIAN_POINT ( 'NONE',  ( 13.14447177070271167, 10.99999999999999289, -0.5074585372699627062 ) ) ;
#1498 = EDGE_CURVE ( 'NONE', #1240, #5305, #3971, .T. ) ;
#1499 = FACE_OUTER_BOUND ( 'NONE', #415, .T. ) ;
#1500 = CARTESIAN_POINT ( 'NONE',  ( -11.27480864682426898, 10.99999999999999289, -11.31419322818666906 ) ) ;
#1501 = ORIENTED_EDGE ( 'NONE', *, *, #1127, .T. ) ;
#1502 = CARTESIAN_POINT ( 'NONE',  ( -5.512091157494521276, 10.49999999999999822, -8.669307838998195237 ) ) ;
#1503 = CARTESIAN_POINT ( 'NONE',  ( -8.593140083775029581, 10.49999999999999645, 0.4851405820499730126 ) ) ;
#1504 = CARTESIAN_POINT ( 'NONE',  ( -53.83162243992889984, -11.00000000000000000, 35.27853249633628963 ) ) ;
#1505 = EDGE_CURVE ( 'NONE', #1632, #1350, #1017, .T. ) ;
#1506 = VERTEX_POINT ( 'NONE', #3086 ) ;
#1507 = VERTEX_POINT ( 'NONE', #1832 ) ;
#1508 = CARTESIAN_POINT ( 'NONE',  ( 24.15587049709280620, 10.49999999999999645, -13.10526871995290854 ) ) ;
#1509 = CARTESIAN_POINT ( 'NONE',  ( 9.462509315982481795, 10.49999999999999822, -6.681204552571068156 ) ) ;
#1510 = CARTESIAN_POINT ( 'NONE',  ( -12.25842577412010925, 11.00000000000000178, -8.306008765541390559 ) ) ;
#1511 = CARTESIAN_POINT ( 'NONE',  ( -3.733676603561325358, 10.99999999999999289, -16.39568747576701568 ) ) ;
#1512 = B_SPLINE_CURVE_WITH_KNOTS ( 'NONE', 3,
 ( #3856, #4179, #51, #1660, #1263, #2073, #4699, #4622, #2605, #2189, #3884, #3330, #5451, #5002, #825, #1204, #3362, #4207, #2106 ),
 .UNSPECIFIED., .F., .F.,
 ( 4, 1, 1, 1, 1, 1, 1, 1, 1, 1, 1, 1, 1, 1, 1, 1, 4 ),
 ( 0.000000000000000000, 0.06127799588891230664, 0.1224540833441316451, 0.1827203919431279466, 0.2425914741440298728, 0.3035507525742406898, 0.3647467379280037725, 0.4275722839410225351, 0.4918442664612444615, 0.5566374231247609439, 0.6202549241043135986, 0.6830925805991635569, 0.7459035909517830465, 0.8081866149769406649, 0.8714875612882645450, 0.9351504973674352739, 1.000000000000000000 ),
 .UNSPECIFIED. ) ;
#1513 = CARTESIAN_POINT ( 'NONE',  ( 44.25000000000001421, 11.00000000000000000, -42.50000000000000711 ) ) ;
#1514 = CARTESIAN_POINT ( 'NONE',  ( 10.33402045645364531, 10.49999999999999822, -8.669307838998195237 ) ) ;
#1515 = CARTESIAN_POINT ( 'NONE',  ( -12.25461502238770883, 11.00000000000000178, -1.149428727915372761 ) ) ;
#1516 = CARTESIAN_POINT ( 'NONE',  ( 21.65014055459345954, 11.00000000000000355, -12.90341902772653349 ) ) ;
#1517 = CARTESIAN_POINT ( 'NONE',  ( -55.19957000213242537, -11.00000000000000000, 32.60856630421672975 ) ) ;
#1518 = VECTOR ( 'NONE', #4944, 1000.000000000000000 ) ;
#1519 = CARTESIAN_POINT ( 'NONE',  ( -5.696078832715801177, 10.50000000000000000, -11.32202104123099140 ) ) ;
#1520 = CARTESIAN_POINT ( 'NONE',  ( 2.305888472138807987, 11.00000000000000000, 1.082917969584869411 ) ) ;
#1521 = FACE_OUTER_BOUND ( 'NONE', #2936, .T. ) ;
#1522 = CARTESIAN_POINT ( 'NONE',  ( 5.356091866283382075, 10.49999999999999645, -10.30949853321146215 ) ) ;
#1523 = CARTESIAN_POINT ( 'NONE',  ( 0.6587465454557156486, 10.50000000000000000, -1.639276634863753079 ) ) ;
#1524 = CARTESIAN_POINT ( 'NONE',  ( -11.61977425180332624, 10.49999999999999822, -12.74470359688526955 ) ) ;
#1525 = CARTESIAN_POINT ( 'NONE',  ( 13.25261041037390264, 10.50000000000000000, -12.48286635963155966 ) ) ;
#1526 = CARTESIAN_POINT ( 'NONE',  ( -8.756320845374665041, 10.50000000000000000, -18.36885239456136532 ) ) ;
#1527 = CARTESIAN_POINT ( 'NONE',  ( -11.49449035062240299, 11.00000000000000178, -17.70324365154191426 ) ) ;
#1528 = CARTESIAN_POINT ( 'NONE',  ( -55.19957000213242537, -11.00000000000000000, 32.60856630421672975 ) ) ;
#1529 = CARTESIAN_POINT ( 'NONE',  ( -4.740237557680799796, 10.49999999999999822, -2.210055806739936290 ) ) ;
#1530 = EDGE_CURVE ( 'NONE', #3597, #3492, #4760, .T. ) ;
#1531 = EDGE_LOOP ( 'NONE', ( #22, #3322, #2871, #1768 ) ) ;
#1532 = ORIENTED_EDGE ( 'NONE', *, *, #1669, .F. ) ;
#1533 = B_SPLINE_CURVE_WITH_KNOTS ( 'NONE', 3,
 ( #2030, #2921, #422, #2115, #365, #7, #1639, #4112, #1697, #4960, #752, #309, #4576, #4135, #3314, #5071, #338, #1272, #4656 ),
 .UNSPECIFIED., .F., .F.,
 ( 4, 1, 1, 1, 1, 1, 1, 1, 1, 1, 1, 1, 1, 1, 1, 1, 4 ),
 ( 0.000000000000000000, 0.06545137439270624913, 0.1283012966323242576, 0.1898461666692817795, 0.2501582250180908740, 0.3096868125099235258, 0.3701593555817414005, 0.4311853091140626648, 0.4933958659505227051, 0.5562891445974091909, 0.6182655696068303230, 0.6792766321014257480, 0.7402876945960212840, 0.8025566468366115425, 0.8663773370865411882, 0.9322162741114029538, 1.000000000000000000 ),
 .UNSPECIFIED. ) ;
#1534 = ORIENTED_EDGE ( 'NONE', *, *, #1807, .F. ) ;
#1535 = EDGE_LOOP ( 'NONE', ( #2637, #2657, #3366, #3047 ) ) ;
#1536 = PLANE ( 'NONE',  #4445 ) ;
#1537 = CARTESIAN_POINT ( 'NONE',  ( -14.39015815548780353, 11.00000000000000178, -13.14567716645031936 ) ) ;
#1538 = DIRECTION ( 'NONE',  ( -0.000000000000000000, 1.000000000000000000, -0.000000000000000000 ) ) ;
#1539 = EDGE_CURVE ( 'NONE', #1902, #161, #2195, .T. ) ;
#1540 = ORIENTED_EDGE ( 'NONE', *, *, #4554, .F. ) ;
#1541 = PRODUCT_DEFINITION_SHAPE ( 'NONE', 'NONE',  #4138 ) ;
#1542 = CARTESIAN_POINT ( 'NONE',  ( 7.975290526505650845, 10.50000000000000000, 0.4283511976069412919 ) ) ;
#1543 = LINE ( 'NONE', #355, #2504 ) ;
#1544 = DIRECTION ( 'NONE',  ( 1.000000000000000000, 0.000000000000000000, 0.000000000000000000 ) ) ;
#1545 = CARTESIAN_POINT ( 'NONE',  ( -4.648792731451961480, 10.49999999999999645, -4.205637562895960357 ) ) ;
#1546 = ADVANCED_FACE ( 'NONE', ( #612 ), #4407, .F. ) ;
#1547 = CARTESIAN_POINT ( 'NONE',  ( -38.48999999999999488, 4.009999999999998899, -15.67000000000001059 ) ) ;
#1548 = CARTESIAN_POINT ( 'NONE',  ( 9.615112078270710683, 10.99999999999999645, -15.16821815523729633 ) ) ;
#1549 = EDGE_LOOP ( 'NONE', ( #2243, #731, #1284, #2884 ) ) ;
#1550 = EDGE_LOOP ( 'NONE', ( #1334, #660, #1223, #1630, #3099, #4977, #4777, #292, #5226, #3626, #4229, #4502, #1691, #5355, #3714, #3000 ) ) ;
#1551 = CARTESIAN_POINT ( 'NONE',  ( 10.50764676899670391, 11.00000000000000000, -12.74467283732331602 ) ) ;
#1552 = DIRECTION ( 'NONE',  ( 0.000000000000000000, 0.000000000000000000, -1.000000000000000000 ) ) ;
#1553 = CARTESIAN_POINT ( 'NONE',  ( 24.67490867056497450, 10.49999999999999822, -18.12509765625000568 ) ) ;
#1554 = PLANE ( 'NONE',  #5267 ) ;
#1555 = CARTESIAN_POINT ( 'NONE',  ( 0.5608384769167826800, 10.50000000000000000, -2.034560898765712000 ) ) ;
#1556 = CARTESIAN_POINT ( 'NONE',  ( 8.930321907202795728, 10.99999999999999467, 2.576386256382621198 ) ) ;
#1557 = AXIS2_PLACEMENT_3D ( 'NONE', #4989, #4165, #369 ) ;
#1558 = APPLICATION_CONTEXT ( 'automotive_design' ) ;
#1559 = LINE ( 'NONE', #1446, #3591 ) ;
#1560 = CARTESIAN_POINT ( 'NONE',  ( -10.24138649122541800, 10.50000000000000000, -10.11305156707839537 ) ) ;
#1561 = CARTESIAN_POINT ( 'NONE',  ( -8.756320845374665041, 11.00000000000000178, -18.36885239456136532 ) ) ;
#1562 = CARTESIAN_POINT ( 'NONE',  ( -12.06950692978533191, 10.99999999999999645, -9.055677819624561309 ) ) ;
#1563 = CARTESIAN_POINT ( 'NONE',  ( -4.641524248814252296, 10.49999999999999822, -2.592745307745567995 ) ) ;
#1564 = DIRECTION ( 'NONE',  ( 0.000000000000000000, 0.000000000000000000, 1.000000000000000000 ) ) ;
#1565 = ADVANCED_FACE ( 'NONE', ( #940 ), #3608, .F. ) ;
#1566 = ORIENTED_EDGE ( 'NONE', *, *, #79, .F. ) ;
#1567 = EDGE_LOOP ( 'NONE', ( #4309, #4528 ) ) ;
#1568 = CARTESIAN_POINT ( 'NONE',  ( 24.84783250762195195, 10.49999999999999822, -14.34042367702577714 ) ) ;
#1569 = CARTESIAN_POINT ( 'NONE',  ( 1.485483635698530813, 11.00000000000000178, -12.47390212536448928 ) ) ;
#1570 = CARTESIAN_POINT ( 'NONE',  ( -15.18736506849245238, 10.49999999999999645, -1.639276634863752857 ) ) ;
#1571 = EDGE_CURVE ( 'NONE', #4324, #2687, #5284, .T. ) ;
#1572 = CARTESIAN_POINT ( 'NONE',  ( 11.26093189440418563, 10.49999999999999822, -3.277141498485124593 ) ) ;
#1573 =( NAMED_UNIT ( * ) SI_UNIT ( $, .STERADIAN. ) SOLID_ANGLE_UNIT ( ) );
#1574 = CARTESIAN_POINT ( 'NONE',  ( -14.38174893493905593, 10.49999999999999822, -13.38358649696485081 ) ) ;
#1575 = DIRECTION ( 'NONE',  ( -0.000000000000000000, 1.000000000000000000, -0.000000000000000000 ) ) ;
#1576 = CARTESIAN_POINT ( 'NONE',  ( -8.742622840695263520, 10.49999999999999822, 0.4877953506097513769 ) ) ;
#1577 = CARTESIAN_POINT ( 'NONE',  ( 2.831593280022274062, 11.00000000000000000, -7.823561220026821417 ) ) ;
#1578 = VERTEX_POINT ( 'NONE', #3221 ) ;
#1579 = EDGE_CURVE ( 'NONE', #1788, #5023, #3277, .T. ) ;
#1580 = CARTESIAN_POINT ( 'NONE',  ( -3.020449253633563647, 11.00000000000000000, -6.533560136791872530 ) ) ;
#1581 = CARTESIAN_POINT ( 'NONE',  ( 41.75000000000000000, 5.999999999999999112, 8.277109156803622647E-15 ) ) ;
#1582 = CARTESIAN_POINT ( 'NONE',  ( -7.847344155092789819, 10.99999999999999645, -16.05987475837657641 ) ) ;
#1583 = DIRECTION ( 'NONE',  ( -0.000000000000000000, -1.000000000000000000, -0.000000000000000000 ) ) ;
#1584 = CARTESIAN_POINT ( 'NONE',  ( -6.056930893312736153, 11.00000000000000000, -6.453961277063840818 ) ) ;
#1585 = CARTESIAN_POINT ( 'NONE',  ( 5.837741249346555250, 10.49999999999999822, -15.75570522457500644 ) ) ;
#1586 = CARTESIAN_POINT ( 'NONE',  ( -11.57370249755085112, 10.49999999999999467, -12.20630241628765056 ) ) ;
#1587 = DIRECTION ( 'NONE',  ( -0.000000000000000000, -1.000000000000000000, -0.000000000000000000 ) ) ;
#1588 = LINE ( 'NONE', #3290, #503 ) ;
#1589 = CARTESIAN_POINT ( 'NONE',  ( -11.39888932483926887, 11.00000000000000533, -11.60062177242599901 ) ) ;
#1590 = DIRECTION ( 'NONE',  ( 0.000000000000000000, 0.000000000000000000, -1.000000000000000000 ) ) ;
#1591 = ORIENTED_EDGE ( 'NONE', *, *, #1772, .T. ) ;
#1592 = ORIENTED_EDGE ( 'NONE', *, *, #4746, .F. ) ;
#1593 = ORIENTED_EDGE ( 'NONE', *, *, #4117, .F. ) ;
#1594 = CARTESIAN_POINT ( 'NONE',  ( 19.22845479322494455, 11.00000000000000178, -5.827383077672239509 ) ) ;
#1595 = CARTESIAN_POINT ( 'NONE',  ( -9.284765997574204732, 11.00000000000000000, -18.35359544416391842 ) ) ;
#1596 = CARTESIAN_POINT ( 'NONE',  ( -11.84700925831962870, 10.99999999999999822, -8.502799618723182462 ) ) ;
#1597 = CARTESIAN_POINT ( 'NONE',  ( 9.135671995892495900, 10.50000000000000178, 0.07000388528563561419 ) ) ;
#1598 = PRESENTATION_STYLE_ASSIGNMENT (( #1173 ) ) ;
#1599 = CARTESIAN_POINT ( 'NONE',  ( -10.04341445146740064, 10.99999999999999645, 0.3474155163753754327 ) ) ;
#1600 = CARTESIAN_POINT ( 'NONE',  ( 7.358944441632523592, 11.00000000000000000, -18.37662323742378234 ) ) ;
#1601 = EDGE_CURVE ( 'NONE', #3722, #701, #4926, .T. ) ;
#1602 = CARTESIAN_POINT ( 'NONE',  ( -45.83260642832909326, 11.00000000000000000, -24.84825803541137290 ) ) ;
#1603 = ORIENTED_EDGE ( 'NONE', *, *, #4290, .F. ) ;
#1604 = CARTESIAN_POINT ( 'NONE',  ( 7.347154180015002645, 11.00000000000000000, -9.573227896341467869 ) ) ;
#1605 = CARTESIAN_POINT ( 'NONE',  ( 2.209968091367267462, 10.50000000000000178, -15.81288761633181394 ) ) ;
#1606 = CARTESIAN_POINT ( 'NONE',  ( -7.540990872852824545, 10.50000000000000000, -15.98456117665961251 ) ) ;
#1607 = CARTESIAN_POINT ( 'NONE',  ( 4.730768312781559182, 10.50000000000000178, -11.04310857290538017 ) ) ;
#1608 = EDGE_CURVE ( 'NONE', #5133, #3516, #1146, .T. ) ;
#1609 = CARTESIAN_POINT ( 'NONE',  ( -4.641524248814252296, 11.00000000000000000, -2.592745307745567995 ) ) ;
#1610 = CARTESIAN_POINT ( 'NONE',  ( -8.742622840695263520, 10.99999999999999645, 0.4877953506097513769 ) ) ;
#1611 = CARTESIAN_POINT ( 'NONE',  ( -3.816572186460115645, 10.49999999999999645, -7.536463987655458219 ) ) ;
#1612 = CARTESIAN_POINT ( 'NONE',  ( 49.75000000000000711, -2.499999999999998668, 17.49999999999999645 ) ) ;
#1613 = CARTESIAN_POINT ( 'NONE',  ( 3.826964278299896716, 10.99999999999999822, -0.8514463652335977351 ) ) ;
#1614 = CARTESIAN_POINT ( 'NONE',  ( 49.75000000000000000, 5.999999999999998224, -32.50000000000000711 ) ) ;
#1615 = CARTESIAN_POINT ( 'NONE',  ( 10.51087438071646041, 10.49999999999999822, -12.85485071321813422 ) ) ;
#1616 = CARTESIAN_POINT ( 'NONE',  ( -3.533433022368853038, 10.50000000000000000, -7.227222992459361173 ) ) ;
#1617 = ORIENTED_EDGE ( 'NONE', *, *, #5299, .T. ) ;
#1618 = ORIENTED_EDGE ( 'NONE', *, *, #4922, .F. ) ;
#1619 = PLANE ( 'NONE',  #5409 ) ;
#1620 = CARTESIAN_POINT ( 'NONE',  ( 4.341682902792427079, 11.00000000000000000, -11.89612836568935883 ) ) ;
#1621 = CARTESIAN_POINT ( 'NONE',  ( 30.38139529344512013, 10.49999999999999822, -4.542716272865859217 ) ) ;
#1622 = CARTESIAN_POINT ( 'NONE',  ( -11.28358567226407239, 10.49999999999999467, -14.42597190878089108 ) ) ;
#1623 = B_SPLINE_SURFACE_WITH_KNOTS ( 'NONE', 3, 1, ( 
 ( #4645, #1317 ),
 ( #4343, #1686 ),
 ( #3020, #1261 ),
 ( #550, #3827 ),
 ( #5170, #1741 ),
 ( #3414, #76 ),
 ( #101, #5142 ),
 ( #852, #1373 ),
 ( #5115, #4697 ),
 ( #4752, #3049 ),
 ( #3388, #2241 ),
 ( #905, #2603 ),
 ( #960, #4287 ),
 ( #2994, #492 ),
 ( #25, #1287 ) ),
 .UNSPECIFIED., .F., .F., .F.,
 ( 4, 1, 1, 1, 1, 1, 1, 1, 1, 1, 1, 1, 4 ),
 ( 2, 2 ),
 ( 0.000000000000000000, 0.08109067736245556546, 0.1601764339438525586, 0.2388162051317055667, 0.3186263804358751561, 0.3991842317164751575, 0.4794762106755970921, 0.5613809783239201989, 0.6461064879495128643, 0.7328044657007589668, 0.8198153588020310467, 0.9082263167607932397, 0.9999999999999998890 ),
 ( 0.000000000000000000, 1.000000000000000000 ),
 .UNSPECIFIED. ) ;
#1624 = ORIENTED_EDGE ( 'NONE', *, *, #964, .F. ) ;
#1625 = CARTESIAN_POINT ( 'NONE',  ( -27.99048182774293636, 10.49999999999999822, 2.190471945977837009 ) ) ;
#1626 = CARTESIAN_POINT ( 'NONE',  ( 1.841442690517860914, 10.49999999999999822, -6.907575538794191061 ) ) ;
#1627 = B_SPLINE_CURVE_WITH_KNOTS ( 'NONE', 3,
 ( #276, #1970, #3254, #1663, #2857, #5007, #2051, #5036, #4597, #1580, #4105, #1239, #3750, #2885, #4156, #2412, #4626, #2497, #745 ),
 .UNSPECIFIED., .F., .F.,
 ( 4, 1, 1, 1, 1, 1, 1, 1, 1, 1, 1, 1, 1, 1, 1, 1, 4 ),
 ( 0.000000000000000000, 0.06082912667494302233, 0.1209324760378382158, 0.1812012876559171148, 0.2419971076337059934, 0.3028512023684455379, 0.3645263093678414723, 0.4277714761524340492, 0.4925564755824798358, 0.5574247931074711726, 0.6213468807101306668, 0.6843647913995043464, 0.7468339144776861005, 0.8098250352535552032, 0.8723940506769735093, 0.9360462338189018405, 1.000000000000000000 ),
 .UNSPECIFIED. ) ;
#1628 = CARTESIAN_POINT ( 'NONE',  ( 15.71928736235796542, 11.00000000000000000, -4.919553900631811416 ) ) ;
#1629 = CARTESIAN_POINT ( 'NONE',  ( 9.384100635275075319, 10.99999999999999467, -15.38867703849071944 ) ) ;
#1630 = ORIENTED_EDGE ( 'NONE', *, *, #424, .T. ) ;
#1631 = CARTESIAN_POINT ( 'NONE',  ( 4.341682902792427079, 10.49999999999999822, -11.89612836568935883 ) ) ;
#1632 = VERTEX_POINT ( 'NONE', #2436 ) ;
#1633 = DIRECTION ( 'NONE',  ( 0.7071067811865459074, -0.000000000000000000, 0.7071067811865491270 ) ) ;
#1634 = EDGE_CURVE ( 'NONE', #1766, #75, #356, .T. ) ;
#1635 = CARTESIAN_POINT ( 'NONE',  ( -6.710438577074865130, 10.99999999999999822, -15.58081100374876193 ) ) ;
#1636 = DIRECTION ( 'NONE',  ( -0.000000000000000000, 1.000000000000000000, 0.000000000000000000 ) ) ;
#1637 = AXIS2_PLACEMENT_3D ( 'NONE', #281, #642, #2335 ) ;
#1638 = CARTESIAN_POINT ( 'NONE',  ( -6.383602297965681238, 11.00000000000000000, -6.681204552571068156 ) ) ;
#1639 = CARTESIAN_POINT ( 'NONE',  ( -10.00837036460160689, 10.49999999999999467, -15.75570522457500289 ) ) ;
#1640 = CARTESIAN_POINT ( 'NONE',  ( -2.434003340564345752, 10.99999999999999822, -5.378983794962195475 ) ) ;
#1641 = ADVANCED_FACE ( 'NONE', ( #4564 ), #5335, .T. ) ;
#1642 = DIRECTION ( 'NONE',  ( 0.000000000000000000, 0.000000000000000000, 1.000000000000000000 ) ) ;
#1643 = CARTESIAN_POINT ( 'NONE',  ( 3.112802291017698675, 11.00000000000000533, -2.190147522269449976 ) ) ;
#1644 = PLANE ( 'NONE',  #4561 ) ;
#1645 = CARTESIAN_POINT ( 'NONE',  ( 10.45954374005816589, 11.00000000000000355, -8.613833298032165686 ) ) ;
#1646 = VECTOR ( 'NONE', #2444, 1000.000000000000000 ) ;
#1647 = CARTESIAN_POINT ( 'NONE',  ( -11.38823989130300518, 11.00000000000000178, 2.338284246098173647 ) ) ;
#1648 = ORIENTED_EDGE ( 'NONE', *, *, #1405, .T. ) ;
#1649 = ORIENTED_EDGE ( 'NONE', *, *, #4980, .F. ) ;
#1650 = ORIENTED_EDGE ( 'NONE', *, *, #1360, .T. ) ;
#1651 = CARTESIAN_POINT ( 'NONE',  ( 11.26146830014838152, 10.99999999999998934, -3.552527687885102647 ) ) ;
#1652 = VECTOR ( 'NONE', #3617, 1000.000000000000000 ) ;
#1653 = CARTESIAN_POINT ( 'NONE',  ( 11.29729002301003504, 11.00000000000000178, 1.570400566115654373 ) ) ;
#1654 = DIRECTION ( 'NONE',  ( 0.000000000000000000, -1.000000000000000000, 0.000000000000000000 ) ) ;
#1655 = CARTESIAN_POINT ( 'NONE',  ( -10.73949917638801210, 10.49999999999999822, -15.18795678384890380 ) ) ;
#1656 = CIRCLE ( 'NONE', #1387, 2.999999999999999112 ) ;
#1657 = VERTEX_POINT ( 'NONE', #4484 ) ;
#1658 = CARTESIAN_POINT ( 'NONE',  ( 10.10654675646751244, 10.49999999999999822, -0.5903761576878149286 ) ) ;
#1659 = DIRECTION ( 'NONE',  ( -1.000000000000000000, 0.000000000000000000, 0.000000000000000000 ) ) ;
#1660 = CARTESIAN_POINT ( 'NONE',  ( -15.33015014204836213, 10.50000000000000000, -4.152302161992776242 ) ) ;
#1661 = CARTESIAN_POINT ( 'NONE',  ( 1.891242427610834831, 10.49999999999999822, -11.18542321116952287 ) ) ;
#1662 = FACE_OUTER_BOUND ( 'NONE', #2595, .T. ) ;
#1663 = CARTESIAN_POINT ( 'NONE',  ( -4.782122477447082964, 11.00000000000000000, -8.299799974393950563 ) ) ;
#1664 = ORIENTED_EDGE ( 'NONE', *, *, #2463, .T. ) ;
#1665 = CARTESIAN_POINT ( 'NONE',  ( 3.705393011891144450, 10.49999999999999467, -17.33434267920867455 ) ) ;
#1666 = CARTESIAN_POINT ( 'NONE',  ( 10.55485737260414325, 10.99999999999999822, -8.800496264488799625 ) ) ;
#1667 = DIRECTION ( 'NONE',  ( -0.000000000000000000, 1.000000000000000000, -0.000000000000000000 ) ) ;
#1668 = CARTESIAN_POINT ( 'NONE',  ( -6.364707011504040501, 11.00000000000000000, -0.1156209270726399618 ) ) ;
#1669 = EDGE_CURVE ( 'NONE', #5176, #903, #5407, .T. ) ;
#1670 = CARTESIAN_POINT ( 'NONE',  ( 4.719100955776903028, 10.50000000000000000, -14.69395821120028955 ) ) ;
#1671 = CARTESIAN_POINT ( 'NONE',  ( -2.075557201591519352, 10.99999999999999822, -3.716994934501298253 ) ) ;
#1672 = B_SPLINE_SURFACE_WITH_KNOTS ( 'NONE', 3, 1, ( 
 ( #2736, #3266 ),
 ( #1036, #4422 ),
 ( #1139, #626 ),
 ( #2844, #3185 ),
 ( #2318, #4526 ),
 ( #4010, #208 ),
 ( #1898, #3596 ),
 ( #5274, #4035 ),
 ( #2565, #3815 ),
 ( #5020, #2537 ),
 ( #757, #812 ) ),
 .UNSPECIFIED., .F., .F., .F.,
 ( 4, 1, 1, 1, 1, 1, 1, 1, 4 ),
 ( 2, 2 ),
 ( 0.000000000000000000, 0.1177802745702745679, 0.2355024085973924097, 0.3541925801242353233, 0.4772718442520123561, 0.6035651148044751668, 0.7306535158806914954, 0.8630173949212399664, 0.9999999999999998890 ),
 ( 0.000000000000000000, 1.000000000000000000 ),
 .UNSPECIFIED. ) ;
#1673 = CARTESIAN_POINT ( 'NONE',  ( 13.31296665481214525, 10.49999999999999467, -0.8709275102663519563 ) ) ;
#1674 = DIRECTION ( 'NONE',  ( 0.000000000000000000, 0.000000000000000000, -1.000000000000000000 ) ) ;
#1675 = CARTESIAN_POINT ( 'NONE',  ( 49.75000000000000711, -11.00000000000000000, 17.49999999999999645 ) ) ;
#1676 = EDGE_CURVE ( 'NONE', #3133, #543, #4036, .T. ) ;
#1677 = CARTESIAN_POINT ( 'NONE',  ( -12.89640360074225711, 10.50000000000000000, 1.584561690811185253 ) ) ;
#1678 = ORIENTED_EDGE ( 'NONE', *, *, #3141, .F. ) ;
#1679 = ORIENTED_EDGE ( 'NONE', *, *, #223, .F. ) ;
#1680 = VERTEX_POINT ( 'NONE', #2940 ) ;
#1681 = CARTESIAN_POINT ( 'NONE',  ( 8.754585614650697067, 10.49999999999999822, -7.039217158661793761 ) ) ;
#1682 = CARTESIAN_POINT ( 'NONE',  ( 4.447222289108902160, 11.00000000000000355, -11.60062177242599724 ) ) ;
#1683 = LINE ( 'NONE', #4588, #3960 ) ;
#1684 = ORIENTED_EDGE ( 'NONE', *, *, #109, .T. ) ;
#1685 = DIRECTION ( 'NONE',  ( -0.000000000000000000, 1.000000000000000000, -0.000000000000000000 ) ) ;
#1686 = CARTESIAN_POINT ( 'NONE',  ( 1.464362679009109103, 10.99999999999999467, -13.38358649696485081 ) ) ;
#1687 = FACE_OUTER_BOUND ( 'NONE', #1549, .T. ) ;
#1688 = CARTESIAN_POINT ( 'NONE',  ( 2.831593280022274062, 10.49999999999999822, -7.823561220026821417 ) ) ;
#1689 = CARTESIAN_POINT ( 'NONE',  ( -44.26142857142856002, -11.00000000000000000, 13.35379335568629777 ) ) ;
#1690 = LINE ( 'NONE', #2439, #3065 ) ;
#1691 = ORIENTED_EDGE ( 'NONE', *, *, #4317, .T. ) ;
#1692 = CARTESIAN_POINT ( 'NONE',  ( 10.36235863807876711, 11.00000000000000355, -5.901698698242014096 ) ) ;
#1693 = CARTESIAN_POINT ( 'NONE',  ( -35.95000000000000995, -11.00000000000000000, 15.56538618988488665 ) ) ;
#1694 = CARTESIAN_POINT ( 'NONE',  ( -7.247658271430918120, 10.99999999999999822, -15.88302372740492707 ) ) ;
#1695 = CARTESIAN_POINT ( 'NONE',  ( -4.585179719543980958, 11.00000000000000000, -3.277141498485124593 ) ) ;
#1696 = VECTOR ( 'NONE', #1262, 1000.000000000000000 ) ;
#1697 = CARTESIAN_POINT ( 'NONE',  ( -10.51219444562479310, 10.49999999999999645, -15.40425483444232313 ) ) ;
#1698 = CARTESIAN_POINT ( 'NONE',  ( 10.51087438071646041, 11.00000000000000000, -12.85485071321813422 ) ) ;
#1699 = FACE_OUTER_BOUND ( 'NONE', #1224, .T. ) ;
#1700 = DIRECTION ( 'NONE',  ( -0.000000000000000000, -1.000000000000000000, -0.000000000000000000 ) ) ;
#1701 = B_SPLINE_CURVE_WITH_KNOTS ( 'NONE', 3,
 ( #2726, #2749, #4872, #4438, #1075, #4054, #4242, #5458, #2557, #2026, #5068, #4186, #2974, #2473, #4599, #442, #4979, #776, #2079 ),
 .UNSPECIFIED., .F., .F.,
 ( 4, 1, 1, 1, 1, 1, 1, 1, 1, 1, 1, 1, 1, 1, 1, 1, 4 ),
 ( 0.000000000000000000, 0.06082912667494302233, 0.1209324760378382158, 0.1812012876559171148, 0.2419971076337059934, 0.3028512023684455379, 0.3645263093678414723, 0.4277714761524340492, 0.4925564755824798358, 0.5574247931074711726, 0.6213468807101306668, 0.6843647913995043464, 0.7468339144776861005, 0.8098250352535552032, 0.8723940506769735093, 0.9360462338189018405, 1.000000000000000000 ),
 .UNSPECIFIED. ) ;
#1702 = DIRECTION ( 'NONE',  ( -0.000000000000000000, 1.000000000000000000, -0.000000000000000000 ) ) ;
#1703 = CARTESIAN_POINT ( 'NONE',  ( -15.39492011130155191, 10.49999999999999645, -3.142136274207345092 ) ) ;
#1704 = VERTEX_POINT ( 'NONE', #467 ) ;
#1705 = ORIENTED_EDGE ( 'NONE', *, *, #1120, .F. ) ;
#1706 = CARTESIAN_POINT ( 'NONE',  ( 0.4498511337652404407, 11.00000000000000000, -3.285088366996955500 ) ) ;
#1707 = ADVANCED_FACE ( 'NONE', ( #5117 ), #495, .F. ) ;
#1708 = CARTESIAN_POINT ( 'NONE',  ( 13.73441531173926400, 10.99999999999999822, -2.436952711186666232 ) ) ;
#1709 = LINE ( 'NONE', #20, #2091 ) ;
#1710 = VERTEX_POINT ( 'NONE', #2580 ) ;
#1711 = CARTESIAN_POINT ( 'NONE',  ( -19.63191305961215605, 11.00000000000000533, -13.77733968364323580 ) ) ;
#1712 = FACE_OUTER_BOUND ( 'NONE', #1032, .T. ) ;
#1713 = CYLINDRICAL_SURFACE ( 'NONE', #2138, 3.000000000000000000 ) ;
#1714 = EDGE_CURVE ( 'NONE', #1742, #1507, #1512, .T. ) ;
#1715 = CARTESIAN_POINT ( 'NONE',  ( -4.869825388708792779, 10.49999999999999289, -4.933993113885452253 ) ) ;
#1716 = CARTESIAN_POINT ( 'NONE',  ( 4.351621263325762712, 11.00000000000000355, -17.70324365154191781 ) ) ;
#1717 = CARTESIAN_POINT ( 'NONE',  ( -25.27879800642689645, 11.00000000000000178, -7.003199197564507372 ) ) ;
#1718 = EDGE_LOOP ( 'NONE', ( #5134, #1296, #4475, #5141, #2024, #3389, #1448 ) ) ;
#1719 = CARTESIAN_POINT ( 'NONE',  ( 9.789180720635432209, 11.00000000000000000, -6.453961277063840818 ) ) ;
#1720 = CARTESIAN_POINT ( 'NONE',  ( -5.383462110330325956, 11.00000000000000000, -13.50899607171235495 ) ) ;
#1721 = CARTESIAN_POINT ( 'NONE',  ( 10.15003278123236363, 11.00000000000000178, -11.32202104123099140 ) ) ;
#1722 = PLANE ( 'NONE',  #1455 ) ;
#1723 = CARTESIAN_POINT ( 'NONE',  ( 3.776604684162828907, 10.50000000000000000, -9.055677819624566638 ) ) ;
#1724 = DIRECTION ( 'NONE',  ( 0.000000000000000000, 0.000000000000000000, 1.000000000000000000 ) ) ;
#1725 = CARTESIAN_POINT ( 'NONE',  ( 13.65211105234329203, 11.00000000000000000, -4.564449597647652013 ) ) ;
#1726 = CARTESIAN_POINT ( 'NONE',  ( -11.38823989130300518, 10.50000000000000000, 2.338284246098173647 ) ) ;
#1727 = AXIS2_PLACEMENT_3D ( 'NONE', #3308, #5175, #498 ) ;
#1728 = CARTESIAN_POINT ( 'NONE',  ( -25.22935139173737440, 10.50000000000000000, 2.185207089484355159 ) ) ;
#1729 = VERTEX_POINT ( 'NONE', #3802 ) ;
#1730 = EDGE_LOOP ( 'NONE', ( #2319, #2738, #3225, #316 ) ) ;
#1731 = FACE_OUTER_BOUND ( 'NONE', #2146, .T. ) ;
#1732 = CARTESIAN_POINT ( 'NONE',  ( 7.421127740549119167, 11.00000000000000000, 2.743303851952143102 ) ) ;
#1733 = DIRECTION ( 'NONE',  ( 0.000000000000000000, -1.000000000000000000, 0.000000000000000000 ) ) ;
#1734 = AXIS2_PLACEMENT_3D ( 'NONE', #1248, #4140, #2089 ) ;
#1735 = CARTESIAN_POINT ( 'NONE',  ( -11.61245024212376720, 10.50000000000000000, -13.19374844126196145 ) ) ;
#1736 = EDGE_LOOP ( 'NONE', ( #2944, #1006 ) ) ;
#1737 = ADVANCED_FACE ( 'NONE', ( #5480 ), #3391, .T. ) ;
#1738 = CIRCLE ( 'NONE', #233, 2.500000000000002220 ) ;
#1739 = VERTEX_POINT ( 'NONE', #2272 ) ;
#1740 = AXIS2_PLACEMENT_3D ( 'NONE', #695, #1583, #1131 ) ;
#1741 = CARTESIAN_POINT ( 'NONE',  ( 1.874195097235701102, 10.99999999999999467, -15.19543275067177923 ) ) ;
#1742 = VERTEX_POINT ( 'NONE', #3108 ) ;
#1743 = CARTESIAN_POINT ( 'NONE',  ( -9.194723644760664172, 10.99999999999999822, 0.4807593559471461941 ) ) ;
#1744 = CARTESIAN_POINT ( 'NONE',  ( -5.240090821449203240, 10.49999999999999645, -5.597361666110450606 ) ) ;
#1745 = AXIS2_PLACEMENT_3D ( 'NONE', #459, #408, #3825 ) ;
#1746 = CARTESIAN_POINT ( 'NONE',  ( -6.903502939772661939, 10.99999999999999289, -18.22436116523296690 ) ) ;
#1747 = EDGE_CURVE ( 'NONE', #2567, #4771, #2714, .T. ) ;
#1748 = CARTESIAN_POINT ( 'NONE',  ( -5.566476983095999032, 10.49999999999999822, -11.60747603100392489 ) ) ;
#1749 = ORIENTED_EDGE ( 'NONE', *, *, #11, .F. ) ;
#1750 = VECTOR ( 'NONE', #968, 1000.000000000000000 ) ;
#1751 = DIRECTION ( 'NONE',  ( 0.000000000000000000, 0.000000000000000000, -1.000000000000000000 ) ) ;
#1752 = CARTESIAN_POINT ( 'NONE',  ( 30.38139529344512013, 11.00000000000000000, -4.542716272865859217 ) ) ;
#1753 = CARTESIAN_POINT ( 'NONE',  ( 9.084994200334234549, 10.49999999999999822, -10.11855804556955363 ) ) ;
#1754 = EDGE_CURVE ( 'NONE', #1428, #222, #4725, .T. ) ;
#1755 = DIRECTION ( 'NONE',  ( 0.000000000000000000, -7.862111424108606437E-14, 1.000000000000000000 ) ) ;
#1756 = CARTESIAN_POINT ( 'NONE',  ( -11.61245024212376720, 11.00000000000000178, -13.19374844126196145 ) ) ;
#1757 = FACE_OUTER_BOUND ( 'NONE', #2551, .T. ) ;
#1758 = CARTESIAN_POINT ( 'NONE',  ( 8.770215389806109485, 11.00000000000000000, 0.2240295885091265760 ) ) ;
#1759 = CARTESIAN_POINT ( 'NONE',  ( -8.498957433933163941, 10.49999999999999822, -16.11289300685976400 ) ) ;
#1760 = CARTESIAN_POINT ( 'NONE',  ( 6.247438013225379727, 10.49999999999999467, -7.249785751429270952 ) ) ;
#1761 = ORIENTED_EDGE ( 'NONE', *, *, #4208, .F. ) ;
#1762 = ORIENTED_EDGE ( 'NONE', *, *, #596, .T. ) ;
#1763 = CARTESIAN_POINT ( 'NONE',  ( 49.75000000000000000, -11.00000000000000000, -10.80000000000001137 ) ) ;
#1764 = CARTESIAN_POINT ( 'NONE',  ( 57.75000000000000000, 5.999999999999999112, 27.49999999999999645 ) ) ;
#1765 = CARTESIAN_POINT ( 'NONE',  ( 9.686587398444782337, 10.50000000000000000, -18.01012274321597673 ) ) ;
#1766 = VERTEX_POINT ( 'NONE', #5228 ) ;
#1767 = CARTESIAN_POINT ( 'NONE',  ( -2.179026292923159858, 10.50000000000000000, -2.029039817531657075 ) ) ;
#1768 = ORIENTED_EDGE ( 'NONE', *, *, #2419, .T. ) ;
#1769 = DIRECTION ( 'NONE',  ( 0.000000000000000000, 1.000000000000000000, 0.000000000000000000 ) ) ;
#1770 = DIRECTION ( 'NONE',  ( 0.000000000000000000, 1.000000000000000000, 0.000000000000000000 ) ) ;
#1771 = FACE_OUTER_BOUND ( 'NONE', #1535, .T. ) ;
#1772 = EDGE_CURVE ( 'NONE', #1507, #3253, #915, .T. ) ;
#1773 = CARTESIAN_POINT ( 'NONE',  ( 10.51087438071646041, 10.49999999999999822, -12.85485071321813422 ) ) ;
#1774 = CARTESIAN_POINT ( 'NONE',  ( -5.463854741261934933, 10.49999999999999822, -11.90350887724605222 ) ) ;
#1775 = ORIENTED_EDGE ( 'NONE', *, *, #4424, .T. ) ;
#1776 = DIRECTION ( 'NONE',  ( 0.000000000000000000, -0.000000000000000000, 1.000000000000000000 ) ) ;
#1777 = CARTESIAN_POINT ( 'NONE',  ( -5.335237233231706178, 11.00000000000000000, -12.85485071321813422 ) ) ;
#1778 = ADVANCED_FACE ( 'NONE', ( #1771 ), #3080, .F. ) ;
#1779 = CARTESIAN_POINT ( 'NONE',  ( -5.225986084919653329, 10.50000000000000000, -1.171297859410754594 ) ) ;
#1780 = CYLINDRICAL_SURFACE ( 'NONE', #4304, 5.499999999999998224 ) ;
#1781 = CARTESIAN_POINT ( 'NONE',  ( 41.75000000000000000, 11.00000000000000000, 8.277109156803622647E-15 ) ) ;
#1782 = EDGE_CURVE ( 'NONE', #705, #850, #1912, .T. ) ;
#1783 = CARTESIAN_POINT ( 'NONE',  ( 6.796311363298968011, 10.50000000000000000, 2.743347617036439701 ) ) ;
#1784 = CARTESIAN_POINT ( 'NONE',  ( 11.26545112423780104, 11.00000000000000000, -3.418711331995527125 ) ) ;
#1785 = LINE ( 'NONE', #3483, #1292 ) ;
#1786 = CARTESIAN_POINT ( 'NONE',  ( -20.31190587089794874, 10.50000000000000000, -12.42522550921503210 ) ) ;
#1787 = ORIENTED_EDGE ( 'NONE', *, *, #148, .T. ) ;
#1788 = VERTEX_POINT ( 'NONE', #1799 ) ;
#1789 = CARTESIAN_POINT ( 'NONE',  ( 3.112802291017698675, 10.50000000000000355, -2.190147522269449976 ) ) ;
#1790 = VECTOR ( 'NONE', #3337, 1000.000000000000000 ) ;
#1791 = CARTESIAN_POINT ( 'NONE',  ( 10.45954374005816589, 11.00000000000000178, -8.613833298032165686 ) ) ;
#1792 = CARTESIAN_POINT ( 'NONE',  ( 8.942608674175499317, 10.49999999999999822, -18.22436116523296690 ) ) ;
#1793 = CARTESIAN_POINT ( 'NONE',  ( -57.75000000000000000, -11.00000000000000000, 47.49999999999999289 ) ) ;
#1794 = ORIENTED_EDGE ( 'NONE', *, *, #5419, .F. ) ;
#1795 = AXIS2_PLACEMENT_3D ( 'NONE', #4753, #4778, #961 ) ;
#1796 = VERTEX_POINT ( 'NONE', #2244 ) ;
#1797 = DIRECTION ( 'NONE',  ( -0.000000000000000000, 1.000000000000000000, -0.000000000000000000 ) ) ;
#1798 = CARTESIAN_POINT ( 'NONE',  ( -43.48999999999999488, -11.00000000000000000, 10.45467315135125297 ) ) ;
#1799 = CARTESIAN_POINT ( 'NONE',  ( -5.335237233231706178, 10.49999999999999822, -12.85485071321813422 ) ) ;
#1800 = CARTESIAN_POINT ( 'NONE',  ( 15.28986042301829151, 10.49999999999999822, -2.278986042301834214 ) ) ;
#1801 = LINE ( 'NONE', #3499, #1375 ) ;
#1802 = VERTEX_POINT ( 'NONE', #3469 ) ;
#1803 = CARTESIAN_POINT ( 'NONE',  ( -4.738059967670974260, 11.00000000000000711, -4.579147110536277765 ) ) ;
#1804 = CARTESIAN_POINT ( 'NONE',  ( 21.07667177042831952, 11.00000000000000000, -8.319138786751897996 ) ) ;
#1805 = CARTESIAN_POINT ( 'NONE',  ( 10.33402045645364531, 10.49999999999999822, -8.669307838998195237 ) ) ;
#1806 = CARTESIAN_POINT ( 'NONE',  ( 8.550565846041816798, 10.49999999999999645, -9.811679966736745584 ) ) ;
#1807 = EDGE_CURVE ( 'NONE', #5224, #5472, #2662, .T. ) ;
#1808 = CARTESIAN_POINT ( 'NONE',  ( -18.41775603356215996, 10.99999999999999822, -16.08506836746932933 ) ) ;
#1809 = CARTESIAN_POINT ( 'NONE',  ( -10.74543953741837576, 11.00000000000000000, -6.887813572423907793 ) ) ;
#1810 = CARTESIAN_POINT ( 'NONE',  ( -2.071031836832454065, 10.49999999999999822, -2.857185568690649546 ) ) ;
#1811 = CARTESIAN_POINT ( 'NONE',  ( -12.87708928604057057, 10.49999999999999822, -3.556463577811508348 ) ) ;
#1812 = CARTESIAN_POINT ( 'NONE',  ( 13.77055441235664190, 11.00000000000000000, -3.716994934501298253 ) ) ;
#1813 = CARTESIAN_POINT ( 'NONE',  ( -11.62337676257621943, 10.49999999999999822, -12.85485071321813422 ) ) ;
#1814 = EDGE_CURVE ( 'NONE', #5249, #1742, #534, .T. ) ;
#1815 = CARTESIAN_POINT ( 'NONE',  ( -18.92064450234106232, 10.49999999999999645, -15.16109543238831847 ) ) ;
#1816 = ORIENTED_EDGE ( 'NONE', *, *, #4746, .T. ) ;
#1817 = ORIENTED_EDGE ( 'NONE', *, *, #2496, .F. ) ;
#1818 = CARTESIAN_POINT ( 'NONE',  ( 3.591496591560461304, 10.49999999999999645, -1.149428727915371873 ) ) ;
#1819 = CARTESIAN_POINT ( 'NONE',  ( 10.46264950361784329, 10.49999999999999822, -13.50899607171235495 ) ) ;
#1820 = CARTESIAN_POINT ( 'NONE',  ( 12.52709289883696009, 10.50000000000000178, -15.82337798457984768 ) ) ;
#1821 = CARTESIAN_POINT ( 'NONE',  ( -3.119458075183958012, 10.49999999999999822, 0.1749221086699805083 ) ) ;
#1822 = CIRCLE ( 'NONE', #3329, 2.500000000000002220 ) ;
#1823 = EDGE_CURVE ( 'NONE', #93, #3492, #1935, .T. ) ;
#1824 = ORIENTED_EDGE ( 'NONE', *, *, #209, .T. ) ;
#1825 = ORIENTED_EDGE ( 'NONE', *, *, #3452, .T. ) ;
#1826 = DIRECTION ( 'NONE',  ( -1.000000000000000000, 0.000000000000000000, 0.000000000000000000 ) ) ;
#1827 = CARTESIAN_POINT ( 'NONE',  ( -13.95486918633732998, 10.49999999999999645, -11.18542321116952110 ) ) ;
#1828 = CARTESIAN_POINT ( 'NONE',  ( 9.135671995892495900, 10.50000000000000178, 0.07000388528563561419 ) ) ;
#1829 = VECTOR ( 'NONE', #4448, 1000.000000000000000 ) ;
#1830 = CARTESIAN_POINT ( 'NONE',  ( -5.388697887507383655, 10.49999999999999645, -12.20986087329393932 ) ) ;
#1831 = LINE ( 'NONE', #165, #2587 ) ;
#1832 = CARTESIAN_POINT ( 'NONE',  ( -11.41901222787252301, 10.49999999999999822, -8.669307838998195237 ) ) ;
#1833 = DIRECTION ( 'NONE',  ( 0.000000000000000000, 1.000000000000000000, 0.000000000000000000 ) ) ;
#1834 = CARTESIAN_POINT ( 'NONE',  ( 49.75000000000000000, -2.499999999999998668, -32.50000000000000711 ) ) ;
#1835 = AXIS2_PLACEMENT_3D ( 'NONE', #1019, #5289, #5259 ) ;
#1836 = CARTESIAN_POINT ( 'NONE',  ( 47.74999999999997868, -11.00000000000000000, 47.49999999999999289 ) ) ;
#1837 = CARTESIAN_POINT ( 'NONE',  ( -8.609161021501591904, 10.99999999999999822, -16.10976935708335489 ) ) ;
#1838 = DIRECTION ( 'NONE',  ( 0.000000000000000000, 0.000000000000000000, -1.000000000000000000 ) ) ;
#1839 = FACE_BOUND ( 'NONE', #814, .T. ) ;
#1840 = CARTESIAN_POINT ( 'NONE',  ( -4.234756245770915584, 10.49999999999999645, -16.90221961948399354 ) ) ;
#1841 = CARTESIAN_POINT ( 'NONE',  ( -8.498957433933163941, 10.99999999999999645, -16.11289300685976400 ) ) ;
#1842 = CARTESIAN_POINT ( 'NONE',  ( 3.121596610728095467, 10.50000000000000000, -4.605572289327446889 ) ) ;
#1843 = ORIENTED_EDGE ( 'NONE', *, *, #2411, .T. ) ;
#1844 = EDGE_LOOP ( 'NONE', ( #896, #4349, #4702, #331 ) ) ;
#1845 = CARTESIAN_POINT ( 'NONE',  ( 7.540096538838360729, 10.99999999999999112, -7.302860428163598705 ) ) ;
#1846 = DIRECTION ( 'NONE',  ( -0.000000000000000000, 1.000000000000000000, -0.000000000000000000 ) ) ;
#1847 = CARTESIAN_POINT ( 'NONE',  ( 12.11243501038684123, 10.49999999999999822, -16.39568747576701568 ) ) ;
#1848 = ADVANCED_FACE ( 'NONE', ( #3244 ), #3662, .T. ) ;
#1849 = CARTESIAN_POINT ( 'NONE',  ( -27.22208566957993625, 10.99999999999999822, -1.414121193633511187 ) ) ;
#1850 = ORIENTED_EDGE ( 'NONE', *, *, #1186, .F. ) ;
#1851 = ORIENTED_EDGE ( 'NONE', *, *, #2352, .F. ) ;
#1852 = ORIENTED_EDGE ( 'NONE', *, *, #3741, .F. ) ;
#1853 = PLANE ( 'NONE',  #4265 ) ;
#1854 = CARTESIAN_POINT ( 'NONE',  ( -14.36062797824964044, 10.50000000000000178, -12.47390212536449461 ) ) ;
#1855 = ADVANCED_FACE ( 'NONE', ( #2767 ), #3297, .T. ) ;
#1856 = CARTESIAN_POINT ( 'NONE',  ( -2.594723316082743203, 10.49999999999999822, -13.85689754922630001 ) ) ;
#1857 = CARTESIAN_POINT ( 'NONE',  ( 49.75000000000000000, -11.00000000000000000, -27.00000000000001776 ) ) ;
#1858 = CARTESIAN_POINT ( 'NONE',  ( -22.36172842238072889, 11.00000000000000000, -13.22977083822463129 ) ) ;
#1859 = CARTESIAN_POINT ( 'NONE',  ( 20.21453455399235466, 10.49999999999999822, -10.75432436654496193 ) ) ;
#1860 = CARTESIAN_POINT ( 'NONE',  ( 49.75000000000000000, 5.999999999999998224, -7.500000000000007105 ) ) ;
#1861 = CARTESIAN_POINT ( 'NONE',  ( 7.453381766027657562, 10.99999999999999822, -9.576554100047912854 ) ) ;
#1862 = CARTESIAN_POINT ( 'NONE',  ( -10.00002495385673207, 10.50000000000000000, -7.163151700223890472 ) ) ;
#1863 = CARTESIAN_POINT ( 'NONE',  ( -2.386469715474217601, 10.99999999999999467, -1.244302875142191400 ) ) ;
#1864 = DIRECTION ( 'NONE',  ( 1.000000000000000000, 0.000000000000000000, 0.000000000000000000 ) ) ;
#1865 = CARTESIAN_POINT ( 'NONE',  ( -10.49001974766478185, 10.49999999999999822, -10.30949853321146392 ) ) ;
#1866 = CARTESIAN_POINT ( 'NONE',  ( -11.63827381136359485, 10.99999999999999822, -8.799541172976843129 ) ) ;
#1867 = LINE ( 'NONE', #5243, #662 ) ;
#1868 = EDGE_LOOP ( 'NONE', ( #5218, #1618, #3599, #2596 ) ) ;
#1869 = ORIENTED_EDGE ( 'NONE', *, *, #5159, .T. ) ;
#1870 = CARTESIAN_POINT ( 'NONE',  ( 6.651387969187501525, 10.49999999999999645, 0.4807593559471461941 ) ) ;
#1871 = LINE ( 'NONE', #3043, #5260 ) ;
#1872 = CARTESIAN_POINT ( 'NONE',  ( 10.50716989908330667, 11.00000000000000178, -12.96627918003650670 ) ) ;
#1873 = CARTESIAN_POINT ( 'NONE',  ( -3.909761027749592888, 10.50000000000000355, 1.069213375940775146 ) ) ;
#1874 = ORIENTED_EDGE ( 'NONE', *, *, #3786, .F. ) ;
#1875 = AXIS2_PLACEMENT_3D ( 'NONE', #2242, #3160, #1483 ) ;
#1876 = EDGE_CURVE ( 'NONE', #2763, #2995, #770, .T. ) ;
#1877 = ORIENTED_EDGE ( 'NONE', *, *, #1498, .T. ) ;
#1878 = CARTESIAN_POINT ( 'NONE',  ( -8.216833799622095924, 11.00000000000000000, -18.36814522510236003 ) ) ;
#1879 = CARTESIAN_POINT ( 'NONE',  ( 3.621661706541555059, 10.49999999999999467, -5.626989188983600343 ) ) ;
#1880 = AXIS2_PLACEMENT_3D ( 'NONE', #3042, #4901, #1102 ) ;
#1881 = CARTESIAN_POINT ( 'NONE',  ( 7.252971530173137005, 10.49999999999999645, 0.4851405820499730126 ) ) ;
#1882 = EDGE_CURVE ( 'NONE', #178, #3040, #3901, .T. ) ;
#1883 = CARTESIAN_POINT ( 'NONE',  ( -3.119458075183958012, 11.00000000000000000, 0.1749221086699805083 ) ) ;
#1884 = CARTESIAN_POINT ( 'NONE',  ( -23.64507334586642884, 10.50000000000000178, -10.67446429158272814 ) ) ;
#1885 = CARTESIAN_POINT ( 'NONE',  ( 19.15519832662069533, 11.00000000000000178, -9.259068790572730023 ) ) ;
#1886 = CARTESIAN_POINT ( 'NONE',  ( 0.6001839944510777292, 10.50000000000000000, -4.574844915785841515 ) ) ;
#1887 = CARTESIAN_POINT ( 'NONE',  ( -7.295545767906344459, 10.49999999999999645, -9.811679966736745584 ) ) ;
#1888 = CARTESIAN_POINT ( 'NONE',  ( 30.38139529344512013, 10.49999999999999822, -2.278986042301834214 ) ) ;
#1889 = CARTESIAN_POINT ( 'NONE',  ( -3.909761027749592888, 10.50000000000000355, 1.069213375940775146 ) ) ;
#1890 = CARTESIAN_POINT ( 'NONE',  ( 1.093975135514910546, 10.99999999999999822, -0.5133383138523842648 ) ) ;
#1891 = CARTESIAN_POINT ( 'NONE',  ( 12.22233984496675596, 10.49999999999999822, 0.7906542165759592455 ) ) ;
#1892 = CARTESIAN_POINT ( 'NONE',  ( -10.00837036460160689, 10.49999999999999467, -15.75570522457500289 ) ) ;
#1893 = CARTESIAN_POINT ( 'NONE',  ( -8.487167172315642105, 10.49999999999999822, -18.37662323742378234 ) ) ;
#1894 = FACE_OUTER_BOUND ( 'NONE', #5107, .T. ) ;
#1895 = VERTEX_POINT ( 'NONE', #4692 ) ;
#1896 = LINE ( 'NONE', #1502, #4727 ) ;
#1897 = CARTESIAN_POINT ( 'NONE',  ( -9.981031170114464501, 10.99999999999999467, -9.946286627115986434 ) ) ;
#1898 = CARTESIAN_POINT ( 'NONE',  ( -3.768467818797084146, 10.49999999999999822, -10.04166672309890451 ) ) ;
#1899 = B_SPLINE_SURFACE_WITH_KNOTS ( 'NONE', 3, 1, ( 
 ( #475, #2672 ),
 ( #3893, #170 ),
 ( #5126, #1389 ),
 ( #143, #3535 ),
 ( #1862, #1328 ),
 ( #3033, #3507 ),
 ( #2589, #1809 ),
 ( #3919, #2167 ),
 ( #972, #3559 ),
 ( #4708, #507 ),
 ( #4358, #916 ),
 ( #2613, #2200 ),
 ( #2227, #5212 ),
 ( #88, #1415 ),
 ( #3478, #3118 ),
 ( #1355, #3059 ),
 ( #4734, #945 ),
 ( #2644, #4330 ),
 ( #3696, #3614 ) ),
 .UNSPECIFIED., .F., .F., .F.,
 ( 4, 1, 1, 1, 1, 1, 1, 1, 1, 1, 1, 1, 1, 1, 1, 1, 4 ),
 ( 2, 2 ),
 ( 0.000000000000000000, 0.06923823557697310338, 0.1358294382307504988, 0.1996908383031280598, 0.2626038608419797860, 0.3243379730475010048, 0.3857248784940197073, 0.4474218834357964192, 0.5100765351805883752, 0.5721159354493271509, 0.6324239229062866841, 0.6924114500268320205, 0.7512717322445815471, 0.8110744564309965154, 0.8720621337882958901, 0.9350570052840392332, 1.000000000000000000 ),
 ( 0.000000000000000000, 1.000000000000000000 ),
 .UNSPECIFIED. ) ;
#1900 = ORIENTED_EDGE ( 'NONE', *, *, #4275, .F. ) ;
#1901 = ORIENTED_EDGE ( 'NONE', *, *, #21, .F. ) ;
#1902 = VERTEX_POINT ( 'NONE', #3848 ) ;
#1903 = PLANE ( 'NONE',  #4007 ) ;
#1904 = VECTOR ( 'NONE', #1846, 1000.000000000000000 ) ;
#1905 = CARTESIAN_POINT ( 'NONE',  ( 8.368450886836214409, 10.49999999999999645, -7.158861086473408797 ) ) ;
#1906 = CARTESIAN_POINT ( 'NONE',  ( -15.34327694258612951, 10.49999999999999822, -2.442923343712541495 ) ) ;
#1907 = ADVANCED_FACE ( 'NONE', ( #4200 ), #43, .F. ) ;
#1908 = CARTESIAN_POINT ( 'NONE',  ( -2.981959536854008608, 10.49999999999999467, -15.20636047343685426 ) ) ;
#1909 = CARTESIAN_POINT ( 'NONE',  ( 9.794946825037472493, 10.49999999999999822, -10.78670423515860044 ) ) ;
#1910 = DIRECTION ( 'NONE',  ( -0.000000000000000000, 0.000000000000000000, -1.000000000000000000 ) ) ;
#1911 = CARTESIAN_POINT ( 'NONE',  ( 22.22337166163041999, 11.00000000000000000, -13.80869067889773127 ) ) ;
#1912 = B_SPLINE_CURVE_WITH_KNOTS ( 'NONE', 3,
 ( #3965, #3552, #4806, #4403, #609, #987, #5172, #2299, #4428, #3991, #188, #1879, #5252, #1376, #1456, #3162, #4755, #4834, #525 ),
 .UNSPECIFIED., .F., .F.,
 ( 4, 1, 1, 1, 1, 1, 1, 1, 1, 1, 1, 1, 1, 1, 1, 1, 4 ),
 ( 0.000000000000000000, 0.06923823557697296460, 0.1358294382307503601, 0.1996908383031278655, 0.2626038608419798970, 0.3243379730475009493, 0.3857248784940196518, 0.4474218834357961971, 0.5100765351805883752, 0.5721159354493271509, 0.6324239229062865730, 0.6924114500268319095, 0.7512717322445815471, 0.8110744564309962934, 0.8720621337882956681, 0.9350570052840392332, 1.000000000000000000 ),
 .UNSPECIFIED. ) ;
#1913 = CIRCLE ( 'NONE', #1740, 5.499999999999998224 ) ;
#1914 = EDGE_CURVE ( 'NONE', #14, #2928, #1683, .T. ) ;
#1915 = CARTESIAN_POINT ( 'NONE',  ( 49.75000000000000711, -11.00000000000000000, 17.49999999999999645 ) ) ;
#1916 = EDGE_LOOP ( 'NONE', ( #691, #4095, #2263, #2628 ) ) ;
#1917 = CARTESIAN_POINT ( 'NONE',  ( 9.986216429993490351, 11.00000000000000000, -11.04923762646875218 ) ) ;
#1918 = VERTEX_POINT ( 'NONE', #1257 ) ;
#1919 = LINE ( 'NONE', #4900, #2946 ) ;
#1920 = VECTOR ( 'NONE', #664, 1000.000000000000000 ) ;
#1921 = CARTESIAN_POINT ( 'NONE',  ( -2.268351293580524342, 10.49999999999999289, -1.630620413901466614 ) ) ;
#1922 = CARTESIAN_POINT ( 'NONE',  ( 0.4538418532078651868, 10.99999999999999822, -2.859472923377528453 ) ) ;
#1923 = CARTESIAN_POINT ( 'NONE',  ( -10.71874017229206544, 10.50000000000000000, -10.53750311030915476 ) ) ;
#1924 = VECTOR ( 'NONE', #132, 1000.000000000000000 ) ;
#1925 = DIRECTION ( 'NONE',  ( 0.000000000000000000, -0.000000000000000000, 1.000000000000000000 ) ) ;
#1926 = CARTESIAN_POINT ( 'NONE',  ( -5.386567873890002467, 10.50000000000000178, -8.613833298032165686 ) ) ;
#1927 = ORIENTED_EDGE ( 'NONE', *, *, #5127, .T. ) ;
#1928 = CARTESIAN_POINT ( 'NONE',  ( 13.41210827338382217, 10.49999999999999822, -5.378983794962195475 ) ) ;
#1929 = CARTESIAN_POINT ( 'NONE',  ( 8.305120741095343817, 11.00000000000000178, -15.98456117665961251 ) ) ;
#1930 = FILL_AREA_STYLE_COLOUR ( '', #1285 ) ;
#1931 = ORIENTED_EDGE ( 'NONE', *, *, #2823, .T. ) ;
#1932 = EDGE_LOOP ( 'NONE', ( #4941, #1705, #4077, #4585 ) ) ;
#1933 = DIRECTION ( 'NONE',  ( -0.000000000000000000, 1.000000000000000000, -0.000000000000000000 ) ) ;
#1934 = CARTESIAN_POINT ( 'NONE',  ( -10.79920642676702336, 10.49999999999999645, -18.00852547112670976 ) ) ;
#1935 = LINE ( 'NONE', #2875, #2457 ) ;
#1936 = DIRECTION ( 'NONE',  ( -0.000000000000000000, -1.000000000000000000, -0.000000000000000000 ) ) ;
#1937 = VERTEX_POINT ( 'NONE', #1282 ) ;
#1938 = CARTESIAN_POINT ( 'NONE',  ( 8.826591763773235400, 10.50000000000000355, -9.945638745238213119 ) ) ;
#1939 = EDGE_CURVE ( 'NONE', #211, #2374, #3325, .T. ) ;
#1940 = CARTESIAN_POINT ( 'NONE',  ( -8.896077046768064989, 11.00000000000000000, 0.4854071598231533557 ) ) ;
#1941 = LINE ( 'NONE', #687, #4821 ) ;
#1942 = CARTESIAN_POINT ( 'NONE',  ( 10.50764676899670391, 10.49999999999999822, -12.74467283732331602 ) ) ;
#1943 = VERTEX_POINT ( 'NONE', #5027 ) ;
#1944 = CARTESIAN_POINT ( 'NONE',  ( 13.78070693597560670, 10.49999999999999822, -3.285088366996955500 ) ) ;
#1945 = B_SPLINE_CURVE_WITH_KNOTS ( 'NONE', 3,
 ( #4666, #19, #872, #1708, #3766, #4641, #1256, #5443, #2571, #4997, #3822, #3017, #2148, #3847, #5475, #1653, #3436, #42, #3382, #3357, #5054, #1732, #1200 ),
 .UNSPECIFIED., .F., .F.,
 ( 4, 1, 1, 1, 1, 1, 1, 1, 1, 1, 1, 1, 1, 1, 1, 1, 1, 1, 1, 1, 4 ),
 ( 0.000000000000000000, 0.04283503422024807772, 0.08428029696437250307, 0.1253011096378452149, 0.1656233672167559123, 0.2055187223299067556, 0.2452046315699084877, 0.2847356030621589484, 0.3244730239720163834, 0.3640958835607188693, 0.4035673969704451358, 0.4427151151520584693, 0.4823551800457137606, 0.5221288099167459285, 0.5625392816307532851, 0.6038013357034031081, 0.6457733814847522735, 0.7310827546346233552, 0.8177035447951623848, 0.9068485518050651839, 1.000000000000000000 ),
 .UNSPECIFIED. ) ;
#1946 = CARTESIAN_POINT ( 'NONE',  ( 57.75000000000000000, -11.00000000000000000, -44.49999999999999289 ) ) ;
#1947 = ADVANCED_FACE ( 'NONE', ( #3437 ), #4232, .T. ) ;
#1948 = CARTESIAN_POINT ( 'NONE',  ( 5.465028481096077861, 11.00000000000000000, -7.040589984691776770 ) ) ;
#1949 = CARTESIAN_POINT ( 'NONE',  ( -20.92982326600609966, 10.49999999999999822, -15.86136742568598024 ) ) ;
#1950 = CARTESIAN_POINT ( 'NONE',  ( 11.62850111640473472, 10.99999999999999467, 1.330262326271919981 ) ) ;
#1951 = ORIENTED_EDGE ( 'NONE', *, *, #2454, .F. ) ;
#1952 = CARTESIAN_POINT ( 'NONE',  ( -36.26142857142856002, 4.009999999999999787, 15.48251798124699263 ) ) ;
#1953 = CARTESIAN_POINT ( 'NONE',  ( -8.606490421893761678, 10.49999999999999645, -9.576572952610067802 ) ) ;
#1954 = ADVANCED_FACE ( 'NONE', ( #5444 ), #458, .F. ) ;
#1955 = ORIENTED_EDGE ( 'NONE', *, *, #1669, .T. ) ;
#1956 = CARTESIAN_POINT ( 'NONE',  ( 13.78070693597560670, 10.99999999999999822, -3.285088366996955500 ) ) ;
#1957 = CARTESIAN_POINT ( 'NONE',  ( -5.225986084919653329, 10.50000000000000000, -1.171297859410754594 ) ) ;
#1958 = FACE_BOUND ( 'NONE', #2205, .T. ) ;
#1959 = ORIENTED_EDGE ( 'NONE', *, *, #3343, .F. ) ;
#1960 = VERTEX_POINT ( 'NONE', #2041 ) ;
#1961 = FACE_OUTER_BOUND ( 'NONE', #3736, .T. ) ;
#1962 = CARTESIAN_POINT ( 'NONE',  ( -14.38174893493905593, 11.00000000000000178, -13.38358649696485081 ) ) ;
#1963 = CARTESIAN_POINT ( 'NONE',  ( -12.64606983504841509, 10.99999999999999822, -8.077716945080931410 ) ) ;
#1964 = DIRECTION ( 'NONE',  ( -0.000000000000000000, 1.000000000000000000, -0.000000000000000000 ) ) ;
#1965 = CARTESIAN_POINT ( 'NONE',  ( -10.43198478546023900, 11.00000000000000178, 0.2266886399247351469 ) ) ;
#1966 = CARTESIAN_POINT ( 'NONE',  ( 13.10529028964111475, 11.00000000000000178, -14.54853304086318211 ) ) ;
#1967 = CARTESIAN_POINT ( 'NONE',  ( -4.857026502028594095, 10.99999999999999822, -9.058449755318722652 ) ) ;
#1968 = ORIENTED_EDGE ( 'NONE', *, *, #2768, .F. ) ;
#1969 = VECTOR ( 'NONE', #5417, 1000.000000000000000 ) ;
#1970 = CARTESIAN_POINT ( 'NONE',  ( -5.386567873890002467, 11.00000000000000355, -8.613833298032165686 ) ) ;
#1971 = CARTESIAN_POINT ( 'NONE',  ( 4.457871722645166734, 11.00000000000000355, 2.338284246098173202 ) ) ;
#1972 = CARTESIAN_POINT ( 'NONE',  ( -8.498957433933163941, 11.00000000000000000, -16.11289300685976400 ) ) ;
#1973 = CARTESIAN_POINT ( 'NONE',  ( 4.447222289108902160, 10.50000000000000178, -11.60062177242599724 ) ) ;
#1974 = CARTESIAN_POINT ( 'NONE',  ( 3.670843357940013707, 10.49999999999999822, 2.004061591420434496 ) ) ;
#1975 = CARTESIAN_POINT ( 'NONE',  ( 12.72665353876420724, 10.99999999999999467, 0.1749221086699805083 ) ) ;
#1976 = EDGE_CURVE ( 'NONE', #5169, #2526, #1709, .T. ) ;
#1977 = CARTESIAN_POINT ( 'NONE',  ( 3.033424804712409273, 11.00000000000000000, -4.225145959875170831 ) ) ;
#1978 = CARTESIAN_POINT ( 'NONE',  ( -8.817200353325626239, 10.99999999999999645, -9.583127560552801683 ) ) ;
#1979 = LINE ( 'NONE', #2782, #674 ) ;
#1980 = CARTESIAN_POINT ( 'NONE',  ( 13.77731743354308236, 10.99999999999999822, -3.429283880952282981 ) ) ;
#1981 = CARTESIAN_POINT ( 'NONE',  ( -7.075896224142057989, 10.49999999999999822, 0.2240295885091265760 ) ) ;
#1982 =( NAMED_UNIT ( * ) SI_UNIT ( $, .STERADIAN. ) SOLID_ANGLE_UNIT ( ) );
#1983 = B_SPLINE_CURVE_WITH_KNOTS ( 'NONE', 3,
 ( #2144, #38, #2702, #3064, #5216, #920, #3095, #120, #3123, #4794, #3012 ),
 .UNSPECIFIED., .F., .F.,
 ( 4, 1, 1, 1, 1, 1, 1, 1, 4 ),
 ( 0.000000000000000000, 0.1197109976539927345, 0.2387031145433714530, 0.3576009025902914251, 0.4763570568872477762, 0.5977039597704085772, 0.7254776355893340911, 0.8594705588365877391, 1.000000000000000000 ),
 .UNSPECIFIED. ) ;
#1984 = EDGE_CURVE ( 'NONE', #3709, #5023, #2576, .T. ) ;
#1985 = VERTEX_POINT ( 'NONE', #5111 ) ;
#1986 = ORIENTED_EDGE ( 'NONE', *, *, #3846, .T. ) ;
#1987 = LINE ( 'NONE', #3651, #1518 ) ;
#1988 = CARTESIAN_POINT ( 'NONE',  ( 11.10805164627719677, 10.50000000000000355, -4.579147110536277765 ) ) ;
#1989 = CARTESIAN_POINT ( 'NONE',  ( -14.00466892343030523, 11.00000000000000355, -6.907575538794191949 ) ) ;
#1990 = CARTESIAN_POINT ( 'NONE',  ( -24.22482462507748835, 10.49999999999999645, -9.428210680187536497 ) ) ;
#1991 = CARTESIAN_POINT ( 'NONE',  ( -13.63614352258090001, 10.49999999999999822, -15.81288761633181039 ) ) ;
#1992 = CARTESIAN_POINT ( 'NONE',  ( -10.04341445146740064, 10.49999999999999467, 0.3474155163753754327 ) ) ;
#1993 = CARTESIAN_POINT ( 'NONE',  ( 23.77670907827842584, 10.99999999999999822, -16.43589352939279280 ) ) ;
#1994 = CARTESIAN_POINT ( 'NONE',  ( 1.300651898192015876, 11.00000000000000355, -6.171314639284009473 ) ) ;
#1995 = CARTESIAN_POINT ( 'NONE',  ( -45.83260642832909326, 4.009999999999998899, -24.84825803541137290 ) ) ;
#1996 = DIRECTION ( 'NONE',  ( 0.000000000000000000, 0.000000000000000000, -1.000000000000000000 ) ) ;
#1997 = CARTESIAN_POINT ( 'NONE',  ( -5.552773587290121604, 10.49999999999999822, -14.11587401557059351 ) ) ;
#1998 = CARTESIAN_POINT ( 'NONE',  ( 6.423039362860549772, 10.49999999999999645, -9.706173168869373313 ) ) ;
#1999 = CARTESIAN_POINT ( 'NONE',  ( -56.11794756220351843, 11.00000000000000000, 33.07909373942906228 ) ) ;
#2000 = CARTESIAN_POINT ( 'NONE',  ( -5.030972506555469792, 10.99999999999999822, -1.500086236500234982 ) ) ;
#2001 = VECTOR ( 'NONE', #3278, 1000.000000000000000 ) ;
#2002 = DIRECTION ( 'NONE',  ( -0.000000000000000000, -1.000000000000000000, -0.000000000000000000 ) ) ;
#2003 = CARTESIAN_POINT ( 'NONE',  ( -11.39888932483926887, 10.50000000000000355, -11.60062177242599901 ) ) ;
#2004 = VERTEX_POINT ( 'NONE', #350 ) ;
#2005 = CIRCLE ( 'NONE', #5099, 3.300000000000004263 ) ;
#2006 = FACE_OUTER_BOUND ( 'NONE', #3648, .T. ) ;
#2007 = CARTESIAN_POINT ( 'NONE',  ( 10.38910542187986863, 11.00000000000000178, -13.81878840695711119 ) ) ;
#2008 = B_SPLINE_CURVE_WITH_KNOTS ( 'NONE', 3,
 ( #4163, #4880, #673, #2369, #2811, #1162, #3644, #4088, #5324, #1527, #3234, #1109, #5351, #1561, #3263 ),
 .UNSPECIFIED., .F., .F.,
 ( 4, 1, 1, 1, 1, 1, 1, 1, 1, 1, 1, 1, 4 ),
 ( 0.000000000000000000, 0.08109067736245557934, 0.1601764339438525864, 0.2388162051317055390, 0.3186263804358752116, 0.3991842317164751019, 0.4794762106755971476, 0.5613809783239201989, 0.6461064879495128643, 0.7328044657007589668, 0.8198153588020310467, 0.9082263167607932397, 1.000000000000000000 ),
 .UNSPECIFIED. ) ;
#2009 = PLANE ( 'NONE',  #2893 ) ;
#2010 = EDGE_LOOP ( 'NONE', ( #515, #5261, #5330, #2153 ) ) ;
#2011 = VECTOR ( 'NONE', #4124, 1000.000000000000000 ) ;
#2012 = VERTEX_POINT ( 'NONE', #4396 ) ;
#2013 = ORIENTED_EDGE ( 'NONE', *, *, #2731, .T. ) ;
#2014 = CARTESIAN_POINT ( 'NONE',  ( 27.36308831935975405, 10.49999999999999822, -2.278986042301834214 ) ) ;
#2015 = ADVANCED_FACE ( 'NONE', ( #2654 ), #4718, .T. ) ;
#2016 = CARTESIAN_POINT ( 'NONE',  ( -13.63614352258090001, 11.00000000000000178, -15.81288761633181039 ) ) ;
#2017 = CARTESIAN_POINT ( 'NONE',  ( -15.38931343924585704, 10.99999999999999822, -3.721686383213500093 ) ) ;
#2018 = CARTESIAN_POINT ( 'NONE',  ( 10.81513910739269768, 10.99999999999999822, -1.500086236500234982 ) ) ;
#2019 = DIRECTION ( 'NONE',  ( 0.000000000000000000, 0.000000000000000000, -1.000000000000000000 ) ) ;
#2020 = EDGE_CURVE ( 'NONE', #1372, #2410, #1306, .T. ) ;
#2021 = CARTESIAN_POINT ( 'NONE',  ( -11.14318827700282277, 10.49999999999999822, -0.1029454054777811378 ) ) ;
#2022 = LINE ( 'NONE', #2437, #670 ) ;
#2023 = CARTESIAN_POINT ( 'NONE',  ( 3.200041778899751499, 10.99999999999999645, -8.077716945080933186 ) ) ;
#2024 = ORIENTED_EDGE ( 'NONE', *, *, #180, .F. ) ;
#2025 = CARTESIAN_POINT ( 'NONE',  ( 7.239621192054404908, 11.00000000000000000, -9.576572952610069578 ) ) ;
#2026 = CARTESIAN_POINT ( 'NONE',  ( 12.82566236031460072, 10.49999999999999822, -6.533560136791872530 ) ) ;
#2027 = CARTESIAN_POINT ( 'NONE',  ( -6.970526763520404678, 11.00000000000000000, -15.74858434164173460 ) ) ;
#2028 = CARTESIAN_POINT ( 'NONE',  ( 2.965106945503045655, 11.00000000000000178, -3.418711331995527125 ) ) ;
#2029 = CARTESIAN_POINT ( 'NONE',  ( -5.483752975869402135, 11.00000000000000355, -5.901698698242014096 ) ) ;
#2030 = CARTESIAN_POINT ( 'NONE',  ( -8.498957433933163941, 10.49999999999999822, -16.11289300685976400 ) ) ;
#2031 = CARTESIAN_POINT ( 'NONE',  ( 2.679936369427048604, 10.99999999999999645, -10.02557137634362583 ) ) ;
#2032 = CARTESIAN_POINT ( 'NONE',  ( 5.047846631491338165, 11.00000000000000178, 0.07818082849657725930 ) ) ;
#2033 = CARTESIAN_POINT ( 'NONE',  ( 3.398113208883831060, 11.00000000000000355, -1.475357951040890736 ) ) ;
#2034 = CARTESIAN_POINT ( 'NONE',  ( 4.226412193841918352, 10.49999999999999822, -12.96890742630764848 ) ) ;
#2035 = CARTESIAN_POINT ( 'NONE',  ( 30.38139529344512013, 10.49999999999999822, -2.278986042301834214 ) ) ;
#2036 = CARTESIAN_POINT ( 'NONE',  ( -15.28527313703138546, 10.50000000000000000, -2.034560898765712444 ) ) ;
#2037 = ORIENTED_EDGE ( 'NONE', *, *, #2558, .T. ) ;
#2038 = ORIENTED_EDGE ( 'NONE', *, *, #1498, .F. ) ;
#2039 = CARTESIAN_POINT ( 'NONE',  ( 22.68403409951972094, 10.49999999999999822, -10.69824295672428782 ) ) ;
#2040 = CARTESIAN_POINT ( 'NONE',  ( 5.127371441656102924, 11.00000000000000178, -10.53750311030915476 ) ) ;
#2041 = CARTESIAN_POINT ( 'NONE',  ( 49.75000000000000000, -2.499999999999998668, -10.80000000000001847 ) ) ;
#2042 = CARTESIAN_POINT ( 'NONE',  ( -10.51219444562479310, 10.49999999999999645, -15.40425483444232313 ) ) ;
#2043 = ADVANCED_FACE ( 'NONE', ( #5196 ), #2822, .T. ) ;
#2044 = CARTESIAN_POINT ( 'NONE',  ( 9.481404602444126084, 10.49999999999999822, -0.1156209270726399618 ) ) ;
#2045 =( NAMED_UNIT ( * ) SI_UNIT ( $, .STERADIAN. ) SOLID_ANGLE_UNIT ( ) );
#2046 = CARTESIAN_POINT ( 'NONE',  ( -35.95000000000000995, 4.009999999999999787, 15.56538618988488665 ) ) ;
#2047 = CARTESIAN_POINT ( 'NONE',  ( 13.78070693597560670, 10.49999999999999822, -3.285088366996955500 ) ) ;
#2048 = CARTESIAN_POINT ( 'NONE',  ( 10.00763144911634761, 10.99999999999999645, -14.66880848042124619 ) ) ;
#2049 = VERTEX_POINT ( 'NONE', #4801 ) ;
#2050 = EDGE_CURVE ( 'NONE', #3441, #3722, #2237, .T. ) ;
#2051 = CARTESIAN_POINT ( 'NONE',  ( -3.816572186460115645, 10.99999999999999822, -7.536463987655458219 ) ) ;
#2053 = CARTESIAN_POINT ( 'NONE',  ( 11.25358601455264562, 11.00000000000000000, -3.817359553621924029 ) ) ;
#2052 = AXIS2_PLACEMENT_3D ( 'NONE', #633, #4018, #217 ) ;
#2054 = CARTESIAN_POINT ( 'NONE',  ( -5.681376446394605928, 10.49999999999999645, -14.40015122741312403 ) ) ;
#2055 = CARTESIAN_POINT ( 'NONE',  ( -43.49000000000000199, 11.00000000000000000, -47.50000000000000711 ) ) ;
#2056 = CARTESIAN_POINT ( 'NONE',  ( -7.463678890280342593, 10.99999999999999467, 0.3407731624115371560 ) ) ;
#2057 = CARTESIAN_POINT ( 'NONE',  ( 10.33402045645364531, 11.00000000000000000, -8.669307838998195237 ) ) ;
#2058 = CARTESIAN_POINT ( 'NONE',  ( 1.465838625997278655, 10.99999999999999822, -12.92080182030208313 ) ) ;
#2059 = LINE ( 'NONE', #2479, #3165 ) ;
#2060 = CARTESIAN_POINT ( 'NONE',  ( 4.702923336945342925, 10.49999999999999467, -0.1029454054777808047 ) ) ;
#2061 = CARTESIAN_POINT ( 'NONE',  ( 6.112430006587896258, 11.00000000000000178, -15.88601282060331243 ) ) ;
#2062 = CARTESIAN_POINT ( 'NONE',  ( 10.70909263737855532, 11.00000000000000178, -8.503546105649242293 ) ) ;
#2063 = CARTESIAN_POINT ( 'NONE',  ( -9.658553313448146938, 10.49999999999999645, 2.727345557421958055 ) ) ;
#2064 = VERTEX_POINT ( 'NONE', #575 ) ;
#2065 = VERTEX_POINT ( 'NONE', #1009 ) ;
#2066 = DIRECTION ( 'NONE',  ( -1.000000000000000000, 0.000000000000000000, 0.000000000000000000 ) ) ;
#2067 = CARTESIAN_POINT ( 'NONE',  ( 4.272409116397310136, 10.99999999999999467, -12.20630241628764701 ) ) ;
#2068 = CARTESIAN_POINT ( 'NONE',  ( 49.75000000000000000, -11.00000000000000000, -4.200000000000001954 ) ) ;
#2069 = CARTESIAN_POINT ( 'NONE',  ( -24.50641411441755579, 10.49999999999999645, -1.496399868919551457 ) ) ;
#2070 = B_SPLINE_SURFACE_WITH_KNOTS ( 'NONE', 3, 1, ( 
 ( #2305, #4076 ),
 ( #5210, #1413 ),
 ( #585, #3973 ),
 ( #3171, #168 ),
 ( #1886, #3581 ),
 ( #4841, #1464 ),
 ( #1045, #743 ),
 ( #5370, #5005 ),
 ( #5035, #1994 ),
 ( #2854, #3307 ),
 ( #386, #5392 ),
 ( #4535, #2942 ),
 ( #3691, #3332 ),
 ( #2524, #1577 ),
 ( #1125, #2023 ),
 ( #1206, #413 ),
 ( #2914, #358 ),
 ( #4155, #4595 ),
 ( #2882, #3279 ) ),
 .UNSPECIFIED., .F., .F., .F.,
 ( 4, 1, 1, 1, 1, 1, 1, 1, 1, 1, 1, 1, 1, 1, 1, 1, 4 ),
 ( 2, 2 ),
 ( 0.000000000000000000, 0.06127799588891228583, 0.1224540833441316451, 0.1827203919431279466, 0.2425914741440298450, 0.3035507525742406343, 0.3647467379280037170, 0.4275722839410223686, 0.4918442664612444060, 0.5566374231247608328, 0.6202549241043134876, 0.6830925805991634459, 0.7459035909517830465, 0.8081866149769404428, 0.8714875612882643230, 0.9351504973674351628, 0.9999999999999998890 ),
 ( 0.000000000000000000, 1.000000000000000000 ),
 .UNSPECIFIED. ) ;
#2071 = CARTESIAN_POINT ( 'NONE',  ( -25.75256131973605278, 10.49999999999999822, -5.827076670690746418 ) ) ;
#2072 = DIRECTION ( 'NONE',  ( 0.000000000000000000, 0.000000000000000000, -1.000000000000000000 ) ) ;
#2073 = CARTESIAN_POINT ( 'NONE',  ( -15.12174927317237305, 10.50000000000000000, -4.987244201571612301 ) ) ;
#2074 = EDGE_CURVE ( 'NONE', #4714, #4832, #2307, .T. ) ;
#2075 = CARTESIAN_POINT ( 'NONE',  ( 2.679936369427048604, 10.49999999999999645, -10.02557137634362583 ) ) ;
#2076 = CARTESIAN_POINT ( 'NONE',  ( 10.46264950361784329, 10.49999999999999822, -13.50899607171235495 ) ) ;
#2077 = CARTESIAN_POINT ( 'NONE',  ( 5.865080443833696755, 10.50000000000000000, -9.946286627115995316 ) ) ;
#2078 = ORIENTED_EDGE ( 'NONE', *, *, #4183, .F. ) ;
#2079 = CARTESIAN_POINT ( 'NONE',  ( 13.78070693597560670, 10.49999999999999822, -3.285088366996955500 ) ) ;
#2080 = CARTESIAN_POINT ( 'NONE',  ( 13.26930594528566765, 11.00000000000000000, -12.92470387074477323 ) ) ;
#2081 = DIRECTION ( 'NONE',  ( 0.000000000000000000, 0.000000000000000000, 1.000000000000000000 ) ) ;
#2082 = ADVANCED_FACE ( 'NONE', ( #2398 ), #4911, .T. ) ;
#2083 = VECTOR ( 'NONE', #602, 1000.000000000000000 ) ;
#2084 = CARTESIAN_POINT ( 'NONE',  ( -6.041271398241931045, 11.00000000000000178, -0.3375758981456742913 ) ) ;
#2085 = CARTESIAN_POINT ( 'NONE',  ( 4.226412193841918352, 10.49999999999999822, -12.96890742630764848 ) ) ;
#2086 = LINE ( 'NONE', #3468, #277 ) ;
#2087 = EDGE_CURVE ( 'NONE', #2410, #5176, #1379, .T. ) ;
#2088 = CARTESIAN_POINT ( 'NONE',  ( 11.93635058619858036, 10.50000000000000355, 1.069213375940775146 ) ) ;
#2089 = DIRECTION ( 'NONE',  ( 0.000000000000000000, 0.000000000000000000, -1.000000000000000000 ) ) ;
#2090 = CARTESIAN_POINT ( 'NONE',  ( -35.48999999999999488, 11.00000000000000000, 12.58339777691194783 ) ) ;
#2091 = VECTOR ( 'NONE', #1228, 1000.000000000000000 ) ;
#2092 = CARTESIAN_POINT ( 'NONE',  ( 11.26545112423780104, 10.49999999999999822, -3.418711331995527125 ) ) ;
#2093 = ORIENTED_EDGE ( 'NONE', *, *, #2427, .F. ) ;
#2094 = EDGE_LOOP ( 'NONE', ( #3710, #128, #646, #5049 ) ) ;
#2095 = ORIENTED_EDGE ( 'NONE', *, *, #1023, .F. ) ;
#2096 = CARTESIAN_POINT ( 'NONE',  ( 9.117266054147755483, 10.49999999999999822, -6.874843880028022269 ) ) ;
#2097 = VECTOR ( 'NONE', #3494, 1000.000000000000000 ) ;
#2098 = CARTESIAN_POINT ( 'NONE',  ( 5.356091866283382075, 10.99999999999999822, -10.30949853321146215 ) ) ;
#2099 = CARTESIAN_POINT ( 'NONE',  ( -5.388697887507383655, 10.99999999999999822, -12.20986087329393932 ) ) ;
#2100 = ORIENTED_EDGE ( 'NONE', *, *, #2020, .F. ) ;
#2101 = CARTESIAN_POINT ( 'NONE',  ( -22.59494456507700733, 11.00000000000000355, -7.268319548273414199 ) ) ;
#2102 = EDGE_LOOP ( 'NONE', ( #3438, #5120, #2124, #185 ) ) ;
#2103 = AXIS2_PLACEMENT_3D ( 'NONE', #2722, #1491, #250 ) ;
#2104 = CARTESIAN_POINT ( 'NONE',  ( 9.481404602444126084, 11.00000000000000000, -0.1156209270726399618 ) ) ;
#2105 = LINE ( 'NONE', #5143, #715 ) ;
#2106 = CARTESIAN_POINT ( 'NONE',  ( -11.41901222787252301, 10.49999999999999822, -8.669307838998195237 ) ) ;
#2107 = CARTESIAN_POINT ( 'NONE',  ( 7.458634494304956064, 10.99999999999999467, -16.10963981524406208 ) ) ;
#2108 = CARTESIAN_POINT ( 'NONE',  ( 7.239621192054404908, 10.49999999999999822, -9.576572952610069578 ) ) ;
#2109 = ORIENTED_EDGE ( 'NONE', *, *, #798, .T. ) ;
#2110 = CARTESIAN_POINT ( 'NONE',  ( 11.26146830014838152, 11.00000000000000000, -3.552527687885102647 ) ) ;
#2111 = LINE ( 'NONE', #3808, #3745 ) ;
#2112 = CARTESIAN_POINT ( 'NONE',  ( 4.899242635786349886, 11.00000000000000000, -14.95024855341479686 ) ) ;
#2113 = CARTESIAN_POINT ( 'NONE',  ( -6.728845559800411991, 11.00000000000000000, -6.874843880028022269 ) ) ;
#2114 = EDGE_CURVE ( 'NONE', #3333, #2526, #3265, .T. ) ;
#2115 = CARTESIAN_POINT ( 'NONE',  ( -9.142092263109161010, 10.50000000000000000, -16.05848412436291284 ) ) ;
#2116 = CARTESIAN_POINT ( 'NONE',  ( 4.427099386075644460, 10.49999999999999822, -8.669307838998195237 ) ) ;
#2117 = B_SPLINE_SURFACE_WITH_KNOTS ( 'NONE', 3, 1, ( 
 ( #4251, #3791 ),
 ( #2510, #3320 ),
 ( #2063, #5468 ),
 ( #4195, #3817 ),
 ( #1726, #1647 ),
 ( #787, #428 ),
 ( #1677, #3405 ),
 ( #2483, #2456 ),
 ( #1277, #813 ),
 ( #1222, #2121 ),
 ( #3351, #13 ),
 ( #4991, #4609 ),
 ( #452, #1194 ),
 ( #3430, #5022 ),
 ( #2036, #1251 ),
 ( #3377, #1307 ),
 ( #344, #4551 ),
 ( #1703, #760 ),
 ( #4142, #5077 ) ),
 .UNSPECIFIED., .F., .F., .F.,
 ( 4, 1, 1, 1, 1, 1, 1, 1, 1, 1, 1, 1, 1, 1, 1, 1, 4 ),
 ( 2, 2 ),
 ( 0.000000000000000000, 0.09263307917966594196, 0.1812578326846235877, 0.2677463166116326176, 0.3525759815441523726, 0.4353261026888181617, 0.5156798943772891164, 0.5949223282687576830, 0.6746516928653017997, 0.7150324028280875543, 0.7546742859889797872, 0.7946148660789127405, 0.8346221552083454842, 0.8751460061963551862, 0.9158349703271242426, 0.9574349943276478925, 1.000000000000000000 ),
 ( 0.000000000000000000, 1.000000000000000000 ),
 .UNSPECIFIED. ) ;
#2118 = LINE ( 'NONE', #2924, #4906 ) ;
#2119 = CARTESIAN_POINT ( 'NONE',  ( 4.719100955776903028, 11.00000000000000178, -14.69395821120028955 ) ) ;
#2120 = LINE ( 'NONE', #786, #5363 ) ;
#2121 = CARTESIAN_POINT ( 'NONE',  ( -14.48570735132815912, 11.00000000000000178, -0.04738862622814697667 ) ) ;
#2122 = EDGE_CURVE ( 'NONE', #3955, #4066, #728, .T. ) ;
#2123 = ORIENTED_EDGE ( 'NONE', *, *, #3248, .T. ) ;
#2124 = ORIENTED_EDGE ( 'NONE', *, *, #5360, .T. ) ;
#2125 = DIRECTION ( 'NONE',  ( 0.000000000000000000, 0.000000000000000000, -1.000000000000000000 ) ) ;
#2126 = LINE ( 'NONE', #792, #236 ) ;
#2127 = CARTESIAN_POINT ( 'NONE',  ( -6.271536250988729577, 11.00000000000000178, -10.54132049971321905 ) ) ;
#2128 = CARTESIAN_POINT ( 'NONE',  ( -18.16304187309451024, 10.49999999999999822, -16.55306277391387937 ) ) ;
#2129 = LINE ( 'NONE', #4670, #4219 ) ;
#2130 = DIRECTION ( 'NONE',  ( 1.000000000000000000, 0.000000000000000000, 0.000000000000000000 ) ) ;
#2131 = CARTESIAN_POINT ( 'NONE',  ( 0.4498511337652404407, 10.49999999999999822, -3.285088366996955500 ) ) ;
#2132 = LINE ( 'NONE', #2970, #1027 ) ;
#2133 = CARTESIAN_POINT ( 'NONE',  ( -8.184619413392285381, 10.99999999999999467, -9.583070464813991052 ) ) ;
#2134 = ORIENTED_EDGE ( 'NONE', *, *, #2050, .F. ) ;
#2135 = CARTESIAN_POINT ( 'NONE',  ( 11.26545112423780104, 11.00000000000000000, -3.418711331995527125 ) ) ;
#2136 = CARTESIAN_POINT ( 'NONE',  ( 4.271293766464144603, 11.00000000000000000, -13.52452755814317520 ) ) ;
#2137 = CARTESIAN_POINT ( 'NONE',  ( -4.740237557680799796, 10.99999999999999822, -2.210055806739936290 ) ) ;
#2138 = AXIS2_PLACEMENT_3D ( 'NONE', #1798, #3990, #3188 ) ;
#2139 = CARTESIAN_POINT ( 'NONE',  ( -21.53661905575970081, 11.00000000000000178, -9.793431797675761885 ) ) ;
#2140 = CARTESIAN_POINT ( 'NONE',  ( -2.068794180405085115, 10.99999999999999822, -3.429283880952282981 ) ) ;
#2141 = CARTESIAN_POINT ( 'NONE',  ( 2.967144695794206477, 10.49999999999999822, -3.274371392944694037 ) ) ;
#2142 = EDGE_CURVE ( 'NONE', #5067, #3709, #5076, .T. ) ;
#2143 = CARTESIAN_POINT ( 'NONE',  ( -18.16304187309451024, 11.00000000000000000, -18.12509765625000568 ) ) ;
#2144 = CARTESIAN_POINT ( 'NONE',  ( 24.84783250762195195, 10.49999999999999822, -14.34042367702577714 ) ) ;
#2145 = ORIENTED_EDGE ( 'NONE', *, *, #2295, .T. ) ;
#2146 = EDGE_LOOP ( 'NONE', ( #3077, #622, #3153, #5079 ) ) ;
#2147 = CARTESIAN_POINT ( 'NONE',  ( 11.10805164627719677, 10.50000000000000355, -4.579147110536277765 ) ) ;
#2148 = CARTESIAN_POINT ( 'NONE',  ( 12.22233984496675596, 11.00000000000000000, 0.7906542165759592455 ) ) ;
#2149 = CARTESIAN_POINT ( 'NONE',  ( -15.18736506849245238, 10.99999999999999822, -1.639276634863752857 ) ) ;
#2150 = EDGE_CURVE ( 'NONE', #465, #2049, #3349, .T. ) ;
#2151 = ORIENTED_EDGE ( 'NONE', *, *, #2358, .T. ) ;
#2152 = CARTESIAN_POINT ( 'NONE',  ( -11.12701065817126356, 10.99999999999999822, -14.69395821120029133 ) ) ;
#2153 = ORIENTED_EDGE ( 'NONE', *, *, #751, .T. ) ;
#2154 = CARTESIAN_POINT ( 'NONE',  ( 30.38139529344512013, 10.49999999999999822, -2.278986042301834214 ) ) ;
#2155 = ORIENTED_EDGE ( 'NONE', *, *, #3030, .F. ) ;
#2156 = CARTESIAN_POINT ( 'NONE',  ( 4.222734851371947151, 10.49999999999999822, -12.85485071321813422 ) ) ;
#2157 = CARTESIAN_POINT ( 'NONE',  ( 1.558913121451175776, 10.49999999999999822, -6.546877240267219733 ) ) ;
#2158 = LINE ( 'NONE', #3498, #416 ) ;
#2159 = B_SPLINE_SURFACE_WITH_KNOTS ( 'NONE', 3, 1, ( 
 ( #2128, #2964 ),
 ( #3768, #2464 ),
 ( #4234, #849 ),
 ( #23, #1711 ),
 ( #4560, #4999 ),
 ( #2909, #1283 ),
 ( #379, #2876 ),
 ( #767, #3411 ),
 ( #4590, #2101 ),
 ( #2991, #2490 ),
 ( #5477, #5084 ),
 ( #2574, #4149 ),
 ( #3849, #4174 ),
 ( #2069, #4259 ),
 ( #5445, #5029 ),
 ( #576, #928 ),
 ( #1401, #2210 ),
 ( #3904, #488 ),
 ( #3932, #2655 ) ),
 .UNSPECIFIED., .F., .F., .F.,
 ( 4, 1, 1, 1, 1, 1, 1, 1, 1, 1, 1, 1, 1, 1, 1, 1, 4 ),
 ( 2, 2 ),
 ( 0.000000000000000000, 0.07816429378793708638, 0.1543216990528977206, 0.2282374576365255592, 0.3001895420855643093, 0.3702850558207299581, 0.4381180176440582219, 0.5040705852050537672, 0.5680667745484789810, 0.6298879288332080995, 0.6893867443649928095, 0.7466551904990739175, 0.8016222994853055006, 0.8544348725422805657, 0.9050935087829236059, 0.9534669720850935670, 1.000000000000000000 ),
 ( 0.000000000000000000, 1.000000000000000000 ),
 .UNSPECIFIED. ) ;
#2160 = DIRECTION ( 'NONE',  ( -0.000000000000000000, 1.000000000000000000, -0.000000000000000000 ) ) ;
#2161 = ORIENTED_EDGE ( 'NONE', *, *, #2463, .F. ) ;
#2162 = CARTESIAN_POINT ( 'NONE',  ( -7.882916982276785944, 10.99999999999999822, -7.244750884826813397 ) ) ;
#2163 = B_SPLINE_CURVE_WITH_KNOTS ( 'NONE', 3,
 ( #114, #1808, #447, #3864, #3506, #5100, #2139, #3058, #2671, #5181, #4733, #563, #3892, #2253, #3477, #4299, #5154, #5211, #1302 ),
 .UNSPECIFIED., .F., .F.,
 ( 4, 1, 1, 1, 1, 1, 1, 1, 1, 1, 1, 1, 1, 1, 1, 1, 4 ),
 ( 0.000000000000000000, 0.07816429378793708638, 0.1543216990528977206, 0.2282374576365255592, 0.3001895420855643093, 0.3702850558207299581, 0.4381180176440582219, 0.5040705852050537672, 0.5680667745484789810, 0.6298879288332080995, 0.6893867443649928095, 0.7466551904990739175, 0.8016222994853055006, 0.8544348725422805657, 0.9050935087829236059, 0.9534669720850935670, 1.000000000000000000 ),
 .UNSPECIFIED. ) ;
#2164 = CARTESIAN_POINT ( 'NONE',  ( 24.84783250762195195, 10.49999999999999822, -14.34042367702577714 ) ) ;
#2165 = DIRECTION ( 'NONE',  ( 0.000000000000000000, 0.000000000000000000, -1.000000000000000000 ) ) ;
#2166 = CARTESIAN_POINT ( 'NONE',  ( -46.49000000000000199, -11.00000000000000000, -47.50000000000000711 ) ) ;
#2167 = CARTESIAN_POINT ( 'NONE',  ( -11.08901061242745278, 11.00000000000000000, -6.697761877761579719 ) ) ;
#2168 = AXIS2_PLACEMENT_3D ( 'NONE', #2682, #981, #4313 ) ;
#2169 = CARTESIAN_POINT ( 'NONE',  ( -9.598673600722777977, 10.49999999999999112, -7.249785751429267400 ) ) ;
#2170 = CARTESIAN_POINT ( 'NONE',  ( 13.72753486357756358, 10.99999999999999822, -4.144136120452284189 ) ) ;
#2171 = CARTESIAN_POINT ( 'NONE',  ( -8.742622840695263520, 11.00000000000000000, -7.309497665777443309 ) ) ;
#2172 = CARTESIAN_POINT ( 'NONE',  ( 6.668482281304141779, 10.50000000000000000, -7.301717109451216992 ) ) ;
#2173 = VERTEX_POINT ( 'NONE', #5045 ) ;
#2174 = EDGE_CURVE ( 'NONE', #2845, #4584, #5359, .T. ) ;
#2175 = EDGE_LOOP ( 'NONE', ( #938, #663, #122, #4435 ) ) ;
#2176 = CARTESIAN_POINT ( 'NONE',  ( 10.97628622523936670, 10.49999999999999289, -4.933993113885452253 ) ) ;
#2177 = CARTESIAN_POINT ( 'NONE',  ( 24.67490867056497450, 11.00000000000000000, -18.12509765625000568 ) ) ;
#2178 = CARTESIAN_POINT ( 'NONE',  ( 9.686587398444782337, 11.00000000000000000, -18.01012274321597673 ) ) ;
#2179 = VECTOR ( 'NONE', #329, 1000.000000000000000 ) ;
#2180 = ORIENTED_EDGE ( 'NONE', *, *, #5419, .T. ) ;
#2181 = ORIENTED_EDGE ( 'NONE', *, *, #3641, .T. ) ;
#2182 = CARTESIAN_POINT ( 'NONE',  ( -27.71602768272151707, 10.50000000000000000, 0.5994629341955757251 ) ) ;
#2183 = ORIENTED_EDGE ( 'NONE', *, *, #1976, .F. ) ;
#2184 = VECTOR ( 'NONE', #3237, 999.9999999999998863 ) ;
#2185 = AXIS2_PLACEMENT_3D ( 'NONE', #4851, #3642, #1029 ) ;
#2186 = ADVANCED_FACE ( 'NONE', ( #2223 ), #4104, .T. ) ;
#2187 = CARTESIAN_POINT ( 'NONE',  ( -5.512091157494521276, 11.00000000000000000, -8.669307838998195237 ) ) ;
#2188 = CARTESIAN_POINT ( 'NONE',  ( 7.103488773252902178, 11.00000000000000178, 0.4877953506097513769 ) ) ;
#2189 = CARTESIAN_POINT ( 'NONE',  ( -14.28719849249699081, 10.49999999999999822, -6.546877240267221509 ) ) ;
#2190 = VECTOR ( 'NONE', #827, 1000.000000000000000 ) ;
#2191 = FACE_OUTER_BOUND ( 'NONE', #1916, .T. ) ;
#2192 = ADVANCED_FACE ( 'NONE', ( #2481 ), #756, .T. ) ;
#2193 = CARTESIAN_POINT ( 'NONE',  ( -5.859895183954677123, 10.49999999999999822, -11.04923762646875218 ) ) ;
#2194 = ORIENTED_EDGE ( 'NONE', *, *, #3855, .T. ) ;
#2195 = CIRCLE ( 'NONE', #63, 5.499999999999991118 ) ;
#2196 = CARTESIAN_POINT ( 'NONE',  ( 0.000000000000000000, 4.009999999999998899, 0.000000000000000000 ) ) ;
#2197 = CARTESIAN_POINT ( 'NONE',  ( 4.719100955776903028, 11.00000000000000178, -14.69395821120028955 ) ) ;
#2198 = CARTESIAN_POINT ( 'NONE',  ( -4.580660489710364658, 10.99999999999999822, -3.418711331995527125 ) ) ;
#2199 = CARTESIAN_POINT ( 'NONE',  ( 21.65014055459345954, 10.50000000000000178, -12.90341902772653349 ) ) ;
#2200 = CARTESIAN_POINT ( 'NONE',  ( -12.22444990740661197, 11.00000000000000178, -5.626989188983602119 ) ) ;
#2201 = FACE_OUTER_BOUND ( 'NONE', #266, .T. ) ;
#2202 = CARTESIAN_POINT ( 'NONE',  ( 12.58086695869342186, 11.00000000000000000, -6.893554023753674542 ) ) ;
#2203 = CARTESIAN_POINT ( 'NONE',  ( -12.72451500322007334, 11.00000000000000178, -4.605572289327449553 ) ) ;
#2204 = CARTESIAN_POINT ( 'NONE',  ( 4.133744927904282385, 10.49999999999999822, -6.213759792962592066 ) ) ;
#2205 = EDGE_LOOP ( 'NONE', ( #4316, #3182 ) ) ;
#2206 = EDGE_LOOP ( 'NONE', ( #4887, #1603, #2737, #2151 ) ) ;
#2207 = CARTESIAN_POINT ( 'NONE',  ( 8.368450886836214409, 10.49999999999999645, -7.158861086473408797 ) ) ;
#2208 = CARTESIAN_POINT ( 'NONE',  ( 7.998767458855372325, 10.49999999999999467, -16.05987475837657641 ) ) ;
#2209 = CARTESIAN_POINT ( 'NONE',  ( 13.25138829786542161, 10.99999999999999822, -13.85689754922630001 ) ) ;
#2210 = CARTESIAN_POINT ( 'NONE',  ( -25.14922120068606759, 11.00000000000000533, 1.543170842634402629 ) ) ;
#2211 = B_SPLINE_SURFACE_WITH_KNOTS ( 'NONE', 3, 1, ( 
 ( #320, #1537 ),
 ( #3243, #1962 ),
 ( #3271, #2820 ),
 ( #2791, #5280 ),
 ( #1143, #734 ),
 ( #4478, #2016 ),
 ( #3190, #653 ),
 ( #4042, #3712 ),
 ( #3216, #2250 ),
 ( #242, #5386 ),
 ( #1934, #3652 ),
 ( #4919, #682 ),
 ( #1118, #1595 ),
 ( #707, #3942 ),
 ( #3628, #5307 ) ),
 .UNSPECIFIED., .F., .F., .F.,
 ( 4, 1, 1, 1, 1, 1, 1, 1, 1, 1, 1, 1, 4 ),
 ( 2, 2 ),
 ( 0.000000000000000000, 0.08109067736245557934, 0.1601764339438525864, 0.2388162051317055390, 0.3186263804358752116, 0.3991842317164751019, 0.4794762106755971476, 0.5613809783239201989, 0.6461064879495128643, 0.7328044657007589668, 0.8198153588020310467, 0.9082263167607932397, 1.000000000000000000 ),
 ( 0.000000000000000000, 1.000000000000000000 ),
 .UNSPECIFIED. ) ;
#2212 = ORIENTED_EDGE ( 'NONE', *, *, #4523, .F. ) ;
#2213 = ORIENTED_EDGE ( 'NONE', *, *, #4080, .T. ) ;
#2214 = CARTESIAN_POINT ( 'NONE',  ( -15.38931343924585704, 10.99999999999999822, -3.721686383213500093 ) ) ;
#2215 = CYLINDRICAL_SURFACE ( 'NONE', #1795, 7.000000000000002665 ) ;
#2216 = CARTESIAN_POINT ( 'NONE',  ( -13.54022314180936348, 10.50000000000000178, 1.082917969584870299 ) ) ;
#2217 = EDGE_CURVE ( 'NONE', #3213, #1657, #3732, .T. ) ;
#2218 = CARTESIAN_POINT ( 'NONE',  ( 7.458634494304956064, 10.49999999999999822, -16.10963981524406208 ) ) ;
#2219 = CARTESIAN_POINT ( 'NONE',  ( -23.64507334586642884, 11.00000000000000355, -10.67446429158272814 ) ) ;
#2220 = ORIENTED_EDGE ( 'NONE', *, *, #4146, .T. ) ;
#2221 = CARTESIAN_POINT ( 'NONE',  ( -6.056930893312736153, 11.00000000000000178, -6.453961277063840818 ) ) ;
#2222 = CARTESIAN_POINT ( 'NONE',  ( 11.61135536817725011, 10.49999999999999645, -16.90221961948399354 ) ) ;
#2223 = FACE_OUTER_BOUND ( 'NONE', #2916, .T. ) ;
#2224 = EDGE_CURVE ( 'NONE', #2985, #441, #5448, .T. ) ;
#2225 = CARTESIAN_POINT ( 'NONE',  ( -5.225986084919653329, 11.00000000000000000, -1.171297859410754594 ) ) ;
#2226 = CARTESIAN_POINT ( 'NONE',  ( 17.87347407907304486, 10.50000000000000178, -7.541764625214703699 ) ) ;
#2227 = CARTESIAN_POINT ( 'NONE',  ( -12.43174923022417566, 10.50000000000000000, -5.307616457347452688 ) ) ;
#2228 = CARTESIAN_POINT ( 'NONE',  ( -11.41318491272697777, 10.49999999999999645, -6.472748947987427393 ) ) ;
#2229 = EDGE_CURVE ( 'NONE', #4342, #1895, #936, .T. ) ;
#2230 = CARTESIAN_POINT ( 'NONE',  ( 10.81513910739269768, 10.99999999999999822, -1.500086236500234982 ) ) ;
#2231 = CARTESIAN_POINT ( 'NONE',  ( -8.889496706321214248, 11.00000000000000178, -7.306870669616458258 ) ) ;
#2232 = CARTESIAN_POINT ( 'NONE',  ( 6.956614907626955890, 11.00000000000000000, -7.306870669616457370 ) ) ;
#2233 = ORIENTED_EDGE ( 'NONE', *, *, #751, .F. ) ;
#2234 = ORIENTED_EDGE ( 'NONE', *, *, #3992, .F. ) ;
#2235 = CARTESIAN_POINT ( 'NONE',  ( -6.020586586558549946, 10.49999999999999822, -14.92827785346135805 ) ) ;
#2236 = DIRECTION ( 'NONE',  ( -0.000000000000000000, -1.000000000000000000, -0.000000000000000000 ) ) ;
#2237 = LINE ( 'NONE', #4748, #3690 ) ;
#2238 = DIRECTION ( 'NONE',  ( -0.000000000000000000, 1.000000000000000000, -0.000000000000000000 ) ) ;
#2239 = VECTOR ( 'NONE', #2706, 1000.000000000000000 ) ;
#2240 = ORIENTED_EDGE ( 'NONE', *, *, #4322, .T. ) ;
#2241 = CARTESIAN_POINT ( 'NONE',  ( 5.046905187181141450, 10.99999999999999289, -18.00852547112670266 ) ) ;
#2242 = CARTESIAN_POINT ( 'NONE',  ( 49.75000000000000000, -2.499999999999998668, -32.50000000000000711 ) ) ;
#2243 = ORIENTED_EDGE ( 'NONE', *, *, #5053, .F. ) ;
#2244 = CARTESIAN_POINT ( 'NONE',  ( -56.11794756220351843, 11.00000000000000000, 33.07909373942906228 ) ) ;
#2245 = CARTESIAN_POINT ( 'NONE',  ( -4.234756245770915584, 10.49999999999999645, -16.90221961948399354 ) ) ;
#2246 = CARTESIAN_POINT ( 'NONE',  ( -27.22208566957993625, 10.99999999999999822, -1.414121193633511187 ) ) ;
#2247 = ORIENTED_EDGE ( 'NONE', *, *, #1984, .T. ) ;
#2248 = CARTESIAN_POINT ( 'NONE',  ( -4.648792731451961480, 10.49999999999999645, -4.205637562895960357 ) ) ;
#2249 = DIRECTION ( 'NONE',  ( 0.000000000000000000, 0.000000000000000000, -1.000000000000000000 ) ) ;
#2250 = CARTESIAN_POINT ( 'NONE',  ( -12.14071860205701903, 11.00000000000000000, -17.33434267920868166 ) ) ;
#2251 = CARTESIAN_POINT ( 'NONE',  ( 21.65014055459345954, 11.00000000000000355, -12.90341902772653349 ) ) ;
#2252 = CARTESIAN_POINT ( 'NONE',  ( 8.826591763773235400, 10.50000000000000355, -9.945638745238213119 ) ) ;
#2253 = CARTESIAN_POINT ( 'NONE',  ( -24.50641411441755579, 10.99999999999999822, -1.496399868919551457 ) ) ;
#2254 = CARTESIAN_POINT ( 'NONE',  ( -10.51219444562479310, 10.99999999999999822, -15.40425483444232313 ) ) ;
#2255 = ADVANCED_FACE ( 'NONE', ( #5436 ), #1644, .F. ) ;
#2256 = CARTESIAN_POINT ( 'NONE',  ( -7.811058723388714320, 10.99999999999999467, 2.727214009853057952 ) ) ;
#2257 = DIRECTION ( 'NONE',  ( 0.000000000000000000, 0.000000000000000000, 1.000000000000000000 ) ) ;
#2258 = CARTESIAN_POINT ( 'NONE',  ( -5.459225037612485565, 10.49999999999999822, -17.71235908147223626 ) ) ;
#2259 = CARTESIAN_POINT ( 'NONE',  ( -12.87708928604057057, 11.00000000000000000, -3.556463577811508348 ) ) ;
#2260 = CARTESIAN_POINT ( 'NONE',  ( 3.414362383723994032, 11.00000000000000355, -5.307616457347453576 ) ) ;
#2261 = VERTEX_POINT ( 'NONE', #4433 ) ;
#2262 = EDGE_CURVE ( 'NONE', #2687, #4824, #3502, .T. ) ;
#2263 = ORIENTED_EDGE ( 'NONE', *, *, #536, .T. ) ;
#2264 = CARTESIAN_POINT ( 'NONE',  ( 5.802697162480762394, 10.49999999999999467, 0.3474155163753753217 ) ) ;
#2265 = CARTESIAN_POINT ( 'NONE',  ( 0.5608384769167826800, 10.50000000000000000, -2.034560898765712000 ) ) ;
#2266 = DIRECTION ( 'NONE',  ( 1.000000000000000000, 0.000000000000000000, 0.000000000000000000 ) ) ;
#2267 = CARTESIAN_POINT ( 'NONE',  ( -2.568455840320119865, 10.49999999999999822, -13.14567716645031936 ) ) ;
#2268 = CIRCLE ( 'NONE', #5090, 2.999999999999999112 ) ;
#2269 = ORIENTED_EDGE ( 'NONE', *, *, #3945, .T. ) ;
#2270 = ORIENTED_EDGE ( 'NONE', *, *, #4384, .T. ) ;
#2271 = PLANE ( 'NONE',  #2325 ) ;
#2272 = CARTESIAN_POINT ( 'NONE',  ( 4.222734851371947151, 10.49999999999999822, -12.85485071321813422 ) ) ;
#2273 = CARTESIAN_POINT ( 'NONE',  ( 49.75000000000000000, -11.00000000000000000, -32.50000000000000711 ) ) ;
#2274 = AXIS2_PLACEMENT_3D ( 'NONE', #2962, #1654, #847 ) ;
#2275 = LINE ( 'NONE', #2638, #2762 ) ;
#2276 = CIRCLE ( 'NONE', #4739, 2.999999999999999112 ) ;
#2277 = CARTESIAN_POINT ( 'NONE',  ( 24.15587049709280620, 10.99999999999999822, -13.10526871995290854 ) ) ;
#2278 = CARTESIAN_POINT ( 'NONE',  ( -36.26142857142856002, -11.00000000000000000, 15.48251798124699263 ) ) ;
#2279 = CARTESIAN_POINT ( 'NONE',  ( -2.593501203574265279, 11.00000000000000178, -12.48286635963155966 ) ) ;
#2280 = VECTOR ( 'NONE', #399, 1000.000000000000000 ) ;
#2281 = CARTESIAN_POINT ( 'NONE',  ( 10.45741372644078204, 10.99999999999999822, -12.20986087329393932 ) ) ;
#2282 = DIRECTION ( 'NONE',  ( 0.000000000000000000, 0.000000000000000000, -1.000000000000000000 ) ) ;
#2283 = CARTESIAN_POINT ( 'NONE',  ( 4.222734851371947151, 10.49999999999999822, -12.85485071321813422 ) ) ;
#2284 = PLANE ( 'NONE',  #2790 ) ;
#2285 = CARTESIAN_POINT ( 'NONE',  ( 13.14447177070271167, 10.49999999999999645, -0.5074585372699627062 ) ) ;
#2286 = EDGE_CURVE ( 'NONE', #5472, #4771, #5000, .T. ) ;
#2287 = DIRECTION ( 'NONE',  ( 0.000000000000000000, 1.000000000000000000, 0.000000000000000000 ) ) ;
#2288 = CARTESIAN_POINT ( 'NONE',  ( -24.76453903769549214, 10.50000000000000000, -0.4475561541894337303 ) ) ;
#2289 = ORIENTED_EDGE ( 'NONE', *, *, #2352, .T. ) ;
#2290 = EDGE_LOOP ( 'NONE', ( #2, #5138 ) ) ;
#2291 = CARTESIAN_POINT ( 'NONE',  ( 3.826964278299896716, 10.49999999999999645, -0.8514463652335977351 ) ) ;
#2292 = CARTESIAN_POINT ( 'NONE',  ( -36.54999999999999716, -11.00000000000000000, 29.22637585982666764 ) ) ;
#2293 = CARTESIAN_POINT ( 'NONE',  ( 8.162443272341421974, 10.99999999999999822, -18.35142445075854312 ) ) ;
#2294 = CARTESIAN_POINT ( 'NONE',  ( -2.071031836832454065, 10.49999999999999822, -2.857185568690649546 ) ) ;
#2295 = EDGE_CURVE ( 'NONE', #4942, #5224, #4353, .T. ) ;
#2296 = ORIENTED_EDGE ( 'NONE', *, *, #398, .F. ) ;
#2297 = ORIENTED_EDGE ( 'NONE', *, *, #4017, .T. ) ;
#2298 = CARTESIAN_POINT ( 'NONE',  ( 27.36308831935975405, 10.49999999999999822, 2.499999999999995115 ) ) ;
#2299 = CARTESIAN_POINT ( 'NONE',  ( 4.757101001520713801, 10.50000000000000178, -6.697761877761581495 ) ) ;
#2300 = EDGE_CURVE ( 'NONE', #1985, #3516, #219, .T. ) ;
#2301 = CARTESIAN_POINT ( 'NONE',  ( -2.568455840320119865, 10.99999999999999289, -13.14567716645031936 ) ) ;
#2302 = CARTESIAN_POINT ( 'NONE',  ( -4.217610497543430981, 11.00000000000000000, 1.330262326271919981 ) ) ;
#2303 = CARTESIAN_POINT ( 'NONE',  ( 18.20991521695765059, 11.00000000000000000, -4.542716272865859217 ) ) ;
#2304 = CARTESIAN_POINT ( 'NONE',  ( 23.28985009938629958, 11.00000000000000533, -15.57200218241630196 ) ) ;
#2305 = CARTESIAN_POINT ( 'NONE',  ( 0.4498511337652404407, 10.49999999999999822, -3.285088366996955500 ) ) ;
#2306 = DIRECTION ( 'NONE',  ( -0.000000000000000000, -1.000000000000000000, -0.000000000000000000 ) ) ;
#2307 = B_SPLINE_CURVE_WITH_KNOTS ( 'NONE', 3,
 ( #182, #1872, #2371, #2343, #2007, #2843, #4063, #4034, #262, #1084, #2784, #4090, #5327, #3705, #1929, #624, #1057, #703, #4499 ),
 .UNSPECIFIED., .F., .F.,
 ( 4, 1, 1, 1, 1, 1, 1, 1, 1, 1, 1, 1, 1, 1, 1, 1, 4 ),
 ( 0.000000000000000000, 0.06596427035581162168, 0.1300009784614494512, 0.1920551155487432715, 0.2540753498854391168, 0.3144458664363211087, 0.3762720141311185484, 0.4380008896642027527, 0.5017366010006812926, 0.5647945813087883460, 0.6266644515823620587, 0.6873080831125569778, 0.7476337904000011081, 0.8084357606632246451, 0.8706687911889710030, 0.9340357296441886836, 1.000000000000000000 ),
 .UNSPECIFIED. ) ;
#2308 = CARTESIAN_POINT ( 'NONE',  ( 49.75000000000000711, -2.499999999999998668, 14.19999999999998330 ) ) ;
#2309 = CARTESIAN_POINT ( 'NONE',  ( -3.356686376411701200, 10.99999999999999645, 0.4949243241641008151 ) ) ;
#2310 = LINE ( 'NONE', #4001, #3858 ) ;
#2311 = CARTESIAN_POINT ( 'NONE',  ( -8.498957433933163941, 10.50000000000000178, -9.573227896341467869 ) ) ;
#2312 = CARTESIAN_POINT ( 'NONE',  ( -9.142092263109161010, 10.50000000000000000, -16.05848412436291284 ) ) ;
#2313 = PLANE ( 'NONE',  #2185 ) ;
#2314 = ORIENTED_EDGE ( 'NONE', *, *, #3674, .T. ) ;
#2315 = EDGE_CURVE ( 'NONE', #2374, #1960, #144, .T. ) ;
#2316 = CARTESIAN_POINT ( 'NONE',  ( -11.41901222787252301, 10.49999999999999822, -8.669307838998195237 ) ) ;
#2317 = CARTESIAN_POINT ( 'NONE',  ( -4.594038500800428082, 10.49999999999999645, -2.999630454844111060 ) ) ;
#2318 = CARTESIAN_POINT ( 'NONE',  ( -2.996779885855131109, 10.50000000000000178, -11.20525741977228229 ) ) ;
#2319 = ORIENTED_EDGE ( 'NONE', *, *, #4875, .F. ) ;
#2320 = CIRCLE ( 'NONE', #635, 5.499999999999991118 ) ;
#2321 = ORIENTED_EDGE ( 'NONE', *, *, #3136, .F. ) ;
#2322 = FACE_OUTER_BOUND ( 'NONE', #2347, .T. ) ;
#2323 = ADVANCED_FACE ( 'NONE', ( #4786 ), #3273, .T. ) ;
#2324 = CARTESIAN_POINT ( 'NONE',  ( -14.20398234859577613, 10.49999999999999822, -11.81804919713655977 ) ) ;
#2325 = AXIS2_PLACEMENT_3D ( 'NONE', #3964, #162, #652 ) ;
#2326 = CARTESIAN_POINT ( 'NONE',  ( 8.770215389806109485, 10.49999999999999822, 0.2240295885091265760 ) ) ;
#2327 = CARTESIAN_POINT ( 'NONE',  ( 10.51087438071646041, 10.49999999999999822, -12.85485071321813422 ) ) ;
#2328 = EDGE_CURVE ( 'NONE', #650, #5006, #4397, .T. ) ;
#2329 = CARTESIAN_POINT ( 'NONE',  ( 7.629277814326071550, 10.49999999999999822, -18.36814522510236003 ) ) ;
#2330 = CARTESIAN_POINT ( 'NONE',  ( 17.87347407907304486, 10.50000000000000178, -7.541764625214703699 ) ) ;
#2331 = CARTESIAN_POINT ( 'NONE',  ( 10.51087438071646041, 10.49999999999999822, -12.85485071321813422 ) ) ;
#2332 = CARTESIAN_POINT ( 'NONE',  ( 10.50131983128893864, 11.00000000000000000, -12.52869625213068616 ) ) ;
#2333 = CARTESIAN_POINT ( 'NONE',  ( 5.299033947010094892, 10.99999999999999645, 2.575735096875017671 ) ) ;
#2334 = CARTESIAN_POINT ( 'NONE',  ( 49.75000000000000711, -11.00000000000000000, 14.19999999999999041 ) ) ;
#2335 = DIRECTION ( 'NONE',  ( 0.000000000000000000, 1.056724547975724722E-13, 1.000000000000000000 ) ) ;
#2336 = CARTESIAN_POINT ( 'NONE',  ( 13.57776032036763780, 10.49999999999999289, -1.630620413901466614 ) ) ;
#2337 = B_SPLINE_CURVE_WITH_KNOTS ( 'NONE', 3,
 ( #1425, #2623, #4773, #1819, #4800, #4368, #1339, #3876, #1008, #5195, #2653, #3930, #71, #4395, #3958, #2208, #485, #5221, #1399 ),
 .UNSPECIFIED., .F., .F.,
 ( 4, 1, 1, 1, 1, 1, 1, 1, 1, 1, 1, 1, 1, 1, 1, 1, 4 ),
 ( 0.000000000000000000, 0.06596427035581162168, 0.1300009784614494512, 0.1920551155487432715, 0.2540753498854391168, 0.3144458664363211087, 0.3762720141311185484, 0.4380008896642027527, 0.5017366010006812926, 0.5647945813087883460, 0.6266644515823620587, 0.6873080831125569778, 0.7476337904000011081, 0.8084357606632246451, 0.8706687911889710030, 0.9340357296441886836, 1.000000000000000000 ),
 .UNSPECIFIED. ) ;
#2338 = PLANE ( 'NONE',  #1469 ) ;
#2339 = CARTESIAN_POINT ( 'NONE',  ( -8.498957433933163941, 10.49999999999999822, -9.573227896341467869 ) ) ;
#2340 = ORIENTED_EDGE ( 'NONE', *, *, #2870, .F. ) ;
#2341 = VERTEX_POINT ( 'NONE', #2721 ) ;
#2342 = CARTESIAN_POINT ( 'NONE',  ( 13.77507977711571208, 10.49999999999999822, -2.857185568690649546 ) ) ;
#2343 = CARTESIAN_POINT ( 'NONE',  ( 10.46264950361784329, 11.00000000000000000, -13.50899607171235495 ) ) ;
#2344 = DIRECTION ( 'NONE',  ( 0.000000000000000000, 1.000000000000000000, 0.000000000000000000 ) ) ;
#2345 = EDGE_CURVE ( 'NONE', #106, #3465, #5257, .T. ) ;
#2346 = ORIENTED_EDGE ( 'NONE', *, *, #3571, .T. ) ;
#2347 = EDGE_LOOP ( 'NONE', ( #4444, #15, #572, #4803 ) ) ;
#2348 = LINE ( 'NONE', #2460, #462 ) ;
#2349 = CARTESIAN_POINT ( 'NONE',  ( 9.789180720635432209, 10.49999999999999822, -6.453961277063840818 ) ) ;
#2350 = DIRECTION ( 'NONE',  ( -0.000000000000000000, 1.000000000000000000, -0.000000000000000000 ) ) ;
#2351 = CARTESIAN_POINT ( 'NONE',  ( -2.594723316082743203, 10.99999999999999289, -13.85689754922630001 ) ) ;
#2352 = EDGE_CURVE ( 'NONE', #2957, #2012, #3306, .T. ) ;
#2353 = CARTESIAN_POINT ( 'NONE',  ( -2.067300905123762078, 11.00000000000000178, -3.140894658515251514 ) ) ;
#2354 = CARTESIAN_POINT ( 'NONE',  ( -9.194723644760664172, 10.99999999999999822, 0.4807593559471461941 ) ) ;
#2355 = CARTESIAN_POINT ( 'NONE',  ( 13.25261041037390264, 10.50000000000000000, -12.48286635963155966 ) ) ;
#2356 = VECTOR ( 'NONE', #2081, 1000.000000000000000 ) ;
#2357 = CARTESIAN_POINT ( 'NONE',  ( -30.99084651295731874, 10.49999999999999822, -15.86136742568598024 ) ) ;
#2358 = EDGE_CURVE ( 'NONE', #2818, #5108, #4125, .T. ) ;
#2359 = CARTESIAN_POINT ( 'NONE',  ( 8.264462767905312646, 10.99999999999999822, -9.706889741360321011 ) ) ;
#2360 = AXIS2_PLACEMENT_3D ( 'NONE', #4723, #4235, #932 ) ;
#2361 = CARTESIAN_POINT ( 'NONE',  ( 0.7732541875114364860, 10.99999999999999822, -1.251097811937438298 ) ) ;
#2362 = DIRECTION ( 'NONE',  ( 0.000000000000000000, 0.000000000000000000, 1.000000000000000000 ) ) ;
#2363 = CARTESIAN_POINT ( 'NONE',  ( 0.9267116282821130646, 11.00000000000000000, -0.8798008395882763732 ) ) ;
#2364 = CARTESIAN_POINT ( 'NONE',  ( 13.77507977711571208, 10.49999999999999822, -2.857185568690649546 ) ) ;
#2365 = CIRCLE ( 'NONE', #3081, 5.499999999999991118 ) ;
#2366 = CARTESIAN_POINT ( 'NONE',  ( 57.75000000000000000, -11.00000000000000000, 37.50000000000001421 ) ) ;
#2367 = CARTESIAN_POINT ( 'NONE',  ( -4.782122477447082964, 10.99999999999999822, -8.299799974393950563 ) ) ;
#2368 = ORIENTED_EDGE ( 'NONE', *, *, #989, .F. ) ;
#2369 = CARTESIAN_POINT ( 'NONE',  ( -14.21278000708098332, 11.00000000000000533, -14.54032018391653125 ) ) ;
#2370 = CARTESIAN_POINT ( 'NONE',  ( 13.24636714464995535, 10.49999999999999645, -5.773079072421753999 ) ) ;
#2371 = CARTESIAN_POINT ( 'NONE',  ( 10.49986918561516092, 11.00000000000000000, -13.18588002814276905 ) ) ;
#2372 = FACE_BOUND ( 'NONE', #1116, .T. ) ;
#2373 = VERTEX_POINT ( 'NONE', #772 ) ;
#2374 = VERTEX_POINT ( 'NONE', #5369 ) ;
#2375 = ORIENTED_EDGE ( 'NONE', *, *, #527, .T. ) ;
#2376 = DIRECTION ( 'NONE',  ( 0.000000000000000000, -0.000000000000000000, -1.000000000000000000 ) ) ;
#2377 = CARTESIAN_POINT ( 'NONE',  ( 7.103488773252902178, 10.49999999999999822, -7.309497665777443309 ) ) ;
#2378 = CARTESIAN_POINT ( 'NONE',  ( -11.38823989130300518, 11.00000000000000178, 2.338284246098173647 ) ) ;
#2379 = LINE ( 'NONE', #4073, #2850 ) ;
#2380 = CARTESIAN_POINT ( 'NONE',  ( -12.01914733564826143, 10.49999999999999467, -0.8514463652335972910 ) ) ;
#2381 = EDGE_CURVE ( 'NONE', #5300, #2065, #1148, .T. ) ;
#2382 = CARTESIAN_POINT ( 'NONE',  ( 27.36308831935975405, 10.49999999999999822, 2.499999999999995115 ) ) ;
#2383 = CARTESIAN_POINT ( 'NONE',  ( -4.275479717059527118, 10.50000000000000000, -9.524405921353663373 ) ) ;
#2384 = ORIENTED_EDGE ( 'NONE', *, *, #3116, .F. ) ;
#2385 = CARTESIAN_POINT ( 'NONE',  ( -5.388697887507383655, 10.49999999999999645, -12.20986087329393932 ) ) ;
#2386 = DIRECTION ( 'NONE',  ( -0.000000000000000000, -1.000000000000000000, -0.000000000000000000 ) ) ;
#2387 = CARTESIAN_POINT ( 'NONE',  ( 7.963194631671376200, 10.99999999999998579, -7.244750884826813397 ) ) ;
#2388 = B_SPLINE_SURFACE_WITH_KNOTS ( 'NONE', 3, 1, ( 
 ( #2316, #3704 ),
 ( #3672, #5352 ),
 ( #647, #1562 ),
 ( #4524, #1056 ),
 ( #3154, #3264 ),
 ( #4938, #4910 ),
 ( #727, #5301 ),
 ( #3235, #1110 ),
 ( #2424, #4826 ),
 ( #4115, #4008 ),
 ( #2758, #206 ) ),
 .UNSPECIFIED., .F., .F., .F.,
 ( 4, 1, 1, 1, 1, 1, 1, 1, 4 ),
 ( 2, 2 ),
 ( 0.000000000000000000, 0.1355607305809377328, 0.2666143136119718537, 0.3937587845813598775, 0.5199214895006873949, 0.6432810940245111686, 0.7624754540508218437, 0.8804800829043205601, 1.000000000000000000 ),
 ( 0.000000000000000000, 1.000000000000000000 ),
 .UNSPECIFIED. ) ;
#2389 = LINE ( 'NONE', #4542, #3429 ) ;
#2390 = ADVANCED_FACE ( 'NONE', ( #4511 ), #1096, .F. ) ;
#2391 = CARTESIAN_POINT ( 'NONE',  ( 0.7732541875114364860, 10.99999999999999822, -1.251097811937438298 ) ) ;
#2392 = CARTESIAN_POINT ( 'NONE',  ( -11.61267547976272319, 10.50000000000000000, -12.52765795314684460 ) ) ;
#2393 = CARTESIAN_POINT ( 'NONE',  ( 11.57063189688863858, 10.50000000000000000, -9.524405921353663373 ) ) ;
#2394 = CARTESIAN_POINT ( 'NONE',  ( -10.05814648722300930, 10.50000000000000000, -18.21711235634275639 ) ) ;
#2395 = DIRECTION ( 'NONE',  ( -0.000000000000000000, 1.000000000000000000, -0.000000000000000000 ) ) ;
#2396 = ADVANCED_FACE ( 'NONE', ( #2881 ), #2468, .F. ) ;
#2397 = CARTESIAN_POINT ( 'NONE',  ( 13.41210827338382217, 10.99999999999999822, -5.378983794962195475 ) ) ;
#2398 = FACE_OUTER_BOUND ( 'NONE', #4886, .T. ) ;
#2399 = LINE ( 'NONE', #5328, #3076 ) ;
#2400 = VERTEX_POINT ( 'NONE', #2828 ) ;
#2401 = CARTESIAN_POINT ( 'NONE',  ( 7.347154180015002645, 10.49999999999999822, -16.11289300685976400 ) ) ;
#2402 = CARTESIAN_POINT ( 'NONE',  ( 7.540096538838360729, 10.50000000000000000, -7.302860428163598705 ) ) ;
#2403 = CARTESIAN_POINT ( 'NONE',  ( -15.12174927317237305, 11.00000000000000178, -4.987244201571612301 ) ) ;
#2404 = CIRCLE ( 'NONE', #18, 2.500000000000002220 ) ;
#2405 = DIRECTION ( 'NONE',  ( 1.000000000000000000, 0.000000000000000000, 0.000000000000000000 ) ) ;
#2406 = LINE ( 'NONE', #3138, #370 ) ;
#2407 = CARTESIAN_POINT ( 'NONE',  ( -12.88100466844512049, 11.00000000000000000, -3.418711331995527125 ) ) ;
#2408 = LINE ( 'NONE', #712, #4828 ) ;
#2409 = CARTESIAN_POINT ( 'NONE',  ( 10.51087438071646041, 10.99999999999999467, -12.85485071321813422 ) ) ;
#2410 = VERTEX_POINT ( 'NONE', #1576 ) ;
#2411 = EDGE_CURVE ( 'NONE', #2995, #1796, #2408, .T. ) ;
#2412 = CARTESIAN_POINT ( 'NONE',  ( -2.118576750370605222, 10.99999999999999822, -4.144136120452284189 ) ) ;
#2413 = ORIENTED_EDGE ( 'NONE', *, *, #3886, .F. ) ;
#2414 = CARTESIAN_POINT ( 'NONE',  ( -37.75000000000000711, -11.00000000000000000, 22.32999999999999119 ) ) ;
#2415 = CARTESIAN_POINT ( 'NONE',  ( -8.387477119643211410, 10.49999999999999822, -16.10963981524406208 ) ) ;
#2416 = CARTESIAN_POINT ( 'NONE',  ( 41.75000000000000711, 5.999999999999999112, -42.50000000000000711 ) ) ;
#2417 = DIRECTION ( 'NONE',  ( -0.000000000000000000, 1.000000000000000000, -0.000000000000000000 ) ) ;
#2418 = CARTESIAN_POINT ( 'NONE',  ( 49.75000000000000000, -2.499999999999998668, -35.80000000000001847 ) ) ;
#2419 = EDGE_CURVE ( 'NONE', #2064, #3776, #2022, .T. ) ;
#2420 = CARTESIAN_POINT ( 'NONE',  ( 13.26930594528566765, 10.99999999999999822, -12.92470387074477323 ) ) ;
#2421 = CARTESIAN_POINT ( 'NONE',  ( -9.127690929646838924, 10.99999999999999645, -9.625206284393026834 ) ) ;
#2422 = EDGE_LOOP ( 'NONE', ( #1593, #3159, #1196, #957 ) ) ;
#2423 = B_SPLINE_SURFACE_WITH_KNOTS ( 'NONE', 3, 1, ( 
 ( #3586, #1390 ),
 ( #617, #1470 ),
 ( #1810, #5213 ),
 ( #3509, #172 ),
 ( #2698, #1049 ),
 ( #1921, #5239 ),
 ( #4816, #1863 ),
 ( #1076, #2673 ),
 ( #199, #3201 ),
 ( #2750, #3536 ),
 ( #3920, #4000 ),
 ( #2727, #2309 ),
 ( #1024, #4791 ),
 ( #1889, #3092 ),
 ( #3948, #3560 ),
 ( #4412, #1416 ),
 ( #3176, #4439 ),
 ( #4765, #3119 ),
 ( #5264, #1442 ),
 ( #3145, #5184 ),
 ( #2777, #2256 ),
 ( #4464, #641 ),
 ( #4027, #4847 ) ),
 .UNSPECIFIED., .F., .F., .F.,
 ( 4, 1, 1, 1, 1, 1, 1, 1, 1, 1, 1, 1, 1, 1, 1, 1, 1, 1, 1, 1, 4 ),
 ( 2, 2 ),
 ( 0.000000000000000000, 0.04283503422024807772, 0.08428029696437250307, 0.1253011096378452149, 0.1656233672167559123, 0.2055187223299067556, 0.2452046315699084877, 0.2847356030621589484, 0.3244730239720163834, 0.3640958835607188693, 0.4035673969704451358, 0.4427151151520584693, 0.4823551800457137606, 0.5221288099167459285, 0.5625392816307532851, 0.6038013357034031081, 0.6457733814847522735, 0.7310827546346233552, 0.8177035447951623848, 0.9068485518050651839, 1.000000000000000000 ),
 ( 0.000000000000000000, 1.000000000000000000 ),
 .UNSPECIFIED. ) ;
#2424 = CARTESIAN_POINT ( 'NONE',  ( -14.36062797824964044, 10.50000000000000178, -12.47390212536449461 ) ) ;
#2425 = CARTESIAN_POINT ( 'NONE',  ( -6.041271398241931045, 10.50000000000000000, -0.3375758981456742913 ) ) ;
#2426 =( NAMED_UNIT ( * ) PLANE_ANGLE_UNIT ( ) SI_UNIT ( $, .RADIAN. ) );
#2427 = EDGE_CURVE ( 'NONE', #3888, #2651, #4102, .T. ) ;
#2428 = ORIENTED_EDGE ( 'NONE', *, *, #2965, .F. ) ;
#2429 = ORIENTED_EDGE ( 'NONE', *, *, #53, .T. ) ;
#2430 = CARTESIAN_POINT ( 'NONE',  ( 24.84783250762195195, 11.00000000000000000, -14.34042367702577714 ) ) ;
#2431 = CARTESIAN_POINT ( 'NONE',  ( 10.09079787098468728, 10.49999999999999645, -6.190343134507637401 ) ) ;
#2432 = CARTESIAN_POINT ( 'NONE',  ( -14.77585172868704610, 11.00000000000000355, -5.787489614356032597 ) ) ;
#2433 = CARTESIAN_POINT ( 'NONE',  ( -27.49184782784661962, 10.49999999999999645, -0.3914908154697539500 ) ) ;
#2434 = FILL_AREA_STYLE_COLOUR ( '', #373 ) ;
#2435 = VECTOR ( 'NONE', #2598, 1000.000000000000000 ) ;
#2436 = CARTESIAN_POINT ( 'NONE',  ( 57.75000000000000000, 11.00000000000000000, -44.49999999999999289 ) ) ;
#2437 = CARTESIAN_POINT ( 'NONE',  ( 11.26545112423780104, 10.49999999999999822, -3.418711331995527125 ) ) ;
#2438 = CYLINDRICAL_SURFACE ( 'NONE', #5194, 3.300000000000004263 ) ;
#2439 = CARTESIAN_POINT ( 'NONE',  ( 7.347154180015002645, 10.49999999999999822, -9.573227896341467869 ) ) ;
#2440 = ORIENTED_EDGE ( 'NONE', *, *, #3915, .F. ) ;
#2441 = CARTESIAN_POINT ( 'NONE',  ( 5.787965126725159060, 10.49999999999999822, -18.21711235634275639 ) ) ;
#2442 = CARTESIAN_POINT ( 'NONE',  ( -8.742622840695263520, 10.49999999999999822, 0.4877953506097513769 ) ) ;
#2443 = B_SPLINE_CURVE_WITH_KNOTS ( 'NONE', 3,
 ( #2617, #1866, #4686, #3564, #541, #4277, #4333, #5242, #1332, #1393, #4389 ),
 .UNSPECIFIED., .F., .F.,
 ( 4, 1, 1, 1, 1, 1, 1, 1, 4 ),
 ( 0.000000000000000000, 0.1355607305809377328, 0.2666143136119718537, 0.3937587845813598775, 0.5199214895006873949, 0.6432810940245111686, 0.7624754540508218437, 0.8804800829043205601, 1.000000000000000000 ),
 .UNSPECIFIED. ) ;
#2444 = DIRECTION ( 'NONE',  ( -0.000000000000000000, 1.000000000000000000, -0.000000000000000000 ) ) ;
#2445 = VECTOR ( 'NONE', #839, 1000.000000000000000 ) ;
#2446 = LINE ( 'NONE', #4133, #4223 ) ;
#2447 = VECTOR ( 'NONE', #5268, 1000.000000000000000 ) ;
#2448 = CARTESIAN_POINT ( 'NONE',  ( 6.400225253411638171, 10.50000000000000000, -15.98992857458341277 ) ) ;
#2449 = CARTESIAN_POINT ( 'NONE',  ( -9.127690929646838924, 10.49999999999999822, -9.625206284393026834 ) ) ;
#2450 = ORIENTED_EDGE ( 'NONE', *, *, #353, .T. ) ;
#2451 = VECTOR ( 'NONE', #3082, 1000.000000000000000 ) ;
#2452 = DIRECTION ( 'NONE',  ( -0.000000000000000000, 1.000000000000000000, -0.000000000000000000 ) ) ;
#2453 = CARTESIAN_POINT ( 'NONE',  ( 4.562525941684092423, 10.50000000000000000, -14.42597190878089819 ) ) ;
#2454 = EDGE_CURVE ( 'NONE', #679, #2928, #5474, .T. ) ;
#2455 = DIRECTION ( 'NONE',  ( -0.000000000000000000, 1.000000000000000000, -0.000000000000000000 ) ) ;
#2456 = CARTESIAN_POINT ( 'NONE',  ( -13.54022314180936348, 11.00000000000000355, 1.082917969584870299 ) ) ;
#2457 = VECTOR ( 'NONE', #1538, 1000.000000000000000 ) ;
#2458 = ORIENTED_EDGE ( 'NONE', *, *, #1410, .T. ) ;
#2459 = ORIENTED_EDGE ( 'NONE', *, *, #2971, .T. ) ;
#2460 = CARTESIAN_POINT ( 'NONE',  ( -8.742622840695263520, 10.49999999999999822, -7.309497665777443309 ) ) ;
#2461 = CARTESIAN_POINT ( 'NONE',  ( 7.107418860458743382, 10.49999999999999822, 2.751525581173775770 ) ) ;
#2462 = CARTESIAN_POINT ( 'NONE',  ( -8.184619413392285381, 10.99999999999999822, -9.583070464813991052 ) ) ;
#2463 = EDGE_CURVE ( 'NONE', #1506, #3954, #1941, .T. ) ;
#2464 = CARTESIAN_POINT ( 'NONE',  ( -18.41775603356215996, 11.00000000000000178, -16.08506836746932933 ) ) ;
#2465 = CARTESIAN_POINT ( 'NONE',  ( 11.20458736513391251, 11.00000000000000000, -2.592745307745567995 ) ) ;
#2466 = APPLICATION_PROTOCOL_DEFINITION ( 'draft international standard', 'automotive_design', 1998, #5130 ) ;
#2467 = CARTESIAN_POINT ( 'NONE',  ( -12.81518183855335380, 10.49999999999999822, -2.581479027203728904 ) ) ;
#2468 = PLANE ( 'NONE',  #2625 ) ;
#2469 = CARTESIAN_POINT ( 'NONE',  ( 10.29333802665804676, 10.99999999999999467, -14.11587401557059351 ) ) ;
#2470 = EDGE_LOOP ( 'NONE', ( #5028, #1794, #1955, #3420 ) ) ;
#2471 = B_SPLINE_SURFACE_WITH_KNOTS ( 'NONE', 3, 1, ( 
 ( #1217, #3346 ),
 ( #4605, #410 ),
 ( #4591, #3246 ),
 ( #1542, #2492 ),
 ( #3360, #3327 ),
 ( #1234, #324 ),
 ( #1597, #354 ),
 ( #2044, #2104 ),
 ( #738, #5031 ),
 ( #1658, #1203 ),
 ( #3769, #709 ),
 ( #769, #4506 ),
 ( #796, #2018 ),
 ( #3800, #3300 ),
 ( #3743, #4620 ),
 ( #2937, #2465 ),
 ( #4532, #1172 ),
 ( #1572, #2851 ),
 ( #5364, #3275 ) ),
 .UNSPECIFIED., .F., .F., .F.,
 ( 4, 1, 1, 1, 1, 1, 1, 1, 1, 1, 1, 1, 1, 1, 1, 1, 4 ),
 ( 2, 2 ),
 ( 0.000000000000000000, 0.06991984567233448800, 0.1372054189840654914, 0.2017638460151232327, 0.2645849827046582448, 0.3263992762502298528, 0.3870105554954119120, 0.4478754524681907712, 0.5096411020608848652, 0.5707677847448894282, 0.6305017923276146075, 0.6893709851241361930, 0.7491395764663526524, 0.8088452733458765254, 0.8700947621460093373, 0.9337299782602210829, 1.000000000000000000 ),
 ( 0.000000000000000000, 1.000000000000000000 ),
 .UNSPECIFIED. ) ;
#2472 = CARTESIAN_POINT ( 'NONE',  ( -54.75000000000000000, -11.00000000000000000, 47.49999999999999289 ) ) ;
#2473 = CARTESIAN_POINT ( 'NONE',  ( 13.54582794992259132, 10.49999999999999822, -4.975228648934434617 ) ) ;
#2474 = CARTESIAN_POINT ( 'NONE',  ( -5.346242428333004781, 10.49999999999999822, -13.18588002814276905 ) ) ;
#2475 = DIRECTION ( 'NONE',  ( 0.000000000000000000, 0.000000000000000000, -1.000000000000000000 ) ) ;
#2476 = CARTESIAN_POINT ( 'NONE',  ( -4.580660489710364658, 11.00000000000000000, -3.418711331995527125 ) ) ;
#2477 = CARTESIAN_POINT ( 'NONE',  ( 5.578832377030392031, 10.49999999999999822, -15.59384789299877916 ) ) ;
#2478 = CARTESIAN_POINT ( 'NONE',  ( -4.121549197068359760, 10.99999999999999645, -7.816128653816421412 ) ) ;
#2479 = CARTESIAN_POINT ( 'NONE',  ( 7.103488773252902178, 10.49999999999999822, -7.309497665777443309 ) ) ;
#2480 = CARTESIAN_POINT ( 'NONE',  ( 3.398113208883831060, 10.50000000000000178, -1.475357951040890736 ) ) ;
#2481 = FACE_OUTER_BOUND ( 'NONE', #1112, .T. ) ;
#2482 = DIRECTION ( 'NONE',  ( -0.000000000000000000, -1.000000000000000000, -0.000000000000000000 ) ) ;
#2483 = CARTESIAN_POINT ( 'NONE',  ( -13.54022314180936348, 10.50000000000000178, 1.082917969584870299 ) ) ;
#2484 = EDGE_CURVE ( 'NONE', #543, #3267, #3835, .T. ) ;
#2485 = ORIENTED_EDGE ( 'NONE', *, *, #4152, .T. ) ;
#2486 = VERTEX_POINT ( 'NONE', #4181 ) ;
#2487 = CARTESIAN_POINT ( 'NONE',  ( 10.09079787098468728, 10.99999999999998757, -6.190343134507637401 ) ) ;
#2488 = CARTESIAN_POINT ( 'NONE',  ( 2.305888472138807987, 10.49999999999999822, 1.082917969584869411 ) ) ;
#2489 = CARTESIAN_POINT ( 'NONE',  ( -54.75000000000000000, 11.00000000000000000, 47.49999999999999289 ) ) ;
#2490 = CARTESIAN_POINT ( 'NONE',  ( -23.06349887500092777, 11.00000000000000355, -6.047910016018612112 ) ) ;
#2491 = ADVANCED_FACE ( 'NONE', ( #384 ), #2423, .T. ) ;
#2492 = CARTESIAN_POINT ( 'NONE',  ( 7.975290526505650845, 11.00000000000000178, 0.4283511976069412919 ) ) ;
#2493 = CARTESIAN_POINT ( 'NONE',  ( 2.480948251552776984, 10.49999999999999822, -7.546610292775177697 ) ) ;
#2494 = CARTESIAN_POINT ( 'NONE',  ( 24.53215016015267125, 11.00000000000000178, -17.84665912460605597 ) ) ;
#2495 = DIRECTION ( 'NONE',  ( 0.000000000000000000, 0.000000000000000000, -1.000000000000000000 ) ) ;
#2496 = EDGE_CURVE ( 'NONE', #2173, #4262, #226, .T. ) ;
#2497 = CARTESIAN_POINT ( 'NONE',  ( -2.068794180405085115, 11.00000000000000000, -3.429283880952282981 ) ) ;
#2498 = ORIENTED_EDGE ( 'NONE', *, *, #697, .F. ) ;
#2500 = DIRECTION ( 'NONE',  ( 0.000000000000000000, -1.000000000000000000, 0.000000000000000000 ) ) ;
#2499 = AXIS2_PLACEMENT_3D ( 'NONE', #5479, #1289, #2072 ) ;
#2501 = CARTESIAN_POINT ( 'NONE',  ( -5.457006192068300621, 10.50000000000000000, -13.81878840695711119 ) ) ;
#2502 = CARTESIAN_POINT ( 'NONE',  ( -7.847344155092789819, 10.99999999999999645, -16.05987475837657641 ) ) ;
#2503 = CARTESIAN_POINT ( 'NONE',  ( -7.075896224142057989, 11.00000000000000000, 0.2240295885091265760 ) ) ;
#2504 = VECTOR ( 'NONE', #739, 1000.000000000000000 ) ;
#2505 = CARTESIAN_POINT ( 'NONE',  ( -8.498957433933163941, 10.50000000000000178, -9.573227896341467869 ) ) ;
#2506 = CARTESIAN_POINT ( 'NONE',  ( -3.816572186460115645, 10.99999999999999645, -7.536463987655458219 ) ) ;
#2507 = DIRECTION ( 'NONE',  ( 0.000000000000000000, 1.000000000000000000, 0.000000000000000000 ) ) ;
#2508 = CARTESIAN_POINT ( 'NONE',  ( 5.837741249346555250, 10.49999999999999822, -15.75570522457500644 ) ) ;
#2509 = CARTESIAN_POINT ( 'NONE',  ( -30.99084651295731874, 10.49999999999999822, -15.86136742568598024 ) ) ;
#2510 = CARTESIAN_POINT ( 'NONE',  ( -9.049800250649200350, 10.49999999999999645, 2.743347617036439257 ) ) ;
#2511 = ORIENTED_EDGE ( 'NONE', *, *, #3571, .F. ) ;
#2512 = EDGE_LOOP ( 'NONE', ( #4722, #2297, #2929, #1288 ) ) ;
#2513 = CARTESIAN_POINT ( 'NONE',  ( 27.36308831935975405, 11.00000000000000000, 2.499999999999995115 ) ) ;
#2514 = CARTESIAN_POINT ( 'NONE',  ( 0.6587465454557156486, 10.50000000000000000, -1.639276634863753079 ) ) ;
#2515 = CARTESIAN_POINT ( 'NONE',  ( -15.28527313703138546, 11.00000000000000178, -2.034560898765712444 ) ) ;
#2516 = ORIENTED_EDGE ( 'NONE', *, *, #3004, .F. ) ;
#2517 = CARTESIAN_POINT ( 'NONE',  ( -11.61969942010624735, 10.49999999999999645, -12.96890742630764670 ) ) ;
#2518 = EDGE_CURVE ( 'NONE', #4262, #1657, #4216, .T. ) ;
#2519 = ORIENTED_EDGE ( 'NONE', *, *, #2859, .T. ) ;
#2520 = DIRECTION ( 'NONE',  ( 0.9851965514038093508, 0.000000000000000000, -0.1714285714285721240 ) ) ;
#2521 = FACE_OUTER_BOUND ( 'NONE', #5048, .T. ) ;
#2522 = CARTESIAN_POINT ( 'NONE',  ( 4.427099386075644460, 10.49999999999999822, -8.669307838998195237 ) ) ;
#2523 = EDGE_CURVE ( 'NONE', #1902, #4553, #667, .T. ) ;
#2524 = CARTESIAN_POINT ( 'NONE',  ( 2.831593280022274062, 10.49999999999999822, -7.823561220026821417 ) ) ;
#2525 = CARTESIAN_POINT ( 'NONE',  ( 4.571302967123890504, 10.99999999999999822, -11.31419322818666906 ) ) ;
#2526 = VERTEX_POINT ( 'NONE', #4386 ) ;
#2527 = CARTESIAN_POINT ( 'NONE',  ( 7.089790768573502433, 10.49999999999999822, -18.36885239456136176 ) ) ;
#2528 = CARTESIAN_POINT ( 'NONE',  ( -5.383462110330325956, 10.49999999999999822, -13.50899607171235495 ) ) ;
#2529 = CARTESIAN_POINT ( 'NONE',  ( 4.442291244127294370, 10.99999999999999822, -14.13933676921954152 ) ) ;
#2530 = VECTOR ( 'NONE', #4848, 1000.000000000000000 ) ;
#2531 = EDGE_CURVE ( 'NONE', #2818, #3833, #973, .T. ) ;
#2532 = CARTESIAN_POINT ( 'NONE',  ( -8.595702650641211306, 10.99999999999999822, -7.307264209827908807 ) ) ;
#2533 = DIRECTION ( 'NONE',  ( -1.000000000000000000, 0.000000000000000000, 0.000000000000000000 ) ) ;
#2534 = CARTESIAN_POINT ( 'NONE',  ( -2.300283664025576602, 10.49999999999999822, -4.975228648934434617 ) ) ;
#2535 = CARTESIAN_POINT ( 'NONE',  ( 11.62850111640473472, 10.49999999999999822, 1.330262326271919981 ) ) ;
#2536 = CARTESIAN_POINT ( 'NONE',  ( 6.704019350839005575, 10.49999999999999645, -16.05848412436290928 ) ) ;
#2537 = CARTESIAN_POINT ( 'NONE',  ( -5.291254241344020670, 10.99999999999999645, -8.800496264488799625 ) ) ;
#2538 = CIRCLE ( 'NONE', #4292, 3.300000000000004263 ) ;
#2539 = CARTESIAN_POINT ( 'NONE',  ( -2.434003340564345752, 10.49999999999999822, -5.378983794962195475 ) ) ;
#2540 = ORIENTED_EDGE ( 'NONE', *, *, #1265, .F. ) ;
#2541 = ORIENTED_EDGE ( 'NONE', *, *, #1460, .T. ) ;
#2542 = CARTESIAN_POINT ( 'NONE',  ( 10.36235863807876711, 10.99999999999999289, -5.901698698242014096 ) ) ;
#2543 =( GEOMETRIC_REPRESENTATION_CONTEXT ( 3 ) GLOBAL_UNCERTAINTY_ASSIGNED_CONTEXT ( ( #140 ) ) GLOBAL_UNIT_ASSIGNED_CONTEXT ( ( #729, #2426, #1982 ) ) REPRESENTATION_CONTEXT ( 'NONE', 'WORKASPACE' ) );
#2544 = CARTESIAN_POINT ( 'NONE',  ( 30.38139529344512013, 10.49999999999999822, -4.542716272865859217 ) ) ;
#2545 = CARTESIAN_POINT ( 'NONE',  ( -15.39492011130155191, 10.99999999999999822, -3.142136274207345092 ) ) ;
#2546 = ORIENTED_EDGE ( 'NONE', *, *, #2531, .T. ) ;
#2547 = CARTESIAN_POINT ( 'NONE',  ( -11.40382036982087577, 10.50000000000000178, -14.13933676921954685 ) ) ;
#2548 = VECTOR ( 'NONE', #2900, 1000.000000000000000 ) ;
#2549 = ORIENTED_EDGE ( 'NONE', *, *, #4415, .F. ) ;
#2550 = CARTESIAN_POINT ( 'NONE',  ( 41.74999999999999289, 5.999999999999999112, 27.49999999999999645 ) ) ;
#2551 = EDGE_LOOP ( 'NONE', ( #3075, #4268, #94, #2659 ) ) ;
#2552 = LINE ( 'NONE', #2156, #3122 ) ;
#2553 = CARTESIAN_POINT ( 'NONE',  ( 0.8815213355041311427, 10.49999999999999645, -5.390224619109949877 ) ) ;
#2554 = CARTESIAN_POINT ( 'NONE',  ( -8.487167172315642105, 10.49999999999999822, -18.37662323742378234 ) ) ;
#2555 = CARTESIAN_POINT ( 'NONE',  ( -8.498957433933163941, 10.99999999999999645, -9.573227896341467869 ) ) ;
#2556 = ORIENTED_EDGE ( 'NONE', *, *, #656, .T. ) ;
#2557 = CARTESIAN_POINT ( 'NONE',  ( 12.58086695869342186, 10.49999999999999822, -6.893554023753674542 ) ) ;
#2558 = EDGE_CURVE ( 'NONE', #858, #5423, #591, .T. ) ;
#2559 = CARTESIAN_POINT ( 'NONE',  ( 4.222734851371947151, 11.00000000000000000, -12.85485071321813422 ) ) ;
#2560 = CARTESIAN_POINT ( 'NONE',  ( 24.84783250762195195, 11.00000000000000000, -4.542716272865859217 ) ) ;
#2561 = DIRECTION ( 'NONE',  ( 0.000000000000000000, 0.000000000000000000, 1.000000000000000000 ) ) ;
#2562 = CARTESIAN_POINT ( 'NONE',  ( -2.194000561604872335, 10.99999999999999822, -4.564449597647652013 ) ) ;
#2563 = EDGE_CURVE ( 'NONE', #1739, #1704, #521, .T. ) ;
#2564 = CARTESIAN_POINT ( 'NONE',  ( 3.242456309029966288, 10.49999999999999645, -1.823151137672664790 ) ) ;
#2565 = CARTESIAN_POINT ( 'NONE',  ( -4.857026502028594095, 10.49999999999999645, -9.058449755318722652 ) ) ;
#2566 = CARTESIAN_POINT ( 'NONE',  ( 11.26093189440418563, 10.49999999999999822, -3.277141498485124593 ) ) ;
#2567 = VERTEX_POINT ( 'NONE', #5398 ) ;
#2568 = EDGE_CURVE ( 'NONE', #1005, #1729, #4127, .T. ) ;
#2569 = ORIENTED_EDGE ( 'NONE', *, *, #5225, .F. ) ;
#2570 = CARTESIAN_POINT ( 'NONE',  ( 1.300651898192015876, 11.00000000000000355, -6.171314639284009473 ) ) ;
#2571 = CARTESIAN_POINT ( 'NONE',  ( 13.14447177070271167, 10.99999999999999822, -0.5074585372699627062 ) ) ;
#2572 = CARTESIAN_POINT ( 'NONE',  ( -5.344791782659229717, 11.00000000000000000, -12.52869625213068616 ) ) ;
#2573 = ORIENTED_EDGE ( 'NONE', *, *, #1031, .F. ) ;
#2574 = CARTESIAN_POINT ( 'NONE',  ( -23.86835172077785572, 10.49999999999999822, -3.701561574247818065 ) ) ;
#2575 = VERTEX_POINT ( 'NONE', #4932 ) ;
#2576 = B_SPLINE_CURVE_WITH_KNOTS ( 'NONE', 3,
 ( #4998, #1201, #2462, #4615, #3358, #820, #433, #2908, #406, #2127, #3410, #5082, #2989, #873, #4148, #2099, #2572, #5414, #4258 ),
 .UNSPECIFIED., .F., .F.,
 ( 4, 1, 1, 1, 1, 1, 1, 1, 1, 1, 1, 1, 1, 1, 1, 1, 4 ),
 ( 0.000000000000000000, 0.06302915618029729383, 0.1234804025299602454, 0.1838066203148567557, 0.2442978212269449334, 0.3040809109571067093, 0.3653016354693813250, 0.4284217670430552349, 0.4938398027159142112, 0.5593501064680181933, 0.6238616128364200542, 0.6862405444609483984, 0.7477958109420476118, 0.8094883027098110917, 0.8718817573871822102, 0.9346420084294422281, 1.000000000000000000 ),
 .UNSPECIFIED. ) ;
#2577 = ORIENTED_EDGE ( 'NONE', *, *, #4453, .T. ) ;
#2578 = CARTESIAN_POINT ( 'NONE',  ( -15.12174927317237305, 11.00000000000000178, -4.987244201571612301 ) ) ;
#2579 = CARTESIAN_POINT ( 'NONE',  ( 7.347154180015002645, 11.00000000000000000, -16.11289300685976400 ) ) ;
#2580 = CARTESIAN_POINT ( 'NONE',  ( -35.95000000000000995, 11.00000000000000000, 15.56538618988488665 ) ) ;
#2581 = CARTESIAN_POINT ( 'NONE',  ( 7.089790768573502433, 11.00000000000000000, -18.36885239456136176 ) ) ;
#2582 = CARTESIAN_POINT ( 'NONE',  ( -57.75000000000000000, -11.00000000000000000, 44.49999999999997868 ) ) ;
#2583 = ORIENTED_EDGE ( 'NONE', *, *, #187, .T. ) ;
#2584 = CARTESIAN_POINT ( 'NONE',  ( 18.20991521695765059, 10.49999999999999822, -4.542716272865859217 ) ) ;
#2585 = CARTESIAN_POINT ( 'NONE',  ( -6.230999535677457679, 11.00000000000000178, -15.16821815523729633 ) ) ;
#2586 = CARTESIAN_POINT ( 'NONE',  ( 7.661492200555881205, 10.49999999999999645, -9.583070464813991052 ) ) ;
#2587 = VECTOR ( 'NONE', #5094, 1000.000000000000000 ) ;
#2588 = DIRECTION ( 'NONE',  ( -7.642644906936161847E-15, 1.000000000000000000, 7.862111424108606437E-14 ) ) ;
#2589 = CARTESIAN_POINT ( 'NONE',  ( -10.74543953741837576, 10.49999999999999822, -6.887813572423907793 ) ) ;
#2590 = LINE ( 'NONE', #5185, #3166 ) ;
#2591 = LINE ( 'NONE', #478, #4047 ) ;
#2592 = EDGE_CURVE ( 'NONE', #4584, #2845, #1913, .T. ) ;
#2593 = CARTESIAN_POINT ( 'NONE',  ( 53.05000000000001137, -2.499999999999998668, -32.50000000000000711 ) ) ;
#2594 = CARTESIAN_POINT ( 'NONE',  ( 7.103488773252902178, 10.49999999999999822, -7.309497665777443309 ) ) ;
#2595 = EDGE_LOOP ( 'NONE', ( #3186, #627, #5060, #1927 ) ) ;
#2596 = ORIENTED_EDGE ( 'NONE', *, *, #1082, .T. ) ;
#2597 = CARTESIAN_POINT ( 'NONE',  ( 11.26146830014838152, 10.49999999999999822, -3.552527687885102647 ) ) ;
#2598 = DIRECTION ( 'NONE',  ( 1.652117596168387756E-16, 0.000000000000000000, 1.000000000000000000 ) ) ;
#2599 = CARTESIAN_POINT ( 'NONE',  ( 7.358944441632523592, 10.99999999999999822, -18.37662323742378234 ) ) ;
#2600 = CARTESIAN_POINT ( 'NONE',  ( -2.898157865170451153, 10.49999999999999645, -0.1583995202356029697 ) ) ;
#2601 = EDGE_CURVE ( 'NONE', #4023, #2704, #1182, .T. ) ;
#2602 = ORIENTED_EDGE ( 'NONE', *, *, #2601, .F. ) ;
#2603 = CARTESIAN_POINT ( 'NONE',  ( 5.787965126725159060, 10.99999999999999467, -18.21711235634275639 ) ) ;
#2604 = CARTESIAN_POINT ( 'NONE',  ( -12.88100466844512049, 11.00000000000000000, -3.418711331995527125 ) ) ;
#2605 = CARTESIAN_POINT ( 'NONE',  ( -14.54545971575614693, 10.49999999999999822, -6.171314639284005921 ) ) ;
#2606 = CARTESIAN_POINT ( 'NONE',  ( 1.874195097235701102, 11.00000000000000000, -15.19543275067177923 ) ) ;
#2607 = CARTESIAN_POINT ( 'NONE',  ( -24.77406879691169550, 10.99999999999999822, -8.206274917363977295 ) ) ;
#2608 = ORIENTED_EDGE ( 'NONE', *, *, #4024, .T. ) ;
#2609 = CARTESIAN_POINT ( 'NONE',  ( -8.742622840695263520, 10.49999999999999822, -7.309497665777443309 ) ) ;
#2610 = CARTESIAN_POINT ( 'NONE',  ( 3.254490128556628559, 10.99999999999999645, -4.963278338001709145 ) ) ;
#2611 = CARTESIAN_POINT ( 'NONE',  ( -5.739564857480652371, 10.99999999999999822, -0.5903761576878149286 ) ) ;
#2612 = CARTESIAN_POINT ( 'NONE',  ( 24.67490867056497450, 10.49999999999999822, -18.12509765625000568 ) ) ;
#2613 = CARTESIAN_POINT ( 'NONE',  ( -12.22444990740661197, 10.50000000000000000, -5.626989188983602119 ) ) ;
#2614 = VECTOR ( 'NONE', #3594, 1000.000000000000000 ) ;
#2615 = CARTESIAN_POINT ( 'NONE',  ( -18.16304187309451024, 10.49999999999999822, -18.12509765625000568 ) ) ;
#2616 = CARTESIAN_POINT ( 'NONE',  ( 9.135671995892495900, 11.00000000000000355, 0.07000388528563561419 ) ) ;
#2617 = CARTESIAN_POINT ( 'NONE',  ( -11.41901222787252301, 11.00000000000000000, -8.669307838998195237 ) ) ;
#2618 = CARTESIAN_POINT ( 'NONE',  ( 4.757101001520713801, 11.00000000000000355, -6.697761877761581495 ) ) ;
#2619 = ORIENTED_EDGE ( 'NONE', *, *, #5366, .T. ) ;
#2620 = VERTEX_POINT ( 'NONE', #2028 ) ;
#2621 = LINE ( 'NONE', #5246, #3035 ) ;
#2622 = EDGE_CURVE ( 'NONE', #2004, #151, #2835, .T. ) ;
#2623 = CARTESIAN_POINT ( 'NONE',  ( 10.50716989908330667, 10.50000000000000000, -12.96627918003650670 ) ) ;
#2624 = CARTESIAN_POINT ( 'NONE',  ( 12.52709289883696009, 11.00000000000000178, -15.82337798457984768 ) ) ;
#2625 = AXIS2_PLACEMENT_3D ( 'NONE', #1547, #5312, #4154 ) ;
#2626 = CARTESIAN_POINT ( 'NONE',  ( -26.17916297135483816, 11.00000000000000000, -4.675354058925229594 ) ) ;
#2627 = ORIENTED_EDGE ( 'NONE', *, *, #4446, .T. ) ;
#2628 = ORIENTED_EDGE ( 'NONE', *, *, #4392, .T. ) ;
#2629 = CIRCLE ( 'NONE', #45, 5.499999999999991118 ) ;
#2630 = LINE ( 'NONE', #5478, #2097 ) ;
#2631 = DIRECTION ( 'NONE',  ( -0.000000000000000000, -1.000000000000000000, -0.000000000000000000 ) ) ;
#2632 = EDGE_CURVE ( 'NONE', #2575, #679, #2389, .T. ) ;
#2633 = CARTESIAN_POINT ( 'NONE',  ( -14.39015815548780530, 10.50000000000000000, -13.14567716645032114 ) ) ;
#2634 = VECTOR ( 'NONE', #12, 1000.000000000000000 ) ;
#2635 = DIRECTION ( 'NONE',  ( -0.000000000000000000, -0.000000000000000000, -1.000000000000000000 ) ) ;
#2636 = CARTESIAN_POINT ( 'NONE',  ( -8.392729847920504582, 10.99999999999999467, -9.576554100047912854 ) ) ;
#2637 = ORIENTED_EDGE ( 'NONE', *, *, #1300, .T. ) ;
#2638 = CARTESIAN_POINT ( 'NONE',  ( -8.738692753489422316, 10.49999999999999822, 2.751525581173775770 ) ) ;
#2639 = ADVANCED_FACE ( 'NONE', ( #778 ), #1554, .F. ) ;
#2640 = CARTESIAN_POINT ( 'NONE',  ( 41.74999999999999289, 5.999999999999999112, 27.49999999999999645 ) ) ;
#2641 = CARTESIAN_POINT ( 'NONE',  ( 4.233661371824396724, 10.49999999999999822, -13.19374844126195967 ) ) ;
#2642 = CARTESIAN_POINT ( 'NONE',  ( 8.264462767905312646, 10.99999999999999822, -9.706889741360321011 ) ) ;
#2643 = DIRECTION ( 'NONE',  ( 1.000000000000000000, -2.847264175159100939E-14, 0.000000000000000000 ) ) ;
#2644 = CARTESIAN_POINT ( 'NONE',  ( -12.87708928604057057, 10.49999999999999822, -3.556463577811508348 ) ) ;
#2645 = CARTESIAN_POINT ( 'NONE',  ( -8.742622840695263520, 10.49999999999999822, -7.309497665777443309 ) ) ;
#2646 = LINE ( 'NONE', #3511, #2987 ) ;
#2647 = PLANE ( 'NONE',  #2719 ) ;
#2648 = CARTESIAN_POINT ( 'NONE',  ( 7.103488773252902178, 11.00000000000000000, -7.309497665777443309 ) ) ;
#2649 = ORIENTED_EDGE ( 'NONE', *, *, #2345, .T. ) ;
#2650 = ORIENTED_EDGE ( 'NONE', *, *, #1370, .T. ) ;
#2651 = VERTEX_POINT ( 'NONE', #2919 ) ;
#2652 = CARTESIAN_POINT ( 'NONE',  ( -5.681376446394605928, 10.99999999999999822, -14.40015122741312403 ) ) ;
#2653 = CARTESIAN_POINT ( 'NONE',  ( 9.384100635275075319, 10.49999999999999822, -15.38867703849071944 ) ) ;
#2654 = FACE_OUTER_BOUND ( 'NONE', #3354, .T. ) ;
#2655 = CARTESIAN_POINT ( 'NONE',  ( -25.26863954125381184, 11.00000000000000355, 2.499999999999995115 ) ) ;
#2656 = B_SPLINE_SURFACE_WITH_KNOTS ( 'NONE', 3, 1, ( 
 ( #1108, #3643 ),
 ( #3233, #1476 ),
 ( #4546, #4031 ),
 ( #1586, #258 ),
 ( #3620, #286 ),
 ( #2003, #5350 ),
 ( #3262, #1500 ),
 ( #4521, #4496 ),
 ( #4086, #3288 ),
 ( #4961, #4907 ),
 ( #3206, #5323 ),
 ( #1560, #4852 ),
 ( #724, #4936 ),
 ( #1161, #1054 ),
 ( #2864, #231 ),
 ( #2449, #2421 ),
 ( #1135, #1978 ),
 ( #1953, #753 ),
 ( #2339, #4113 ) ),
 .UNSPECIFIED., .F., .F., .F.,
 ( 4, 1, 1, 1, 1, 1, 1, 1, 1, 1, 1, 1, 1, 1, 1, 1, 4 ),
 ( 2, 2 ),
 ( 0.000000000000000000, 0.06557823264418237430, 0.1292223545505367666, 0.1924061844659310516, 0.2543065654343108495, 0.3157484370094335580, 0.3779428366412649343, 0.4411266665566591638, 0.5058320707432917285, 0.5703492406280075144, 0.6330694006431418774, 0.6940742407495209543, 0.7540587854441082039, 0.8140230513873744078, 0.8745525543506157407, 0.9359795783187129237, 1.000000000000000000 ),
 ( 0.000000000000000000, 1.000000000000000000 ),
 .UNSPECIFIED. ) ;
#2657 = ORIENTED_EDGE ( 'NONE', *, *, #4843, .T. ) ;
#2658 = ADVANCED_FACE ( 'NONE', ( #3257 ), #4516, .F. ) ;
#2659 = ORIENTED_EDGE ( 'NONE', *, *, #11, .T. ) ;
#2660 = CARTESIAN_POINT ( 'NONE',  ( -28.03542093416539771, 10.49999999999999822, 2.499999999999995115 ) ) ;
#2661 = LINE ( 'NONE', #551, #2950 ) ;
#2662 = LINE ( 'NONE', #1040, #3172 ) ;
#2663 = CARTESIAN_POINT ( 'NONE',  ( 8.305120741095343817, 10.50000000000000000, -15.98456117665961251 ) ) ;
#2664 = EDGE_CURVE ( 'NONE', #1506, #151, #748, .T. ) ;
#2665 = CARTESIAN_POINT ( 'NONE',  ( -6.507434654645112282, 10.99999999999999467, -10.31399212742557836 ) ) ;
#2666 = EDGE_LOOP ( 'NONE', ( #1901, #3593, #68, #1824 ) ) ;
#2667 = LINE ( 'NONE', #884, #4965 ) ;
#2668 = DIRECTION ( 'NONE',  ( -1.000000000000000000, 0.000000000000000000, 0.000000000000000000 ) ) ;
#2669 = CARTESIAN_POINT ( 'NONE',  ( 22.77100873819964022, 10.49999999999999645, -14.69748990411817857 ) ) ;
#2670 = CARTESIAN_POINT ( 'NONE',  ( 10.15003278123236363, 10.50000000000000000, -11.32202104123099140 ) ) ;
#2671 = CARTESIAN_POINT ( 'NONE',  ( -22.59494456507700733, 11.00000000000000000, -7.268319548273414199 ) ) ;
#2672 = CARTESIAN_POINT ( 'NONE',  ( -8.742622840695263520, 11.00000000000000000, -7.309497665777443309 ) ) ;
#2673 = CARTESIAN_POINT ( 'NONE',  ( -2.533144959136018670, 10.99999999999999112, -0.8709275102663519563 ) ) ;
#2674 = DIRECTION ( 'NONE',  ( 0.000000000000000000, 1.000000000000000000, 0.000000000000000000 ) ) ;
#2675 = CARTESIAN_POINT ( 'NONE',  ( 10.37433128004925820, 10.99999999999999822, -0.8748798890397000427 ) ) ;
#2676 = DIRECTION ( 'NONE',  ( -0.000000000000000000, -1.000000000000000000, -0.000000000000000000 ) ) ;
#2677 = DIRECTION ( 'NONE',  ( -0.000000000000000000, -1.000000000000000000, -0.000000000000000000 ) ) ;
#2678 = ORIENTED_EDGE ( 'NONE', *, *, #684, .F. ) ;
#2679 = ORIENTED_EDGE ( 'NONE', *, *, #4850, .F. ) ;
#2680 = CARTESIAN_POINT ( 'NONE',  ( 3.242456309029966288, 10.49999999999999645, -1.823151137672664790 ) ) ;
#2681 = VECTOR ( 'NONE', #3697, 1000.000000000000000 ) ;
#2682 = CARTESIAN_POINT ( 'NONE',  ( -57.75000000000000000, 11.00000000000000000, 47.49999999999999289 ) ) ;
#2683 = DIRECTION ( 'NONE',  ( 1.000000000000000000, 0.000000000000000000, 0.000000000000000000 ) ) ;
#2684 = CARTESIAN_POINT ( 'NONE',  ( -6.068663416441282266, 10.50000000000000000, 2.337455891084453619 ) ) ;
#2685 = STYLED_ITEM ( 'NONE', ( #1598 ), #4020 ) ;
#2686 = EDGE_LOOP ( 'NONE', ( #2904, #4039, #4067, #2155 ) ) ;
#2687 = VERTEX_POINT ( 'NONE', #719 ) ;
#2688 = FACE_OUTER_BOUND ( 'NONE', #4144, .T. ) ;
#2689 = CARTESIAN_POINT ( 'NONE',  ( -11.63827381136359485, 10.49999999999999645, -8.799541172976843129 ) ) ;
#2690 = LINE ( 'NONE', #4780, #505 ) ;
#2691 = FACE_OUTER_BOUND ( 'NONE', #2470, .T. ) ;
#2692 = CARTESIAN_POINT ( 'NONE',  ( -22.36172842238072889, 10.49999999999999822, -13.22977083822463129 ) ) ;
#2693 = ADVANCED_FACE ( 'NONE', ( #4055 ), #5012, .F. ) ;
#2694 = CARTESIAN_POINT ( 'NONE',  ( 23.28985009938629958, 10.50000000000000355, -15.57200218241630196 ) ) ;
#2695 = CARTESIAN_POINT ( 'NONE',  ( -3.768467818797084146, 10.49999999999999822, -10.04166672309890451 ) ) ;
#2696 = CARTESIAN_POINT ( 'NONE',  ( -7.876811856382237131, 10.50000000000000000, -9.625573844668560142 ) ) ;
#2697 = LINE ( 'NONE', #589, #2883 ) ;
#2698 = CARTESIAN_POINT ( 'NONE',  ( -2.179026292923159858, 10.50000000000000000, -2.029039817531657075 ) ) ;
#2699 = EDGE_CURVE ( 'NONE', #3523, #2620, #4738, .T. ) ;
#2700 = FACE_OUTER_BOUND ( 'NONE', #2787, .T. ) ;
#2701 = CARTESIAN_POINT ( 'NONE',  ( -54.75000000000000000, -11.00000000000000000, 35.74905993154862927 ) ) ;
#2702 = CARTESIAN_POINT ( 'NONE',  ( 24.15587049709280620, 10.49999999999999645, -13.10526871995290854 ) ) ;
#2703 = CARTESIAN_POINT ( 'NONE',  ( 6.247438013225379727, 10.99999999999999645, -7.249785751429270952 ) ) ;
#2704 = VERTEX_POINT ( 'NONE', #5069 ) ;
#2705 = ORIENTED_EDGE ( 'NONE', *, *, #3544, .T. ) ;
#2706 = DIRECTION ( 'NONE',  ( 0.000000000000000000, 0.000000000000000000, 1.000000000000000000 ) ) ;
#2707 = LINE ( 'NONE', #3902, #2083 ) ;
#2708 = CARTESIAN_POINT ( 'NONE',  ( -12.01914733564826143, 10.49999999999999467, -0.8514463652335972910 ) ) ;
#2709 = CARTESIAN_POINT ( 'NONE',  ( -27.49184782784661962, 10.49999999999999645, -0.3914908154697539500 ) ) ;
#2710 = ORIENTED_EDGE ( 'NONE', *, *, #4922, .T. ) ;
#2711 = VERTEX_POINT ( 'NONE', #420 ) ;
#2712 = CARTESIAN_POINT ( 'NONE',  ( -22.56562341227404644, 10.49999999999999822, -7.331908313320274040 ) ) ;
#2713 = B_SPLINE_CURVE_WITH_KNOTS ( 'NONE', 3,
 ( #2983, #400, #5047, #2956, #3734, #4637, #5408, #1616, #2902, #2927, #4167, #3763, #2539, #372, #841, #3842, #5438, #4227, #4662 ),
 .UNSPECIFIED., .F., .F.,
 ( 4, 1, 1, 1, 1, 1, 1, 1, 1, 1, 1, 1, 1, 1, 1, 1, 4 ),
 ( 0.000000000000000000, 0.06082912667494302233, 0.1209324760378382158, 0.1812012876559171148, 0.2419971076337059934, 0.3028512023684455379, 0.3645263093678414723, 0.4277714761524340492, 0.4925564755824798358, 0.5574247931074711726, 0.6213468807101306668, 0.6843647913995043464, 0.7468339144776861005, 0.8098250352535552032, 0.8723940506769735093, 0.9360462338189018405, 1.000000000000000000 ),
 .UNSPECIFIED. ) ;
#2714 = LINE ( 'NONE', #78, #2723 ) ;
#2715 = CARTESIAN_POINT ( 'NONE',  ( 10.37433128004925820, 10.49999999999999645, -0.8748798890397000427 ) ) ;
#2716 = PRESENTATION_LAYER_ASSIGNMENT (  '', '', ( #1467 ) ) ;
#2717 = AXIS2_PLACEMENT_3D ( 'NONE', #5294, #1495, #4873 ) ;
#2718 = CARTESIAN_POINT ( 'NONE',  ( 10.45741372644078204, 10.49999999999999645, -12.20986087329393932 ) ) ;
#2719 = AXIS2_PLACEMENT_3D ( 'NONE', #2593, #2287, #4740 ) ;
#2720 = CARTESIAN_POINT ( 'NONE',  ( 49.75000000000000000, -2.499999999999998668, -32.50000000000000711 ) ) ;
#2721 = CARTESIAN_POINT ( 'NONE',  ( 57.75000000000000000, 11.00000000000000000, -42.50000000000000711 ) ) ;
#2722 = CARTESIAN_POINT ( 'NONE',  ( 49.75000000000000711, -11.00000000000000000, 17.49999999999999645 ) ) ;
#2723 = VECTOR ( 'NONE', #3575, 1000.000000000000000 ) ;
#2724 = EDGE_CURVE ( 'NONE', #4832, #1072, #4248, .T. ) ;
#2725 = CARTESIAN_POINT ( 'NONE',  ( -57.75000000000000000, 11.00000000000000000, -47.50000000000000711 ) ) ;
#2726 = CARTESIAN_POINT ( 'NONE',  ( 10.33402045645364531, 10.49999999999999822, -8.669307838998195237 ) ) ;
#2727 = CARTESIAN_POINT ( 'NONE',  ( -3.356686376411701200, 10.50000000000000000, 0.4949243241641008151 ) ) ;
#2728 = CARTESIAN_POINT ( 'NONE',  ( 0.5028346713620372999, 11.00000000000000000, -2.442923343712541495 ) ) ;
#2729 = CARTESIAN_POINT ( 'NONE',  ( -9.707433259244531598, 10.49999999999999822, -9.812354233471436871 ) ) ;
#2730 = CARTESIAN_POINT ( 'NONE',  ( -8.825188008096686687, 10.49999999999999645, -16.10364621115622441 ) ) ;
#2731 = EDGE_CURVE ( 'NONE', #5023, #4796, #1268, .T. ) ;
#2732 = CARTESIAN_POINT ( 'NONE',  ( 13.27765577362804805, 11.00000000000000000, -13.14567716645032114 ) ) ;
#2733 = EDGE_LOOP ( 'NONE', ( #951, #5278, #1233, #4842 ) ) ;
#2734 = CARTESIAN_POINT ( 'NONE',  ( 12.31267859157931532, 11.00000000000000000, -7.227222992459361173 ) ) ;
#2735 = CARTESIAN_POINT ( 'NONE',  ( -11.11534330116661629, 11.00000000000000355, -11.04310857290538195 ) ) ;
#2736 = CARTESIAN_POINT ( 'NONE',  ( -2.568455840320120309, 10.50000000000000000, -13.14567716645032114 ) ) ;
#2737 = ORIENTED_EDGE ( 'NONE', *, *, #5469, .T. ) ;
#2738 = ORIENTED_EDGE ( 'NONE', *, *, #656, .F. ) ;
#2739 = CARTESIAN_POINT ( 'NONE',  ( -2.577287688308041336, 10.99999999999999822, -13.38480902530699268 ) ) ;
#2740 = CARTESIAN_POINT ( 'NONE',  ( -8.738692753489422316, 10.49999999999999822, 2.751525581173775770 ) ) ;
#2741 = CARTESIAN_POINT ( 'NONE',  ( -4.812131825366539495, 10.50000000000000000, -17.34253210853336924 ) ) ;
#2742 = PRODUCT ( 'E42703FZJ231900 L21-7884-分选-夹爪右', 'E42703FZJ231900 L21-7884-分选-夹爪右', '', ( #245 ) ) ;
#2743 = CARTESIAN_POINT ( 'NONE',  ( -8.424983873399046530, 11.00000000000000000, 2.743303851952143102 ) ) ;
#2744 = CARTESIAN_POINT ( 'NONE',  ( -23.02224924801662098, 10.99999999999999822, -11.94063450261697490 ) ) ;
#2745 = CARTESIAN_POINT ( 'NONE',  ( 15.28986042301829151, 11.00000000000000000, -4.424813656690648855 ) ) ;
#2746 = DIRECTION ( 'NONE',  ( 0.000000000000000000, 0.000000000000000000, -1.000000000000000000 ) ) ;
#2747 = ORIENTED_EDGE ( 'NONE', *, *, #4589, .T. ) ;
#2748 = CARTESIAN_POINT ( 'NONE',  ( -5.859895183954677123, 10.49999999999999822, -11.04923762646875218 ) ) ;
#2749 = CARTESIAN_POINT ( 'NONE',  ( 10.45954374005816589, 10.50000000000000178, -8.613833298032165686 ) ) ;
#2750 = CARTESIAN_POINT ( 'NONE',  ( -2.898157865170451153, 10.49999999999999645, -0.1583995202356029697 ) ) ;
#2751 = FACE_OUTER_BOUND ( 'NONE', #55, .T. ) ;
#2752 = PRODUCT_RELATED_PRODUCT_CATEGORY ( 'part', '', ( #2742 ) ) ;
#2753 = B_SPLINE_CURVE_WITH_KNOTS ( 'NONE', 3,
 ( #2604, #3770, #50, #4263, #2938, #4236, #4724, #493, #824, #3444, #933, #854, #3883, #5450, #77, #411, #1743, #3854, #3361 ),
 .UNSPECIFIED., .F., .F.,
 ( 4, 1, 1, 1, 1, 1, 1, 1, 1, 1, 1, 1, 1, 1, 1, 1, 4 ),
 ( 0.000000000000000000, 0.06738113814185216210, 0.1316191086167763646, 0.1937004165519009002, 0.2539063513561236052, 0.3130795607646421619, 0.3715552226999621066, 0.4304523132901792448, 0.4902115663337905382, 0.5505666952165706451, 0.6105012691613164177, 0.6707445371242347631, 0.7322436493756239173, 0.7949824289929092735, 0.8605312189298762737, 0.9283364645205585131, 1.000000000000000000 ),
 .UNSPECIFIED. ) ;
#2754 = CARTESIAN_POINT ( 'NONE',  ( 8.035052890559452266, 10.49999999999999822, 2.727214009853057952 ) ) ;
#2755 = CARTESIAN_POINT ( 'NONE',  ( 15.28986042301829151, 10.49999999999999822, -2.278986042301834214 ) ) ;
#2756 = FACE_OUTER_BOUND ( 'NONE', #2733, .T. ) ;
#2757 = ORIENTED_EDGE ( 'NONE', *, *, #424, .F. ) ;
#2758 = CARTESIAN_POINT ( 'NONE',  ( -14.39015815548780530, 10.50000000000000000, -13.14567716645032114 ) ) ;
#2759 = CARTESIAN_POINT ( 'NONE',  ( -5.739564857480652371, 10.49999999999999822, -0.5903761576878149286 ) ) ;
#2760 = EDGE_CURVE ( 'NONE', #3336, #803, #5122, .T. ) ;
#2761 = CARTESIAN_POINT ( 'NONE',  ( 0.000000000000000000, 5.999999999999999112, 0.000000000000000000 ) ) ;
#2762 = VECTOR ( 'NONE', #5207, 1000.000000000000000 ) ;
#2763 = VERTEX_POINT ( 'NONE', #472 ) ;
#2764 = ORIENTED_EDGE ( 'NONE', *, *, #2286, .T. ) ;
#2765 = DIRECTION ( 'NONE',  ( -0.000000000000000000, -1.000000000000000000, -0.000000000000000000 ) ) ;
#2766 = CARTESIAN_POINT ( 'NONE',  ( 3.192967772463436216, 10.99999999999999822, -9.514506369697693700 ) ) ;
#2767 = FACE_OUTER_BOUND ( 'NONE', #2206, .T. ) ;
#2768 = EDGE_CURVE ( 'NONE', #5056, #465, #3862, .T. ) ;
#2769 =( GEOMETRIC_REPRESENTATION_CONTEXT ( 3 ) GLOBAL_UNCERTAINTY_ASSIGNED_CONTEXT ( ( #3972 ) ) GLOBAL_UNIT_ASSIGNED_CONTEXT ( ( #3328, #4507, #2045 ) ) REPRESENTATION_CONTEXT ( 'NONE', 'WORKASPACE' ) );
#2770 = FACE_OUTER_BOUND ( 'NONE', #100, .T. ) ;
#2771 = CARTESIAN_POINT ( 'NONE',  ( -30.99084651295731874, 11.00000000000000000, -18.12509765625000568 ) ) ;
#2772 = CARTESIAN_POINT ( 'NONE',  ( -10.79826498245683020, 10.49999999999999822, 0.07818082849657750910 ) ) ;
#2773 = CARTESIAN_POINT ( 'NONE',  ( 24.53215016015267125, 11.00000000000000178, -17.84665912460605597 ) ) ;
#2774 = CARTESIAN_POINT ( 'NONE',  ( -5.291254241344020670, 10.49999999999999645, -8.800496264488799625 ) ) ;
#2775 = CARTESIAN_POINT ( 'NONE',  ( -7.581648846042853052, 10.49999999999999645, -9.706889741360321011 ) ) ;
#2776 = CARTESIAN_POINT ( 'NONE',  ( 0.5028346713620372999, 11.00000000000000000, -2.442923343712541495 ) ) ;
#2777 = CARTESIAN_POINT ( 'NONE',  ( -7.811058723388714320, 10.49999999999999822, 2.727214009853057952 ) ) ;
#2778 = CARTESIAN_POINT ( 'NONE',  ( 0.4538418532078651868, 10.49999999999999645, -2.859472923377528453 ) ) ;
#2779 = CARTESIAN_POINT ( 'NONE',  ( 12.72665353876420724, 10.49999999999999822, 0.1749221086699805083 ) ) ;
#2780 = FACE_OUTER_BOUND ( 'NONE', #4743, .T. ) ;
#2781 = CARTESIAN_POINT ( 'NONE',  ( -5.137018976569611262, 11.00000000000000000, -8.503546105649242293 ) ) ;
#2782 = CARTESIAN_POINT ( 'NONE',  ( 0.4498511337652404407, 10.49999999999999822, -3.285088366996955500 ) ) ;
#2783 = CARTESIAN_POINT ( 'NONE',  ( 12.31267859157931532, 10.50000000000000000, -7.227222992459361173 ) ) ;
#2784 = CARTESIAN_POINT ( 'NONE',  ( 9.384100635275075319, 11.00000000000000000, -15.38867703849071944 ) ) ;
#2785 = DIRECTION ( 'NONE',  ( 0.000000000000000000, 1.000000000000000000, -0.000000000000000000 ) ) ;
#2786 = EDGE_CURVE ( 'NONE', #830, #1240, #3781, .T. ) ;
#2787 = EDGE_LOOP ( 'NONE', ( #5245, #1501, #2161, #3487 ) ) ;
#2788 = VERTEX_POINT ( 'NONE', #1752 ) ;
#2789 = CARTESIAN_POINT ( 'NONE',  ( 18.55477529353937882, 11.00000000000000000, -4.977682476448379134 ) ) ;
#2790 = AXIS2_PLACEMENT_3D ( 'NONE', #2615, #36, #1724 ) ;
#2791 = CARTESIAN_POINT ( 'NONE',  ( -14.21278000708098332, 10.50000000000000355, -14.54032018391653125 ) ) ;
#2792 = CARTESIAN_POINT ( 'NONE',  ( -15.39394351546038742, 11.00000000000000000, -3.430701759903103110 ) ) ;
#2793 = CARTESIAN_POINT ( 'NONE',  ( 7.546305190980245214, 10.49999999999999645, 0.4799310649372338089 ) ) ;
#2794 = EDGE_CURVE ( 'NONE', #2064, #705, #3001, .T. ) ;
#2795 = CARTESIAN_POINT ( 'NONE',  ( 9.574575362959437896, 10.50000000000000000, -10.54132049971321905 ) ) ;
#2796 = DIRECTION ( 'NONE',  ( 0.9663734014450150456, -0.000000000000000000, 0.2571428571428568954 ) ) ;
#2797 = CARTESIAN_POINT ( 'NONE',  ( 11.61135536817725011, 10.99999999999999822, -16.90221961948399354 ) ) ;
#2798 = AXIS2_PLACEMENT_3D ( 'NONE', #3196, #1833, #3532 ) ;
#2799 = CARTESIAN_POINT ( 'NONE',  ( 0.4498511337652404407, 11.00000000000000000, -3.285088366996955500 ) ) ;
#2800 = ORIENTED_EDGE ( 'NONE', *, *, #1814, .T. ) ;
#2801 = DIRECTION ( 'NONE',  ( 0.000000000000000000, 0.000000000000000000, 1.000000000000000000 ) ) ;
#2802 = EDGE_LOOP ( 'NONE', ( #3240, #3818, #1335, #883 ) ) ;
#2803 = CARTESIAN_POINT ( 'NONE',  ( -25.26863954125381184, 11.00000000000000000, 2.499999999999995115 ) ) ;
#2804 = CARTESIAN_POINT ( 'NONE',  ( 5.047846631491338165, 10.50000000000000000, 0.07818082849657725930 ) ) ;
#2805 = CARTESIAN_POINT ( 'NONE',  ( 6.956614907626955890, 11.00000000000000000, -7.306870669616457370 ) ) ;
#2806 = DIRECTION ( 'NONE',  ( -0.000000000000000000, 0.000000000000000000, 1.000000000000000000 ) ) ;
#2807 = CARTESIAN_POINT ( 'NONE',  ( 11.93635058619858036, 11.00000000000000000, 1.069213375940775146 ) ) ;
#2808 = VECTOR ( 'NONE', #5406, 1000.000000000000114 ) ;
#2809 = CARTESIAN_POINT ( 'NONE',  ( 13.25261041037390264, 11.00000000000000000, -12.48286635963155966 ) ) ;
#2810 = FACE_OUTER_BOUND ( 'NONE', #1060, .T. ) ;
#2811 = CARTESIAN_POINT ( 'NONE',  ( -13.97191651671246504, 11.00000000000000000, -15.19543275067177568 ) ) ;
#2812 = CARTESIAN_POINT ( 'NONE',  ( 13.04864765708221519, 11.00000000000000000, -6.158099620611373837 ) ) ;
#2813 = CARTESIAN_POINT ( 'NONE',  ( -11.62337676257621943, 11.00000000000000355, -12.85485071321813422 ) ) ;
#2814 = CARTESIAN_POINT ( 'NONE',  ( -13.01451833392589208, 10.99999999999999822, -7.823561220026823193 ) ) ;
#2815 = ORIENTED_EDGE ( 'NONE', *, *, #1260, .T. ) ;
#2816 = ORIENTED_EDGE ( 'NONE', *, *, #798, .F. ) ;
#2817 = EDGE_LOOP ( 'NONE', ( #3899, #2440, #4228, #788 ) ) ;
#2818 = VERTEX_POINT ( 'NONE', #1090 ) ;
#2819 = CARTESIAN_POINT ( 'NONE',  ( 20.18830411945372205, 10.49999999999999822, -7.093933189739169087 ) ) ;
#2820 = CARTESIAN_POINT ( 'NONE',  ( -14.36513840702688505, 11.00000000000000178, -13.85352298539071114 ) ) ;
#2821 = CARTESIAN_POINT ( 'NONE',  ( -15.12174927317237305, 10.50000000000000000, -4.987244201571612301 ) ) ;
#2822 = B_SPLINE_SURFACE_WITH_KNOTS ( 'NONE', 3, 1, ( 
 ( #1426, #2599 ),
 ( #72, #4339 ),
 ( #4774, #2293 ),
 ( #1792, #486 ),
 ( #1765, #2178 ),
 ( #926, #97 ),
 ( #3464, #1367 ),
 ( #4369, #1400 ),
 ( #1847, #1340 ),
 ( #1820, #2624 ),
 ( #3546, #5222 ),
 ( #4314, #518 ),
 ( #3519, #2209 ),
 ( #3903, #3071 ),
 ( #3985, #547 ) ),
 .UNSPECIFIED., .F., .F., .F.,
 ( 4, 1, 1, 1, 1, 1, 1, 1, 1, 1, 1, 1, 4 ),
 ( 2, 2 ),
 ( 0.000000000000000000, 0.09194495275363001596, 0.1813385907875331715, 0.2680898998799915445, 0.3547633187985866909, 0.4396220231915048404, 0.5210107517801335630, 0.6010631916076488723, 0.6811168721639224710, 0.7606889457257565157, 0.8395123044146364233, 0.9187065157815366145, 1.000000000000000000 ),
 ( 0.000000000000000000, 1.000000000000000000 ),
 .UNSPECIFIED. ) ;
#2823 = EDGE_CURVE ( 'NONE', #2486, #2400, #4838, .T. ) ;
#2824 = B_SPLINE_CURVE_WITH_KNOTS ( 'NONE', 3,
 ( #538, #1837, #3091, #5238, #5155, #3865, #4300, #3947, #2254, #4383, #62, #4764, #3144, #115, #1441, #4815, #1756, #4790, #5182 ),
 .UNSPECIFIED., .F., .F.,
 ( 4, 1, 1, 1, 1, 1, 1, 1, 1, 1, 1, 1, 1, 1, 1, 1, 4 ),
 ( 0.000000000000000000, 0.06545137439270624913, 0.1283012966323242576, 0.1898461666692817795, 0.2501582250180908740, 0.3096868125099235258, 0.3701593555817414005, 0.4311853091140626648, 0.4933958659505227051, 0.5562891445974091909, 0.6182655696068303230, 0.6792766321014257480, 0.7402876945960212840, 0.8025566468366115425, 0.8663773370865411882, 0.9322162741114029538, 1.000000000000000000 ),
 .UNSPECIFIED. ) ;
#2825 = CARTESIAN_POINT ( 'NONE',  ( -27.89880246727635438, 10.50000000000000000, 1.559010034553655277 ) ) ;
#2826 = CARTESIAN_POINT ( 'NONE',  ( -2.898157865170451153, 10.99999999999999822, -0.1583995202356029697 ) ) ;
#2827 = CARTESIAN_POINT ( 'NONE',  ( -12.88100466844512049, 10.49999999999999822, -3.418711331995527125 ) ) ;
#2828 = CARTESIAN_POINT ( 'NONE',  ( 1.455953458460362393, 11.00000000000000000, -13.14567716645031936 ) ) ;
#2829 = EDGE_CURVE ( 'NONE', #3253, #5384, #2874, .T. ) ;
#2830 = CARTESIAN_POINT ( 'NONE',  ( 9.135673036873297903, 10.99999999999999289, -15.58081100374876193 ) ) ;
#2831 = EDGE_LOOP ( 'NONE', ( #2602, #2296, #958, #5113 ) ) ;
#2832 = CARTESIAN_POINT ( 'NONE',  ( 4.447222289108902160, 11.00000000000000355, -11.60062177242599724 ) ) ;
#2833 = CARTESIAN_POINT ( 'NONE',  ( 1.751176274761967244, 11.00000000000000000, 0.4982052945547727485 ) ) ;
#2834 = CARTESIAN_POINT ( 'NONE',  ( -8.387477119643211410, 11.00000000000000000, -16.10963981524406208 ) ) ;
#2835 = LINE ( 'NONE', #4159, #3866 ) ;
#2836 = CARTESIAN_POINT ( 'NONE',  ( 2.305888472138807987, 10.49999999999999822, 1.082917969584869411 ) ) ;
#2837 = ADVANCED_FACE ( 'NONE', ( #4504 ), #2211, .T. ) ;
#2838 = CARTESIAN_POINT ( 'NONE',  ( -4.869825388708792779, 10.99999999999999467, -4.933993113885452253 ) ) ;
#2839 = CARTESIAN_POINT ( 'NONE',  ( 3.033424804712409273, 10.49999999999999822, -4.225145959875170831 ) ) ;
#2840 = CARTESIAN_POINT ( 'NONE',  ( -10.79920642676702336, 10.49999999999999645, -18.00852547112670976 ) ) ;
#2841 = CARTESIAN_POINT ( 'NONE',  ( -18.16304187309451024, 10.49999999999999822, -18.12509765625000568 ) ) ;
#2842 = CARTESIAN_POINT ( 'NONE',  ( 13.78070693597560670, 10.49999999999999822, -3.285088366996955500 ) ) ;
#2843 = CARTESIAN_POINT ( 'NONE',  ( 10.29333802665804676, 11.00000000000000000, -14.11587401557059351 ) ) ;
#2844 = CARTESIAN_POINT ( 'NONE',  ( -2.751567427113530417, 10.49999999999999645, -11.83437446225390488 ) ) ;
#2845 = VERTEX_POINT ( 'NONE', #295 ) ;
#2846 = ORIENTED_EDGE ( 'NONE', *, *, #2622, .T. ) ;
#2847 = CARTESIAN_POINT ( 'NONE',  ( 22.68403409951972094, 11.00000000000000000, -10.69824295672428782 ) ) ;
#2848 = CARTESIAN_POINT ( 'NONE',  ( 11.19731888249620333, 10.49999999999999645, -4.205637562895960357 ) ) ;
#2849 = CARTESIAN_POINT ( 'NONE',  ( -15.39394351546038742, 10.49999999999999822, -3.430701759903103110 ) ) ;
#2850 = VECTOR ( 'NONE', #1016, 1000.000000000000114 ) ;
#2851 = CARTESIAN_POINT ( 'NONE',  ( 11.26093189440418563, 11.00000000000000000, -3.277141498485124593 ) ) ;
#2852 = CARTESIAN_POINT ( 'NONE',  ( -11.14318827700282277, 11.00000000000000000, -0.1029454054777811378 ) ) ;
#2853 = CARTESIAN_POINT ( 'NONE',  ( 8.162443272341421974, 11.00000000000000000, -18.35142445075854312 ) ) ;
#2854 = CARTESIAN_POINT ( 'NONE',  ( 1.558913121451175776, 10.49999999999999822, -6.546877240267219733 ) ) ;
#2855 = EDGE_LOOP ( 'NONE', ( #5422, #1816, #4457, #1061 ) ) ;
#2856 = B_SPLINE_CURVE_WITH_KNOTS ( 'NONE', 3,
 ( #523, #436, #2214, #5086, #876, #2578, #3907, #4261, #464, #3852, #4092, #4856, #237, #2814, #1451, #1058, #4500, #263, #677 ),
 .UNSPECIFIED., .F., .F.,
 ( 4, 1, 1, 1, 1, 1, 1, 1, 1, 1, 1, 1, 1, 1, 1, 1, 4 ),
 ( 0.000000000000000000, 0.06127799588891230664, 0.1224540833441316451, 0.1827203919431279466, 0.2425914741440298728, 0.3035507525742406898, 0.3647467379280037725, 0.4275722839410225351, 0.4918442664612444615, 0.5566374231247609439, 0.6202549241043135986, 0.6830925805991635569, 0.7459035909517830465, 0.8081866149769406649, 0.8714875612882645450, 0.9351504973674352739, 1.000000000000000000 ),
 .UNSPECIFIED. ) ;
#2857 = CARTESIAN_POINT ( 'NONE',  ( -4.442857079916996632, 10.99999999999999822, -8.071723750062846037 ) ) ;
#2858 = CARTESIAN_POINT ( 'NONE',  ( 7.963194631671376200, 10.99999999999999645, -7.244750884826813397 ) ) ;
#2859 = EDGE_CURVE ( 'NONE', #2173, #3213, #2538, .T. ) ;
#2860 = CARTESIAN_POINT ( 'NONE',  ( -6.710438577074865130, 10.49999999999999645, -15.58081100374876193 ) ) ;
#2861 = DIRECTION ( 'NONE',  ( -0.000000000000000000, -0.000000000000000000, -1.000000000000000000 ) ) ;
#2862 = CARTESIAN_POINT ( 'NONE',  ( -7.477660727111952177, 10.99999999999999822, -7.158861086473408797 ) ) ;
#2863 = LINE ( 'NONE', #4161, #3771 ) ;
#2864 = CARTESIAN_POINT ( 'NONE',  ( -9.423072251087617701, 10.50000000000000178, -9.706173168869375090 ) ) ;
#2865 = EDGE_CURVE ( 'NONE', #1072, #3294, #4058, .T. ) ;
#2866 = DIRECTION ( 'NONE',  ( -0.000000000000000000, 1.000000000000000000, -0.000000000000000000 ) ) ;
#2867 = CARTESIAN_POINT ( 'NONE',  ( 3.242456309029966288, 10.99999999999999822, -1.823151137672664790 ) ) ;
#2868 = CARTESIAN_POINT ( 'NONE',  ( 7.347154180015002645, 11.00000000000000000, -16.11289300685976400 ) ) ;
#2869 = DIRECTION ( 'NONE',  ( 0.000000000000000000, 0.000000000000000000, -1.000000000000000000 ) ) ;
#2870 = EDGE_CURVE ( 'NONE', #3677, #4668, #2126, .T. ) ;
#2871 = ORIENTED_EDGE ( 'NONE', *, *, #1186, .T. ) ;
#2872 = ORIENTED_EDGE ( 'NONE', *, *, #5462, .F. ) ;
#2873 = CARTESIAN_POINT ( 'NONE',  ( -4.580660489710364658, 10.49999999999999822, -3.418711331995527125 ) ) ;
#2874 = LINE ( 'NONE', #4945, #409 ) ;
#2875 = CARTESIAN_POINT ( 'NONE',  ( 44.25000000000000000, 5.999999999999999112, 27.49999999999999645 ) ) ;
#2876 = CARTESIAN_POINT ( 'NONE',  ( -21.53661905575970081, 11.00000000000000533, -9.793431797675761885 ) ) ;
#2877 = CARTESIAN_POINT ( 'NONE',  ( -24.77406879691169550, 10.49999999999999645, -8.206274917363977295 ) ) ;
#2878 = SURFACE_SIDE_STYLE ('',( #4592 ) ) ;
#2879 = AXIS2_PLACEMENT_3D ( 'NONE', #67, #2677, #3431 ) ;
#2880 = CARTESIAN_POINT ( 'NONE',  ( -5.335237233231706178, 10.49999999999999822, -12.85485071321813422 ) ) ;
#2881 = FACE_OUTER_BOUND ( 'NONE', #1166, .T. ) ;
#2882 = CARTESIAN_POINT ( 'NONE',  ( 4.427099386075644460, 10.49999999999999822, -8.669307838998195237 ) ) ;
#2883 = VECTOR ( 'NONE', #2282, 1000.000000000000000 ) ;
#2884 = ORIENTED_EDGE ( 'NONE', *, *, #2901, .T. ) ;
#2885 = CARTESIAN_POINT ( 'NONE',  ( -2.300283664025576602, 11.00000000000000000, -4.975228648934434617 ) ) ;
#2886 = CARTESIAN_POINT ( 'NONE',  ( 1.455953458460362393, 10.49999999999999822, -13.14567716645031936 ) ) ;
#2887 = CARTESIAN_POINT ( 'NONE',  ( -30.99084651295731874, 11.00000000000000000, -18.12509765625000568 ) ) ;
#2888 = DIRECTION ( 'NONE',  ( 0.7071067811865459074, -0.000000000000000000, 0.7071067811865491270 ) ) ;
#2889 = VECTOR ( 'NONE', #969, 1000.000000000000000 ) ;
#2890 = DIRECTION ( 'NONE',  ( -1.000000000000000000, 0.000000000000000000, 0.000000000000000000 ) ) ;
#2891 = EDGE_CURVE ( 'NONE', #2651, #2261, #1945, .T. ) ;
#2892 = B_SPLINE_CURVE_WITH_KNOTS ( 'NONE', 3,
 ( #4866, #1574, #3276, #298, #3685, #1991, #5365, #5269, #700, #310, #2840, #2394, #3702, #1526, #5378 ),
 .UNSPECIFIED., .F., .F.,
 ( 4, 1, 1, 1, 1, 1, 1, 1, 1, 1, 1, 1, 4 ),
 ( 0.000000000000000000, 0.08109067736245557934, 0.1601764339438525864, 0.2388162051317055390, 0.3186263804358752116, 0.3991842317164751019, 0.4794762106755971476, 0.5613809783239201989, 0.6461064879495128643, 0.7328044657007589668, 0.8198153588020310467, 0.9082263167607932397, 1.000000000000000000 ),
 .UNSPECIFIED. ) ;
#2893 = AXIS2_PLACEMENT_3D ( 'NONE', #5467, #3319, #1590 ) ;
#2894 = CARTESIAN_POINT ( 'NONE',  ( 2.965106945503045655, 10.49999999999999822, -3.418711331995527125 ) ) ;
#2895 = CARTESIAN_POINT ( 'NONE',  ( 1.485483635698530813, 10.50000000000000000, -12.47390212536448928 ) ) ;
#2896 = CARTESIAN_POINT ( 'NONE',  ( 6.651387969187501525, 10.99999999999999822, 0.4807593559471461941 ) ) ;
#2897 = AXIS2_PLACEMENT_3D ( 'NONE', #1348, #963, #4674 ) ;
#2898 = CARTESIAN_POINT ( 'NONE',  ( 13.14447177070271167, 10.49999999999999645, -0.5074585372699627062 ) ) ;
#2899 = CARTESIAN_POINT ( 'NONE',  ( 49.75000000000000711, -2.499999999999998668, 17.49999999999999645 ) ) ;
#2900 = DIRECTION ( 'NONE',  ( 0.000000000000000000, 0.000000000000000000, -1.000000000000000000 ) ) ;
#2901 = EDGE_CURVE ( 'NONE', #5056, #2788, #765, .T. ) ;
#2902 = CARTESIAN_POINT ( 'NONE',  ( -3.265244655254746053, 10.49999999999999822, -6.893554023753674542 ) ) ;
#2903 = AXIS2_PLACEMENT_3D ( 'NONE', #3995, #1910, #2668 ) ;
#2904 = ORIENTED_EDGE ( 'NONE', *, *, #2592, .F. ) ;
#2905 = CARTESIAN_POINT ( 'NONE',  ( 10.60602079249895979, 10.99999999999998757, -5.597361666110450606 ) ) ;
#2906 = B_SPLINE_CURVE_WITH_KNOTS ( 'NONE', 3,
 ( #3100, #3127, #4799, #4081, #1789, #2680, #516, #1818, #2291, #5220, #4744, #3983, #2804, #1424, #2264, #179, #1870, #3568, #4367 ),
 .UNSPECIFIED., .F., .F.,
 ( 4, 1, 1, 1, 1, 1, 1, 1, 1, 1, 1, 1, 1, 1, 1, 1, 4 ),
 ( 0.000000000000000000, 0.06738113814185216210, 0.1316191086167763646, 0.1937004165519009280, 0.2539063513561236052, 0.3130795607646421619, 0.3715552226999620511, 0.4304523132901792448, 0.4902115663337905382, 0.5505666952165707562, 0.6105012691613164177, 0.6707445371242347631, 0.7322436493756238063, 0.7949824289929092735, 0.8605312189298762737, 0.9283364645205585131, 1.000000000000000000 ),
 .UNSPECIFIED. ) ;
#2907 = CARTESIAN_POINT ( 'NONE',  ( 2.949708013205909474, 10.50000000000000000, 1.584561690811186585 ) ) ;
#2908 = CARTESIAN_POINT ( 'NONE',  ( -6.761117413613930260, 11.00000000000000000, -10.11855804556955363 ) ) ;
#2909 = CARTESIAN_POINT ( 'NONE',  ( -20.94380938855200824, 10.49999999999999822, -11.09552048999671392 ) ) ;
#2910 = EDGE_CURVE ( 'NONE', #1680, #3133, #1337, .T. ) ;
#2911 = CARTESIAN_POINT ( 'NONE',  ( -23.64507334586642884, 10.50000000000000178, -10.67446429158272814 ) ) ;
#2912 = DIRECTION ( 'NONE',  ( -0.7071067811865461294, -0.000000000000000000, -0.7071067811865490160 ) ) ;
#2913 = CARTESIAN_POINT ( 'NONE',  ( 17.87347407907304486, 11.00000000000000355, -7.541764625214703699 ) ) ;
#2914 = CARTESIAN_POINT ( 'NONE',  ( 3.999102355628537886, 10.50000000000000178, -8.502799618723184238 ) ) ;
#2915 = CARTESIAN_POINT ( 'NONE',  ( 5.127371441656102924, 11.00000000000000178, -10.53750311030915476 ) ) ;
#2916 = EDGE_LOOP ( 'NONE', ( #3764, #1038, #5393, #1344 ) ) ;
#2917 = CARTESIAN_POINT ( 'NONE',  ( 4.351621263325762712, 10.50000000000000178, -17.70324365154191781 ) ) ;
#2918 = CARTESIAN_POINT ( 'NONE',  ( -6.710438577074865130, 10.49999999999999645, -15.58081100374876193 ) ) ;
#2919 = CARTESIAN_POINT ( 'NONE',  ( 13.78070693597560670, 11.00000000000000000, -3.285088366996955500 ) ) ;
#2920 = CARTESIAN_POINT ( 'NONE',  ( -8.299806422967920483, 10.49999999999999645, 0.4799310649372338089 ) ) ;
#2921 = CARTESIAN_POINT ( 'NONE',  ( -8.609161021501591904, 10.49999999999999645, -16.10976935708335489 ) ) ;
#2922 = CARTESIAN_POINT ( 'NONE',  ( 4.427099386075644460, 10.99999999999999822, -8.669307838998195237 ) ) ;
#2923 = DIRECTION ( 'NONE',  ( -0.000000000000000000, -1.000000000000000000, -0.000000000000000000 ) ) ;
#2924 = CARTESIAN_POINT ( 'NONE',  ( -46.49000000000000199, -11.00000000000000000, -26.72234317807464521 ) ) ;
#2925 = CARTESIAN_POINT ( 'NONE',  ( 7.347154180015002645, 10.49999999999999822, -16.11289300685976400 ) ) ;
#2926 = CARTESIAN_POINT ( 'NONE',  ( -57.75000000000000000, 11.00000000000000000, 32.91526992782479510 ) ) ;
#2927 = CARTESIAN_POINT ( 'NONE',  ( -3.020449253633563647, 10.49999999999999822, -6.533560136791872530 ) ) ;
#2928 = VERTEX_POINT ( 'NONE', #2177 ) ;
#2929 = ORIENTED_EDGE ( 'NONE', *, *, #5204, .T. ) ;
#2930 = ORIENTED_EDGE ( 'NONE', *, *, #4544, .F. ) ;
#2931 = LINE ( 'NONE', #5109, #4881 ) ;
#2932 = EDGE_CURVE ( 'NONE', #402, #3819, #2337, .T. ) ;
#2933 = CARTESIAN_POINT ( 'NONE',  ( 0.9267116282821130646, 10.49999999999999822, -0.8798008395882763732 ) ) ;
#2934 = DIRECTION ( 'NONE',  ( -0.000000000000000000, -1.000000000000000000, -0.000000000000000000 ) ) ;
#2935 = CARTESIAN_POINT ( 'NONE',  ( 54.75000000000000000, 11.00000000000000000, -47.50000000000000711 ) ) ;
#2936 = EDGE_LOOP ( 'NONE', ( #2095, #3912, #1395, #4365 ) ) ;
#2937 = CARTESIAN_POINT ( 'NONE',  ( 11.20458736513391251, 10.49999999999999822, -2.592745307745567995 ) ) ;
#2938 = CARTESIAN_POINT ( 'NONE',  ( -12.73330932293047368, 11.00000000000000178, -2.190147522269449532 ) ) ;
#2939 = EDGE_CURVE ( 'NONE', #161, #3211, #1871, .T. ) ;
#2940 = CARTESIAN_POINT ( 'NONE',  ( 7.107418860458743382, 10.49999999999999822, 2.751525581173775770 ) ) ;
#2941 = CARTESIAN_POINT ( 'NONE',  ( 1.455953458460362393, 10.49999999999999822, -13.14567716645031936 ) ) ;
#2942 = CARTESIAN_POINT ( 'NONE',  ( 2.155772347004780265, 11.00000000000000000, -7.235885548180279514 ) ) ;
#2943 = CARTESIAN_POINT ( 'NONE',  ( 4.226337362144838572, 10.49999999999999822, -12.74470359688527132 ) ) ;
#2944 = ORIENTED_EDGE ( 'NONE', *, *, #2224, .F. ) ;
#2946 = VECTOR ( 'NONE', #1021, 1000.000000000000000 ) ;
#2945 = LINE ( 'NONE', #417, #1790 ) ;
#2947 = LINE ( 'NONE', #1553, #815 ) ;
#2948 = CARTESIAN_POINT ( 'NONE',  ( 3.121596610728095467, 11.00000000000000178, -4.605572289327446889 ) ) ;
#2949 = CARTESIAN_POINT ( 'NONE',  ( -6.710439618055672462, 11.00000000000000178, 0.07000388528563561419 ) ) ;
#2950 = VECTOR ( 'NONE', #1431, 1000.000000000000000 ) ;
#2951 = CARTESIAN_POINT ( 'NONE',  ( -20.92982326600609966, 10.49999999999999822, -15.86136742568598024 ) ) ;
#2952 = CARTESIAN_POINT ( 'NONE',  ( 49.75000000000000711, -11.00000000000000000, 22.99999999999999289 ) ) ;
#2953 = CARTESIAN_POINT ( 'NONE',  ( 2.967144695794206477, 11.00000000000000000, -3.274371392944694037 ) ) ;
#2954 = CARTESIAN_POINT ( 'NONE',  ( 6.704019350839005575, 10.99999999999999822, -16.05848412436290928 ) ) ;
#2955 = CARTESIAN_POINT ( 'NONE',  ( 49.75000000000000000, 5.999999999999998224, -29.20000000000000284 ) ) ;
#2956 = CARTESIAN_POINT ( 'NONE',  ( -4.782122477447082964, 10.49999999999999822, -8.299799974393950563 ) ) ;
#2957 = VERTEX_POINT ( 'NONE', #3984 ) ;
#2958 = ORIENTED_EDGE ( 'NONE', *, *, #1608, .F. ) ;
#2959 = EDGE_LOOP ( 'NONE', ( #5276, #1279, #4336, #2346 ) ) ;
#2960 = CARTESIAN_POINT ( 'NONE',  ( 2.480948251552776984, 11.00000000000000000, -7.546610292775177697 ) ) ;
#2961 = CARTESIAN_POINT ( 'NONE',  ( 6.138678354703635875, 10.99999999999999822, -9.812354233471433318 ) ) ;
#2962 = CARTESIAN_POINT ( 'NONE',  ( 0.000000000000000000, 11.00000000000000000, 0.000000000000000000 ) ) ;
#2963 = ORIENTED_EDGE ( 'NONE', *, *, #4958, .F. ) ;
#2964 = CARTESIAN_POINT ( 'NONE',  ( -18.16304187309451024, 11.00000000000000355, -16.55306277391387937 ) ) ;
#2965 = EDGE_CURVE ( 'NONE', #4715, #3597, #3129, .T. ) ;
#2966 = FACE_OUTER_BOUND ( 'NONE', #481, .T. ) ;
#2967 = ORIENTED_EDGE ( 'NONE', *, *, #2315, .T. ) ;
#2968 = CARTESIAN_POINT ( 'NONE',  ( -38.48999999999999488, 4.009999999999998899, 12.58339777691194783 ) ) ;
#2969 = DIRECTION ( 'NONE',  ( 0.000000000000000000, -1.000000000000000000, 0.000000000000000000 ) ) ;
#2970 = CARTESIAN_POINT ( 'NONE',  ( 24.84783250762195195, 11.00000000000000000, -4.542716272865859217 ) ) ;
#2971 = EDGE_CURVE ( 'NONE', #3806, #4536, #2707, .T. ) ;
#2972 = CARTESIAN_POINT ( 'NONE',  ( -7.019519850174936515, 11.00000000000000178, -9.945638745238213119 ) ) ;
#2973 = ORIENTED_EDGE ( 'NONE', *, *, #3343, .T. ) ;
#2974 = CARTESIAN_POINT ( 'NONE',  ( 13.41210827338382217, 10.49999999999999822, -5.378983794962195475 ) ) ;
#2975 = CARTESIAN_POINT ( 'NONE',  ( 11.26146830014838152, 10.49999999999999822, -3.552527687885102647 ) ) ;
#2976 = CARTESIAN_POINT ( 'NONE',  ( 10.27963463085217022, 11.00000000000000000, -11.60747603100392489 ) ) ;
#2977 = CARTESIAN_POINT ( 'NONE',  ( 6.704019350839005575, 10.49999999999999645, -16.05848412436290928 ) ) ;
#2978 = CARTESIAN_POINT ( 'NONE',  ( 57.75000000000000000, 5.999999999999999112, 27.49999999999999645 ) ) ;
#2979 = CARTESIAN_POINT ( 'NONE',  ( 2.971125140237599549, 11.00000000000000000, -2.992424625057283460 ) ) ;
#2980 = CARTESIAN_POINT ( 'NONE',  ( 4.342766031067760935, 10.49999999999999822, -13.84025147954371349 ) ) ;
#2981 = CARTESIAN_POINT ( 'NONE',  ( 41.74999999999999289, 11.00000000000000000, 24.99999999999999289 ) ) ;
#2982 = AXIS2_PLACEMENT_3D ( 'NONE', #1614, #4580, #3318 ) ;
#2983 = CARTESIAN_POINT ( 'NONE',  ( -5.512091157494521276, 10.49999999999999822, -8.669307838998195237 ) ) ;
#2984 = ORIENTED_EDGE ( 'NONE', *, *, #5388, .F. ) ;
#2985 = VERTEX_POINT ( 'NONE', #3463 ) ;
#2986 = CARTESIAN_POINT ( 'NONE',  ( 2.155772347004780265, 11.00000000000000000, -7.235885548180279514 ) ) ;
#2987 = VECTOR ( 'NONE', #5104, 1000.000000000000000 ) ;
#2988 = CARTESIAN_POINT ( 'NONE',  ( 7.028911260622541235, 11.00000000000000178, -9.583127560552805235 ) ) ;
#2989 = CARTESIAN_POINT ( 'NONE',  ( -5.696078832715801177, 11.00000000000000178, -11.32202104123099140 ) ) ;
#2990 = ORIENTED_EDGE ( 'NONE', *, *, #989, .T. ) ;
#2991 = CARTESIAN_POINT ( 'NONE',  ( -23.06349887500092777, 10.49999999999999822, -6.047910016018612112 ) ) ;
#2992 = VECTOR ( 'NONE', #655, 1000.000000000000000 ) ;
#2993 = ORIENTED_EDGE ( 'NONE', *, *, #1876, .F. ) ;
#2994 = CARTESIAN_POINT ( 'NONE',  ( 7.089790768573502433, 10.49999999999999822, -18.36885239456136176 ) ) ;
#2995 = VERTEX_POINT ( 'NONE', #3569 ) ;
#2996 = DIRECTION ( 'NONE',  ( -0.000000000000000000, -1.000000000000000000, -0.000000000000000000 ) ) ;
#2997 = CARTESIAN_POINT ( 'NONE',  ( 3.587685839828056888, 10.49999999999999822, -8.306008765541390559 ) ) ;
#2998 = CARTESIAN_POINT ( 'NONE',  ( -8.216833799622095924, 10.99999999999999289, -18.36814522510236003 ) ) ;
#2999 = CARTESIAN_POINT ( 'NONE',  ( -5.696078832715801177, 10.50000000000000000, -11.32202104123099140 ) ) ;
#3000 = ORIENTED_EDGE ( 'NONE', *, *, #4275, .T. ) ;
#3001 = B_SPLINE_CURVE_WITH_KNOTS ( 'NONE', 3,
 ( #1270, #2975, #4653, #2848, #1988, #137, #4862, #5333, #1484, #2431, #2349, #1509, #4558, #4530, #1905, #3680, #2402, #1063, #2377 ),
 .UNSPECIFIED., .F., .F.,
 ( 4, 1, 1, 1, 1, 1, 1, 1, 1, 1, 1, 1, 1, 1, 1, 1, 4 ),
 ( 0.000000000000000000, 0.06305229262947806279, 0.1247848679262195254, 0.1845342529466543480, 0.2437195285788915089, 0.3028113376026763670, 0.3627613580653546999, 0.4234130898022952505, 0.4863049630225059761, 0.5493239946392906026, 0.6118419876267260360, 0.6734911425739048552, 0.7356789971671503503, 0.7991410767628682743, 0.8635659547679169767, 0.9308050550025483982, 1.000000000000000000 ),
 .UNSPECIFIED. ) ;
#3002 = CARTESIAN_POINT ( 'NONE',  ( -8.742622840695263520, 11.00000000000000178, -7.309497665777443309 ) ) ;
#3003 = CARTESIAN_POINT ( 'NONE',  ( -6.020586586558549946, 11.00000000000000000, -14.92827785346135805 ) ) ;
#3004 = EDGE_CURVE ( 'NONE', #1507, #1430, #125, .T. ) ;
#3005 = CARTESIAN_POINT ( 'NONE',  ( -4.641524248814252296, 10.49999999999999822, -2.592745307745567995 ) ) ;
#3006 = CARTESIAN_POINT ( 'NONE',  ( 20.21453455399235466, 10.49999999999999822, -10.75432436654496193 ) ) ;
#3007 = CARTESIAN_POINT ( 'NONE',  ( -4.121549197068359760, 10.49999999999999645, -7.816128653816421412 ) ) ;
#3008 = B_SPLINE_SURFACE_WITH_KNOTS ( 'NONE', 3, 1, ( 
 ( #5158, #1841 ),
 ( #1361, #3539 ),
 ( #2730, #620 ),
 ( #2312, #3589 ),
 ( #202, #1028 ),
 ( #4820, #4004 ),
 ( #1892, #4416 ),
 ( #1445, #3149 ),
 ( #2042, #3740 ),
 ( #1655, #3326 ),
 ( #4644, #5415 ),
 ( #1231, #2152 ),
 ( #1622, #3799 ),
 ( #2547, #434 ),
 ( #4669, #351 ),
 ( #794, #44 ),
 ( #1735, #4202 ),
 ( #2517, #3439 ),
 ( #3386, #874 ) ),
 .UNSPECIFIED., .F., .F., .F.,
 ( 4, 1, 1, 1, 1, 1, 1, 1, 1, 1, 1, 1, 1, 1, 1, 1, 4 ),
 ( 2, 2 ),
 ( 0.000000000000000000, 0.06545137439270624913, 0.1283012966323242576, 0.1898461666692817795, 0.2501582250180908740, 0.3096868125099235258, 0.3701593555817414005, 0.4311853091140626648, 0.4933958659505227051, 0.5562891445974091909, 0.6182655696068303230, 0.6792766321014257480, 0.7402876945960212840, 0.8025566468366115425, 0.8663773370865411882, 0.9322162741114029538, 1.000000000000000000 ),
 ( 0.000000000000000000, 1.000000000000000000 ),
 .UNSPECIFIED. ) ;
#3009 = EDGE_CURVE ( 'NONE', #3378, #3214, #1449, .T. ) ;
#3010 = CARTESIAN_POINT ( 'NONE',  ( -11.71236668604388420, 10.50000000000000000, -6.213759792962592066 ) ) ;
#3011 = DIRECTION ( 'NONE',  ( 0.000000000000000000, 0.000000000000000000, -1.000000000000000000 ) ) ;
#3012 = CARTESIAN_POINT ( 'NONE',  ( 18.20991521695765059, 10.49999999999999822, -4.542716272865859217 ) ) ;
#3013 = CARTESIAN_POINT ( 'NONE',  ( -25.26863954125381184, 10.49999999999999822, 2.499999999999995115 ) ) ;
#3014 = EDGE_LOOP ( 'NONE', ( #2368, #4310, #1086, #3104 ) ) ;
#3015 = ORIENTED_EDGE ( 'NONE', *, *, #2901, .F. ) ;
#3016 = DIRECTION ( 'NONE',  ( -0.000000000000000000, 1.000000000000000000, -0.000000000000000000 ) ) ;
#3017 = CARTESIAN_POINT ( 'NONE',  ( 12.48942523753646228, 11.00000000000000178, 0.4949243241641008151 ) ) ;
#3018 = CARTESIAN_POINT ( 'NONE',  ( -14.75213647843325226, 11.00000000000000000, -0.5133383138523840428 ) ) ;
#3019 = CARTESIAN_POINT ( 'NONE',  ( -6.915789706745368193, 10.49999999999999822, 2.576386256382621198 ) ) ;
#3020 = CARTESIAN_POINT ( 'NONE',  ( 1.480973206921275986, 10.49999999999999645, -13.85352298539071469 ) ) ;
#3021 = LINE ( 'NONE', #1235, #4877 ) ;
#3022 = CARTESIAN_POINT ( 'NONE',  ( 3.999102355628537886, 10.50000000000000178, -8.502799618723184238 ) ) ;
#3023 = CARTESIAN_POINT ( 'NONE',  ( -5.459225037612485565, 10.49999999999999822, -17.71235908147223626 ) ) ;
#3024 = CARTESIAN_POINT ( 'NONE',  ( -27.49184782784661962, 10.99999999999999822, -0.3914908154697539500 ) ) ;
#3025 = VERTEX_POINT ( 'NONE', #2292 ) ;
#3026 = PLANE ( 'NONE',  #553 ) ;
#3027 = CARTESIAN_POINT ( 'NONE',  ( 4.226412193841918352, 11.00000000000000000, -12.96890742630764848 ) ) ;
#3028 = CARTESIAN_POINT ( 'NONE',  ( 10.45741372644078204, 10.99999999999999822, -12.20986087329393932 ) ) ;
#3029 = AXIS2_PLACEMENT_3D ( 'NONE', #2414, #225, #3999 ) ;
#3030 = EDGE_CURVE ( 'NONE', #2845, #177, #954, .T. ) ;
#3031 = FACE_OUTER_BOUND ( 'NONE', #2010, .T. ) ;
#3032 = B_SPLINE_CURVE_WITH_KNOTS ( 'NONE', 3,
 ( #579, #1878, #3134, #4861, #5202, #102, #4344, #186, #3574, #5171, #1404, #4833, #1039, #2739, #3600 ),
 .UNSPECIFIED., .F., .F.,
 ( 4, 1, 1, 1, 1, 1, 1, 1, 1, 1, 1, 1, 4 ),
 ( 0.000000000000000000, 0.09194495275363001596, 0.1813385907875331715, 0.2680898998799915445, 0.3547633187985866909, 0.4396220231915048404, 0.5210107517801335630, 0.6010631916076488723, 0.6811168721639224710, 0.7606889457257565157, 0.8395123044146364233, 0.9187065157815366145, 1.000000000000000000 ),
 .UNSPECIFIED. ) ;
#3033 = CARTESIAN_POINT ( 'NONE',  ( -10.38108313285208872, 10.50000000000000000, -7.040589984691776770 ) ) ;
#3034 = CARTESIAN_POINT ( 'NONE',  ( -46.48999999999999488, 4.009999999999998899, 10.45467315135123521 ) ) ;
#3035 = VECTOR ( 'NONE', #1007, 1000.000000000000000 ) ;
#3036 = CARTESIAN_POINT ( 'NONE',  ( 13.54582794992259132, 11.00000000000000000, -4.975228648934434617 ) ) ;
#3037 = CARTESIAN_POINT ( 'NONE',  ( -11.71236668604388420, 11.00000000000000178, -6.213759792962592066 ) ) ;
#3038 = ADVANCED_FACE ( 'NONE', ( #899 ), #155, .F. ) ;
#3039 = CARTESIAN_POINT ( 'NONE',  ( 5.846086660091438958, 10.50000000000000000, -7.163151700223891361 ) ) ;
#3040 = VERTEX_POINT ( 'NONE', #574 ) ;
#3041 = ORIENTED_EDGE ( 'NONE', *, *, #5400, .F. ) ;
#3042 = CARTESIAN_POINT ( 'NONE',  ( 24.84783250762195195, 10.49999999999999822, -4.542716272865859217 ) ) ;
#3043 = CARTESIAN_POINT ( 'NONE',  ( 49.75000000000000000, -11.00000000000000000, -38.00000000000000000 ) ) ;
#3044 = CARTESIAN_POINT ( 'NONE',  ( -11.75725170596355440, 10.50000000000000178, -0.5711074751799876115 ) ) ;
#3045 = ORIENTED_EDGE ( 'NONE', *, *, #1094, .F. ) ;
#3046 = CARTESIAN_POINT ( 'NONE',  ( -27.49184782784661962, 10.99999999999999822, -0.3914908154697539500 ) ) ;
#3047 = ORIENTED_EDGE ( 'NONE', *, *, #631, .T. ) ;
#3048 = ORIENTED_EDGE ( 'NONE', *, *, #2087, .T. ) ;
#3049 = CARTESIAN_POINT ( 'NONE',  ( 4.351621263325762712, 10.99999999999999822, -17.70324365154191781 ) ) ;
#3050 = CARTESIAN_POINT ( 'NONE',  ( 27.36308831935975405, 10.49999999999999822, -18.12509765625000568 ) ) ;
#3051 = DIRECTION ( 'NONE',  ( -0.000000000000000000, 1.000000000000000000, -0.000000000000000000 ) ) ;
#3052 = LINE ( 'NONE', #4726, #3527 ) ;
#3053 = CARTESIAN_POINT ( 'NONE',  ( -26.56947731855995798, 11.00000000000000000, -3.557146395000143624 ) ) ;
#3054 = VERTEX_POINT ( 'NONE', #96 ) ;
#3055 = CARTESIAN_POINT ( 'NONE',  ( -5.034973093452436821, 11.00000000000000355, -5.274889234346052724 ) ) ;
#3056 = CARTESIAN_POINT ( 'NONE',  ( -5.681376446394605928, 10.99999999999999822, -14.40015122741312403 ) ) ;
#3057 = CARTESIAN_POINT ( 'NONE',  ( 7.969299757565929454, 11.00000000000000178, -9.625573844668560142 ) ) ;
#3058 = CARTESIAN_POINT ( 'NONE',  ( -22.08945872027199542, 11.00000000000000000, -8.518246869971722646 ) ) ;
#3059 = CARTESIAN_POINT ( 'NONE',  ( -12.81268680923575864, 11.00000000000000000, -4.225145959875170831 ) ) ;
#3060 = VECTOR ( 'NONE', #4822, 1000.000000000000000 ) ;
#3061 = CARTESIAN_POINT ( 'NONE',  ( 6.215400737254410224, 10.50000000000000178, 0.4262915992595956993 ) ) ;
#3062 = ADVANCED_FACE ( 'NONE', ( #181 ), #3238, .T. ) ;
#3063 = CARTESIAN_POINT ( 'NONE',  ( 13.78070693597560670, 11.00000000000000000, -3.285088366996955500 ) ) ;
#3064 = CARTESIAN_POINT ( 'NONE',  ( 23.42851489622110606, 10.50000000000000178, -11.89426989438760174 ) ) ;
#3065 = VECTOR ( 'NONE', #3365, 1000.000000000000000 ) ;
#3066 = CARTESIAN_POINT ( 'NONE',  ( 3.414362383723994032, 10.50000000000000178, -5.307616457347453576 ) ) ;
#3067 = ORIENTED_EDGE ( 'NONE', *, *, #1471, .F. ) ;
#3068 = EDGE_LOOP ( 'NONE', ( #2384, #774, #978, #762, #3541, #2145, #2123 ) ) ;
#3069 = CARTESIAN_POINT ( 'NONE',  ( -5.552773587290121604, 10.49999999999999822, -14.11587401557059351 ) ) ;
#3070 = CARTESIAN_POINT ( 'NONE',  ( 11.40325453403117173, 10.49999999999999645, -8.071723750062846037 ) ) ;
#3071 = CARTESIAN_POINT ( 'NONE',  ( 13.26882392564012392, 10.99999999999999645, -13.38480902530699268 ) ) ;
#3072 = VECTOR ( 'NONE', #5288, 1000.000000000000000 ) ;
#3073 = EDGE_CURVE ( 'NONE', #3465, #1943, #4033, .T. ) ;
#3074 = CARTESIAN_POINT ( 'NONE',  ( -26.56947731855995798, 10.49999999999999822, -3.557146395000143624 ) ) ;
#3075 = ORIENTED_EDGE ( 'NONE', *, *, #4222, .F. ) ;
#3076 = VECTOR ( 'NONE', #4885, 1000.000000000000000 ) ;
#3077 = ORIENTED_EDGE ( 'NONE', *, *, #4392, .F. ) ;
#3078 = CARTESIAN_POINT ( 'NONE',  ( 49.75000000000000000, 5.999999999999998224, -4.200000000000001954 ) ) ;
#3079 = LINE ( 'NONE', #4319, #3303 ) ;
#3080 = PLANE ( 'NONE',  #4134 ) ;
#3081 = AXIS2_PLACEMENT_3D ( 'NONE', #1834, #113, #2165 ) ;
#3082 = DIRECTION ( 'NONE',  ( 0.000000000000000000, 0.000000000000000000, -1.000000000000000000 ) ) ;
#3083 = CARTESIAN_POINT ( 'NONE',  ( -28.03542093416539771, 10.49999999999999822, 2.499999999999995115 ) ) ;
#3084 = VERTEX_POINT ( 'NONE', #1528 ) ;
#3085 = CARTESIAN_POINT ( 'NONE',  ( -8.306015075109806745, 10.50000000000000000, -7.302860428163598705 ) ) ;
#3086 = CARTESIAN_POINT ( 'NONE',  ( -38.48999999999999488, 4.009999999999998899, -15.67000000000001059 ) ) ;
#3087 = CARTESIAN_POINT ( 'NONE',  ( 49.75000000000000000, -2.499999999999998668, -32.50000000000000711 ) ) ;
#3088 = UNCERTAINTY_MEASURE_WITH_UNIT (LENGTH_MEASURE( 1.000000000000000082E-05 ), #797, 'distance_accuracy_value', 'NONE');
#3089 = CARTESIAN_POINT ( 'NONE',  ( 9.794946825037472493, 10.49999999999999822, -10.78670423515860044 ) ) ;
#3090 = FACE_OUTER_BOUND ( 'NONE', #599, .T. ) ;
#3091 = CARTESIAN_POINT ( 'NONE',  ( -8.825188008096686687, 10.99999999999999822, -16.10364621115622441 ) ) ;
#3092 = CARTESIAN_POINT ( 'NONE',  ( -3.909761027749592888, 11.00000000000000000, 1.069213375940775146 ) ) ;
#3093 = FACE_OUTER_BOUND ( 'NONE', #4618, .T. ) ;
#3094 = CARTESIAN_POINT ( 'NONE',  ( 7.546305190980245214, 10.99999999999999822, 0.4799310649372338089 ) ) ;
#3095 = CARTESIAN_POINT ( 'NONE',  ( 21.07667177042831952, 10.49999999999999822, -8.319138786751897996 ) ) ;
#3096 = CARTESIAN_POINT ( 'NONE',  ( -18.41775603356215996, 10.49999999999999645, -16.08506836746932933 ) ) ;
#3097 = EDGE_LOOP ( 'NONE', ( #4750, #3906, #1167, #2710 ) ) ;
#3098 = ADVANCED_FACE ( 'NONE', ( #2006 ), #2388, .T. ) ;
#3099 = ORIENTED_EDGE ( 'NONE', *, *, #2971, .F. ) ;
#3100 = CARTESIAN_POINT ( 'NONE',  ( 2.965106945503045655, 10.49999999999999822, -3.418711331995527125 ) ) ;
#3101 = CARTESIAN_POINT ( 'NONE',  ( 49.75000000000000711, -11.00000000000000000, 11.99999999999999645 ) ) ;
#3102 = CARTESIAN_POINT ( 'NONE',  ( -9.630710876693759914, 10.50000000000000178, 0.4262915992595956993 ) ) ;
#3103 = LINE ( 'NONE', #4694, #4570 ) ;
#3104 = ORIENTED_EDGE ( 'NONE', *, *, #398, .T. ) ;
#3105 = EDGE_CURVE ( 'NONE', #3054, #184, #1896, .T. ) ;
#3106 = VERTEX_POINT ( 'NONE', #1479 ) ;
#3107 = DIRECTION ( 'NONE',  ( 0.000000000000000000, 0.000000000000000000, -1.000000000000000000 ) ) ;
#3108 = CARTESIAN_POINT ( 'NONE',  ( -15.39626048018292614, 10.49999999999999822, -3.285088366996955500 ) ) ;
#3109 = CARTESIAN_POINT ( 'NONE',  ( -2.568455840320119865, 10.49999999999999822, -13.14567716645031936 ) ) ;
#3110 = EDGE_CURVE ( 'NONE', #3888, #1680, #4909, .T. ) ;
#3111 = CARTESIAN_POINT ( 'NONE',  ( -5.344791782659229717, 10.49999999999999822, -12.52869625213068616 ) ) ;
#3112 = CARTESIAN_POINT ( 'NONE',  ( -4.580660489710364658, 11.00000000000000178, -3.418711331995527125 ) ) ;
#3113 = CARTESIAN_POINT ( 'NONE',  ( 10.38688657633567836, 10.49999999999999822, -17.71235908147223626 ) ) ;
#3114 = CARTESIAN_POINT ( 'NONE',  ( 17.87347407907304486, 11.00000000000000355, -7.541764625214703699 ) ) ;
#3115 = CARTESIAN_POINT ( 'NONE',  ( -2.576805668662500270, 11.00000000000000000, -12.92470387074477323 ) ) ;
#3116 = EDGE_CURVE ( 'NONE', #3433, #2567, #1247, .T. ) ;
#3117 = DIRECTION ( 'NONE',  ( -9.637352644315595243E-17, -0.000000000000000000, -1.000000000000000000 ) ) ;
#3118 = CARTESIAN_POINT ( 'NONE',  ( -12.72451500322007334, 11.00000000000000178, -4.605572289327449553 ) ) ;
#3119 = CARTESIAN_POINT ( 'NONE',  ( -5.402811567957675365, 10.99999999999999822, 2.058178148227592708 ) ) ;
#3120 = CARTESIAN_POINT ( 'NONE',  ( -12.88100466844512049, 10.49999999999999822, -3.418711331995527125 ) ) ;
#3121 = CARTESIAN_POINT ( 'NONE',  ( 13.41210827338382217, 11.00000000000000000, -5.378983794962195475 ) ) ;
#3122 = VECTOR ( 'NONE', #4621, 1000.000000000000000 ) ;
#3123 = CARTESIAN_POINT ( 'NONE',  ( 19.22845479322494455, 10.50000000000000000, -5.827383077672239509 ) ) ;
#3124 = CARTESIAN_POINT ( 'NONE',  ( 18.20991521695765059, 10.49999999999999822, -4.542716272865859217 ) ) ;
#3125 = ORIENTED_EDGE ( 'NONE', *, *, #4252, .T. ) ;
#3126 = ORIENTED_EDGE ( 'NONE', *, *, #4843, .F. ) ;
#3127 = CARTESIAN_POINT ( 'NONE',  ( 2.967144695794206477, 10.49999999999999822, -3.274371392944694037 ) ) ;
#3128 =( GEOMETRIC_REPRESENTATION_CONTEXT ( 3 ) GLOBAL_UNCERTAINTY_ASSIGNED_CONTEXT ( ( #3088 ) ) GLOBAL_UNIT_ASSIGNED_CONTEXT ( ( #797, #4563, #1573 ) ) REPRESENTATION_CONTEXT ( 'NONE', 'WORKASPACE' ) );
#3129 = LINE ( 'NONE', #1764, #4468 ) ;
#3130 = CARTESIAN_POINT ( 'NONE',  ( -12.87896691815396011, 10.49999999999999467, -3.274371392944694037 ) ) ;
#3131 = CARTESIAN_POINT ( 'NONE',  ( -2.701639843245449590, 10.49999999999999645, -0.5074585372699627062 ) ) ;
#3132 = ORIENTED_EDGE ( 'NONE', *, *, #4245, .T. ) ;
#3133 = VERTEX_POINT ( 'NONE', #3840 ) ;
#3134 = CARTESIAN_POINT ( 'NONE',  ( -7.683668341606747276, 11.00000000000000000, -18.35142445075854312 ) ) ;
#3135 = CARTESIAN_POINT ( 'NONE',  ( -12.06950692978533191, 10.49999999999999467, -9.055677819624561309 ) ) ;
#3136 = EDGE_CURVE ( 'NONE', #4942, #2341, #1163, .T. ) ;
#3137 = CARTESIAN_POINT ( 'NONE',  ( -2.577287688308041336, 10.49999999999999645, -13.38480902530699268 ) ) ;
#3138 = CARTESIAN_POINT ( 'NONE',  ( 54.75000000000000000, 11.00000000000000000, -47.50000000000000711 ) ) ;
#3139 = CARTESIAN_POINT ( 'NONE',  ( 5.963111948670272809E-15, 11.00000000000000000, 27.50000000000000711 ) ) ;
#3140 = DIRECTION ( 'NONE',  ( 0.000000000000000000, 0.000000000000000000, -1.000000000000000000 ) ) ;
#3141 = EDGE_CURVE ( 'NONE', #1729, #3214, #1588, .T. ) ;
#3142 = CARTESIAN_POINT ( 'NONE',  ( 10.50764676899670391, 11.00000000000000000, -12.74467283732331602 ) ) ;
#3143 = CARTESIAN_POINT ( 'NONE',  ( -5.344791782659229717, 10.49999999999999822, -12.52869625213068616 ) ) ;
#3144 = CARTESIAN_POINT ( 'NONE',  ( -11.28358567226407239, 10.99999999999999645, -14.42597190878089108 ) ) ;
#3145 = CARTESIAN_POINT ( 'NONE',  ( -6.915789706745368193, 10.49999999999999822, 2.576386256382621198 ) ) ;
#3146 = CARTESIAN_POINT ( 'NONE',  ( 3.670843357940013707, 11.00000000000000000, 2.004061591420434496 ) ) ;
#3147 = EDGE_CURVE ( 'NONE', #3378, #5169, #2118, .T. ) ;
#3148 = CARTESIAN_POINT ( 'NONE',  ( 13.78070693597560670, 10.99999999999999467, -3.285088366996955500 ) ) ;
#3149 = CARTESIAN_POINT ( 'NONE',  ( -10.26727923691777811, 11.00000000000000178, -15.59384789299878271 ) ) ;
#3150 = CARTESIAN_POINT ( 'NONE',  ( 2.969022327907592462, 10.49999999999999822, -3.556463577811508348 ) ) ;
#3151 = ORIENTED_EDGE ( 'NONE', *, *, #3073, .F. ) ;
#3152 = AXIS2_PLACEMENT_3D ( 'NONE', #2725, #3974, #4871 ) ;
#3153 = ORIENTED_EDGE ( 'NONE', *, *, #2794, .T. ) ;
#3154 = CARTESIAN_POINT ( 'NONE',  ( -13.16617524452111354, 10.49999999999999645, -10.02557137634362228 ) ) ;
#3155 = CARTESIAN_POINT ( 'NONE',  ( -12.88100466844512049, 10.49999999999999822, -3.418711331995527125 ) ) ;
#3156 = LINE ( 'NONE', #4473, #2184 ) ;
#3157 = VECTOR ( 'NONE', #4078, 1000.000000000000000 ) ;
#3158 = ORIENTED_EDGE ( 'NONE', *, *, #3242, .F. ) ;
#3159 = ORIENTED_EDGE ( 'NONE', *, *, #586, .F. ) ;
#3160 = DIRECTION ( 'NONE',  ( -0.000000000000000000, -1.000000000000000000, -0.000000000000000000 ) ) ;
#3161 = AXIS2_PLACEMENT_3D ( 'NONE', #3653, #2350, #243 ) ;
#3162 = CARTESIAN_POINT ( 'NONE',  ( 3.033424804712409273, 10.49999999999999822, -4.225145959875170831 ) ) ;
#3163 = B_SPLINE_CURVE_WITH_KNOTS ( 'NONE', 3,
 ( #4079, #278, #4411, #2333, #1971, #3584, #616, #1520, #2833, #3664, #3227, #4514, #2361, #716, #3637, #2776, #5315, #5372, #5263 ),
 .UNSPECIFIED., .F., .F.,
 ( 4, 1, 1, 1, 1, 1, 1, 1, 1, 1, 1, 1, 1, 1, 1, 1, 4 ),
 ( 0.000000000000000000, 0.09263307917966594196, 0.1812578326846235044, 0.2677463166116325066, 0.3525759815441522615, 0.4353261026888182728, 0.5156798943772891164, 0.5949223282687576830, 0.6746516928653017997, 0.7150324028280876654, 0.7546742859889800092, 0.7946148660789127405, 0.8346221552083454842, 0.8751460061963551862, 0.9158349703271242426, 0.9574349943276478925, 1.000000000000000000 ),
 .UNSPECIFIED. ) ;
#3164 = CARTESIAN_POINT ( 'NONE',  ( -3.319018715111210494, 10.99999999999999645, -15.82337798457984768 ) ) ;
#3165 = VECTOR ( 'NONE', #2395, 1000.000000000000000 ) ;
#3166 = VECTOR ( 'NONE', #5156, 1000.000000000000000 ) ;
#3167 = CARTESIAN_POINT ( 'NONE',  ( -3.356686376411701200, 11.00000000000000178, 0.4949243241641008151 ) ) ;
#3168 = VECTOR ( 'NONE', #4376, 999.9999999999998863 ) ;
#3169 = DIRECTION ( 'NONE',  ( 0.000000000000000000, 0.000000000000000000, 1.000000000000000000 ) ) ;
#3170 = CARTESIAN_POINT ( 'NONE',  ( -57.75000000000000000, -11.00000000000000000, 32.91526992782479510 ) ) ;
#3171 = CARTESIAN_POINT ( 'NONE',  ( 0.5159614718998084548, 10.50000000000000178, -4.152302161992775353 ) ) ;
#3172 = VECTOR ( 'NONE', #3051, 1000.000000000000000 ) ;
#3173 = CARTESIAN_POINT ( 'NONE',  ( -7.019519850174936515, 10.50000000000000355, -9.945638745238213119 ) ) ;
#3174 = DIRECTION ( 'NONE',  ( 0.000000000000000000, 0.000000000000000000, 1.000000000000000000 ) ) ;
#3175 = ADVANCED_FACE ( 'NONE', ( #1699 ), #4249, .F. ) ;
#3176 = CARTESIAN_POINT ( 'NONE',  ( -4.902852570092411710, 10.49999999999999645, 1.789671086262937028 ) ) ;
#3177 = CARTESIAN_POINT ( 'NONE',  ( 0.7732541875114364860, 10.49999999999999645, -1.251097811937438298 ) ) ;
#3178 = CARTESIAN_POINT ( 'NONE',  ( 8.930321907202795728, 10.49999999999999822, 2.576386256382621198 ) ) ;
#3179 = CARTESIAN_POINT ( 'NONE',  ( 12.50453501844720705, 10.49999999999999645, -10.60533284150762512 ) ) ;
#3180 = DIRECTION ( 'NONE',  ( -1.000000000000000000, 0.000000000000000000, 0.000000000000000000 ) ) ;
#3181 = ADVANCED_FACE ( 'NONE', ( #5073 ), #4857, .T. ) ;
#3182 = ORIENTED_EDGE ( 'NONE', *, *, #4884, .F. ) ;
#3183 = CARTESIAN_POINT ( 'NONE',  ( 13.78070693597560670, 10.49999999999999822, -3.285088366996955500 ) ) ;
#3184 = CARTESIAN_POINT ( 'NONE',  ( -5.471780333898904836, 10.49999999999999645, -0.8748798890397000427 ) ) ;
#3185 = CARTESIAN_POINT ( 'NONE',  ( -2.751567427113530417, 10.99999999999999645, -11.83437446225390488 ) ) ;
#3186 = ORIENTED_EDGE ( 'NONE', *, *, #2074, .F. ) ;
#3187 = ORIENTED_EDGE ( 'NONE', *, *, #4290, .T. ) ;
#3188 = DIRECTION ( 'NONE',  ( 0.000000000000000000, 0.000000000000000000, -1.000000000000000000 ) ) ;
#3189 = B_SPLINE_CURVE_WITH_KNOTS ( 'NONE', 3,
 ( #3640, #1524, #2392, #3562, #228, #4002, #3259, #4388, #4934, #1923, #1865, #3618, #1133, #2729, #1078, #4084, #4441, #1105, #2311 ),
 .UNSPECIFIED., .F., .F.,
 ( 4, 1, 1, 1, 1, 1, 1, 1, 1, 1, 1, 1, 1, 1, 1, 1, 4 ),
 ( 0.000000000000000000, 0.06557823264418237430, 0.1292223545505367666, 0.1924061844659310516, 0.2543065654343108495, 0.3157484370094335580, 0.3779428366412649343, 0.4411266665566591638, 0.5058320707432917285, 0.5703492406280075144, 0.6330694006431418774, 0.6940742407495209543, 0.7540587854441082039, 0.8140230513873744078, 0.8745525543506157407, 0.9359795783187129237, 1.000000000000000000 ),
 .UNSPECIFIED. ) ;
#3190 = CARTESIAN_POINT ( 'NONE',  ( -13.21684132861555128, 10.49999999999999822, -16.38286677407669956 ) ) ;
#3191 = CARTESIAN_POINT ( 'NONE',  ( -13.36516336239538916, 10.50000000000000000, -7.546610292775175033 ) ) ;
#3192 = LINE ( 'NONE', #1065, #1924 ) ;
#3193 = B_SPLINE_SURFACE_WITH_KNOTS ( 'NONE', 3, 1, ( 
 ( #4184, #1 ),
 ( #2943, #303 ),
 ( #4929, #360 ),
 ( #1128, #714 ),
 ( #1631, #3775 ),
 ( #829, #2832 ),
 ( #775, #2525 ),
 ( #1179, #3335 ),
 ( #3694, #1209 ),
 ( #4210, #2915 ),
 ( #4538, #5455 ),
 ( #4129, #387 ),
 ( #2077, #4978 ),
 ( #4569, #4513 ),
 ( #5371, #4954 ),
 ( #5395, #1152 ),
 ( #414, #332 ),
 ( #2108, #2025 ),
 ( #3723, #1604 ) ),
 .UNSPECIFIED., .F., .F., .F.,
 ( 4, 1, 1, 1, 1, 1, 1, 1, 1, 1, 1, 1, 1, 1, 1, 1, 4 ),
 ( 2, 2 ),
 ( 0.000000000000000000, 0.06557823264418237430, 0.1292223545505367943, 0.1924061844659310516, 0.2543065654343108495, 0.3157484370094335024, 0.3779428366412650453, 0.4411266665566592193, 0.5058320707432917285, 0.5703492406280074034, 0.6330694006431418774, 0.6940742407495209543, 0.7540587854441084259, 0.8140230513873742968, 0.8745525543506156296, 0.9359795783187129237, 1.000000000000000000 ),
 ( 0.000000000000000000, 1.000000000000000000 ),
 .UNSPECIFIED. ) ;
#3194 = CARTESIAN_POINT ( 'NONE',  ( 10.15003278123236363, 10.50000000000000000, -11.32202104123099140 ) ) ;
#3195 = CARTESIAN_POINT ( 'NONE',  ( -12.87498647371056570, 10.49999999999999467, -2.992424625057283016 ) ) ;
#3196 = CARTESIAN_POINT ( 'NONE',  ( 41.75000000000000711, 11.00000000000000000, -42.50000000000000711 ) ) ;
#3197 = DIRECTION ( 'NONE',  ( 0.000000000000000000, 0.000000000000000000, 1.000000000000000000 ) ) ;
#3198 = ORIENTED_EDGE ( 'NONE', *, *, #2328, .T. ) ;
#3199 = CARTESIAN_POINT ( 'NONE',  ( -8.498957433933163941, 10.50000000000000178, -9.573227896341467869 ) ) ;
#3200 = DIRECTION ( 'NONE',  ( -0.000000000000000000, 1.000000000000000000, -0.000000000000000000 ) ) ;
#3201 = CARTESIAN_POINT ( 'NONE',  ( -2.701639843245449590, 10.99999999999999289, -0.5074585372699627062 ) ) ;
#3202 = CARTESIAN_POINT ( 'NONE',  ( -57.75000000000000000, -11.00000000000000000, 35.74905993154862927 ) ) ;
#3203 = CARTESIAN_POINT ( 'NONE',  ( 13.66708532102500762, 10.50000000000000000, -2.029039817531657075 ) ) ;
#3204 = EDGE_CURVE ( 'NONE', #4751, #1578, #2590, .T. ) ;
#3205 = DIRECTION ( 'NONE',  ( 0.000000000000000000, 1.000000000000000000, 0.000000000000000000 ) ) ;
#3206 = CARTESIAN_POINT ( 'NONE',  ( -10.49001974766478185, 10.49999999999999822, -10.30949853321146392 ) ) ;
#3207 = CARTESIAN_POINT ( 'NONE',  ( 0.000000000000000000, 11.00000000000000000, -42.50000000000000711 ) ) ;
#3208 = CARTESIAN_POINT ( 'NONE',  ( 12.82566236031460072, 10.99999999999999822, -6.533560136791872530 ) ) ;
#3209 = CARTESIAN_POINT ( 'NONE',  ( -11.61977425180332624, 11.00000000000000000, -12.74470359688526955 ) ) ;
#3210 = ADVANCED_FACE ( 'NONE', ( #1839, #3093 ), #4360, .F. ) ;
#3211 = VERTEX_POINT ( 'NONE', #4736 ) ;
#3212 = VECTOR ( 'NONE', #3200, 1000.000000000000000 ) ;
#3213 = VERTEX_POINT ( 'NONE', #5128 ) ;
#3214 = VERTEX_POINT ( 'NONE', #3034 ) ;
#3215 = CARTESIAN_POINT ( 'NONE',  ( 21.90256619818814698, 10.50000000000000000, -9.514808364615584324 ) ) ;
#3216 = CARTESIAN_POINT ( 'NONE',  ( -12.14071860205701903, 10.49999999999999645, -17.33434267920868166 ) ) ;
#3217 = CARTESIAN_POINT ( 'NONE',  ( -8.738692753489422316, 10.99999999999999645, 2.751525581173775770 ) ) ;
#3218 = MECHANICAL_DESIGN_GEOMETRIC_PRESENTATION_REPRESENTATION (  '', ( #2685 ), #3128 ) ;
#3219 = DIRECTION ( 'NONE',  ( -0.000000000000000000, -1.000000000000000000, -0.000000000000000000 ) ) ;
#3220 = CARTESIAN_POINT ( 'NONE',  ( 9.986216429993490351, 10.49999999999999822, -11.04923762646875218 ) ) ;
#3221 = CARTESIAN_POINT ( 'NONE',  ( 27.36308831935975405, 11.00000000000000000, -18.12509765625000568 ) ) ;
#3222 = CARTESIAN_POINT ( 'NONE',  ( 16.59789541151695857, 10.99999999999999822, -5.931793051808491590 ) ) ;
#3223 = CARTESIAN_POINT ( 'NONE',  ( -3.341576595500956870, 10.99999999999999822, -10.60533284150762512 ) ) ;
#3224 = ORIENTED_EDGE ( 'NONE', *, *, #2932, .F. ) ;
#3225 = ORIENTED_EDGE ( 'NONE', *, *, #1147, .T. ) ;
#3226 = CARTESIAN_POINT ( 'NONE',  ( -5.566476983095999032, 10.49999999999999822, -11.60747603100392489 ) ) ;
#3227 = CARTESIAN_POINT ( 'NONE',  ( 1.093975135514910546, 10.99999999999999822, -0.5133383138523842648 ) ) ;
#3228 = PLANE ( 'NONE',  #1880 ) ;
#3229 = CARTESIAN_POINT ( 'NONE',  ( 4.272409116397310136, 10.49999999999999289, -12.20630241628764701 ) ) ;
#3230 = CARTESIAN_POINT ( 'NONE',  ( 4.457871722645166734, 11.00000000000000355, 2.338284246098173202 ) ) ;
#3231 = CARTESIAN_POINT ( 'NONE',  ( 10.94325904385575221, 10.99999999999999289, 1.789671086262937028 ) ) ;
#3232 = CARTESIAN_POINT ( 'NONE',  ( 2.965106945503045655, 10.49999999999999822, -3.418711331995527125 ) ) ;
#3233 = CARTESIAN_POINT ( 'NONE',  ( -11.61977425180332624, 10.49999999999999822, -12.74470359688526955 ) ) ;
#3234 = CARTESIAN_POINT ( 'NONE',  ( -10.79920642676702336, 10.99999999999999822, -18.00852547112670976 ) ) ;
#3235 = CARTESIAN_POINT ( 'NONE',  ( -14.20398234859577613, 10.49999999999999822, -11.81804919713655977 ) ) ;
#3236 = CARTESIAN_POINT ( 'NONE',  ( -4.580660489710364658, 10.49999999999999822, -3.418711331995527125 ) ) ;
#3237 = DIRECTION ( 'NONE',  ( -0.9663734014450151566, 0.000000000000000000, -0.2571428571428569509 ) ) ;
#3238 = B_SPLINE_SURFACE_WITH_KNOTS ( 'NONE', 3, 1, ( 
 ( #5136, #5247 ),
 ( #4691, #1791 ),
 ( #3489, #5164 ),
 ( #546, #1366 ),
 ( #3070, #3645 ),
 ( #4471, #1137 ),
 ( #4882, #261 ),
 ( #2783, #2734 ),
 ( #1083, #675 ),
 ( #4498, #3208 ),
 ( #702, #2812 ),
 ( #2370, #312 ),
 ( #1928, #2397 ),
 ( #4089, #623 ),
 ( #5326, #288 ),
 ( #1034, #4447 ),
 ( #4420, #4062 ),
 ( #3622, #1980 ),
 ( #2842, #1956 ) ),
 .UNSPECIFIED., .F., .F., .F.,
 ( 4, 1, 1, 1, 1, 1, 1, 1, 1, 1, 1, 1, 1, 1, 1, 1, 4 ),
 ( 2, 2 ),
 ( 0.000000000000000000, 0.06082912667494302233, 0.1209324760378382158, 0.1812012876559171148, 0.2419971076337059934, 0.3028512023684455379, 0.3645263093678414723, 0.4277714761524340492, 0.4925564755824798358, 0.5574247931074711726, 0.6213468807101306668, 0.6843647913995043464, 0.7468339144776861005, 0.8098250352535552032, 0.8723940506769735093, 0.9360462338189018405, 1.000000000000000000 ),
 ( 0.000000000000000000, 1.000000000000000000 ),
 .UNSPECIFIED. ) ;
#3239 = ORIENTED_EDGE ( 'NONE', *, *, #1601, .T. ) ;
#3240 = ORIENTED_EDGE ( 'NONE', *, *, #4146, .F. ) ;
#3241 = CARTESIAN_POINT ( 'NONE',  ( 57.75000000000000000, 11.00000000000000000, 47.49999999999999289 ) ) ;
#3242 = EDGE_CURVE ( 'NONE', #903, #1372, #3933, .T. ) ;
#3243 = CARTESIAN_POINT ( 'NONE',  ( -14.38174893493905593, 10.49999999999999822, -13.38358649696485081 ) ) ;
#3244 = FACE_OUTER_BOUND ( 'NONE', #4916, .T. ) ;
#3245 = VECTOR ( 'NONE', #4273, 1000.000000000000000 ) ;
#3246 = CARTESIAN_POINT ( 'NONE',  ( 7.546305190980245214, 10.99999999999999822, 0.4799310649372338089 ) ) ;
#3247 = CARTESIAN_POINT ( 'NONE',  ( -4.902852570092411710, 10.99999999999999822, 1.789671086262937028 ) ) ;
#3248 = EDGE_CURVE ( 'NONE', #5224, #2567, #1822, .T. ) ;
#3249 = DIRECTION ( 'NONE',  ( -0.000000000000000000, 1.000000000000000000, -0.000000000000000000 ) ) ;
#3250 = CARTESIAN_POINT ( 'NONE',  ( 22.22337166163041999, 11.00000000000000000, -13.80869067889773127 ) ) ;
#3251 = AXIS2_PLACEMENT_3D ( 'NONE', #2489, #3767, #1733 ) ;
#3252 = CARTESIAN_POINT ( 'NONE',  ( 9.384100635275075319, 10.49999999999999822, -15.38867703849071944 ) ) ;
#3253 = VERTEX_POINT ( 'NONE', #3949 ) ;
#3254 = CARTESIAN_POINT ( 'NONE',  ( -5.137018976569611262, 11.00000000000000178, -8.503546105649242293 ) ) ;
#3255 = DIRECTION ( 'NONE',  ( 0.000000000000000000, 0.000000000000000000, -1.000000000000000000 ) ) ;
#3256 = CARTESIAN_POINT ( 'NONE',  ( -53.83162243992889984, -11.00000000000000000, 35.27853249633628963 ) ) ;
#3257 = FACE_OUTER_BOUND ( 'NONE', #4065, .T. ) ;
#3258 = CARTESIAN_POINT ( 'NONE',  ( 0.4511915026466137846, 10.99999999999999822, -3.142136274207345092 ) ) ;
#3259 = CARTESIAN_POINT ( 'NONE',  ( -11.27480864682426898, 10.49999999999999467, -11.31419322818666906 ) ) ;
#3260 = VECTOR ( 'NONE', #427, 1000.000000000000000 ) ;
#3261 = DIRECTION ( 'NONE',  ( -1.000000000000000000, 0.000000000000000000, 2.168404344971007882E-16 ) ) ;
#3262 = CARTESIAN_POINT ( 'NONE',  ( -11.27480864682426898, 10.49999999999999467, -11.31419322818666906 ) ) ;
#3263 = CARTESIAN_POINT ( 'NONE',  ( -8.487167172315642105, 11.00000000000000000, -18.37662323742378234 ) ) ;
#3264 = CARTESIAN_POINT ( 'NONE',  ( -13.16617524452111354, 10.99999999999999822, -10.02557137634362228 ) ) ;
#3265 = LINE ( 'NONE', #4827, #1829 ) ;
#3266 = CARTESIAN_POINT ( 'NONE',  ( -2.568455840320120309, 11.00000000000000000, -13.14567716645032114 ) ) ;
#3267 = VERTEX_POINT ( 'NONE', #1001 ) ;
#3268 = ORIENTED_EDGE ( 'NONE', *, *, #385, .F. ) ;
#3269 = ORIENTED_EDGE ( 'NONE', *, *, #4429, .F. ) ;
#3270 = CARTESIAN_POINT ( 'NONE',  ( -44.26142857142856002, 4.009999999999999787, 13.35379335568629777 ) ) ;
#3271 = CARTESIAN_POINT ( 'NONE',  ( -14.36513840702688505, 10.49999999999999822, -13.85352298539071114 ) ) ;
#3272 = CARTESIAN_POINT ( 'NONE',  ( -15.28527313703138546, 10.50000000000000000, -2.034560898765712444 ) ) ;
#3273 = B_SPLINE_SURFACE_WITH_KNOTS ( 'NONE', 3, 1, ( 
 ( #4021, #2745 ),
 ( #636, #561 ),
 ( #3580, #1070 ),
 ( #2330, #3114 ),
 ( #3504, #1885 ),
 ( #1859, #613 ),
 ( #4868, #4408 ),
 ( #5179, #2251 ),
 ( #994, #1911 ),
 ( #2669, #3970 ),
 ( #2694, #2304 ),
 ( #5234, #584 ),
 ( #167, #4840 ),
 ( #1490, #2773 ),
 ( #3556, #1437 ) ),
 .UNSPECIFIED., .F., .F., .F.,
 ( 4, 1, 1, 1, 1, 1, 1, 1, 1, 1, 1, 1, 4 ),
 ( 2, 2 ),
 ( 0.000000000000000000, 0.1180616911423355841, 0.2415543661384732810, 0.3700936474448267566, 0.5042582208731574145, 0.5717749858486672609, 0.6379165776451219960, 0.7022395424161440580, 0.7648856883491407244, 0.8260713965883936805, 0.8854932271062561089, 0.9436073806333690195, 1.000000000000000000 ),
 ( 0.000000000000000000, 1.000000000000000000 ),
 .UNSPECIFIED. ) ;
#3274 = ADVANCED_FACE ( 'NONE', ( #2700 ), #64, .F. ) ;
#3275 = CARTESIAN_POINT ( 'NONE',  ( 11.26545112423780104, 11.00000000000000000, -3.418711331995527125 ) ) ;
#3276 = CARTESIAN_POINT ( 'NONE',  ( -14.36513840702688505, 10.49999999999999822, -13.85352298539071114 ) ) ;
#3277 = LINE ( 'NONE', #2880, #1297 ) ;
#3278 = DIRECTION ( 'NONE',  ( 0.000000000000000000, 0.000000000000000000, 1.000000000000000000 ) ) ;
#3279 = CARTESIAN_POINT ( 'NONE',  ( 4.427099386075644460, 11.00000000000000000, -8.669307838998195237 ) ) ;
#3280 = ADVANCED_FACE ( 'NONE', ( #2201 ), #2284, .T. ) ;
#3281 = DIRECTION ( 'NONE',  ( 0.000000000000000000, 0.000000000000000000, -1.000000000000000000 ) ) ;
#3282 = EDGE_LOOP ( 'NONE', ( #490, #1650, #3730, #3198 ) ) ;
#3283 = PLANE ( 'NONE',  #5052 ) ;
#3284 = CARTESIAN_POINT ( 'NONE',  ( 10.98908511191957338, 10.99999999999999822, -9.058449755318722652 ) ) ;
#3285 = CARTESIAN_POINT ( 'NONE',  ( 6.138678354703635875, 10.49999999999999645, -9.812354233471433318 ) ) ;
#3286 = CARTESIAN_POINT ( 'NONE',  ( -5.225986084919653329, 11.00000000000000178, -1.171297859410754594 ) ) ;
#3287 = CARTESIAN_POINT ( 'NONE',  ( 57.75000000000000000, 11.00000000000000000, 47.49999999999999289 ) ) ;
#3288 = CARTESIAN_POINT ( 'NONE',  ( -10.93015769469763221, 10.99999999999999467, -10.78248381255061794 ) ) ;
#3289 = CARTESIAN_POINT ( 'NONE',  ( 27.36308831935975405, 11.00000000000000000, -2.278986042301834214 ) ) ;
#3290 = CARTESIAN_POINT ( 'NONE',  ( -46.48999999999999488, -11.00000000000000000, 10.45467315135125475 ) ) ;
#3291 = CARTESIAN_POINT ( 'NONE',  ( 5.333917168323369040, 11.00000000000000355, -15.40425483444233201 ) ) ;
#3292 = CARTESIAN_POINT ( 'NONE',  ( -45.49500000000009692, -11.00000000000000000, -45.49499999999989086 ) ) ;
#3293 = ORIENTED_EDGE ( 'NONE', *, *, #1082, .F. ) ;
#3294 = VERTEX_POINT ( 'NONE', #4274 ) ;
#3295 = CARTESIAN_POINT ( 'NONE',  ( 20.18830411945372205, 11.00000000000000000, -7.093933189739169087 ) ) ;
#3296 = CARTESIAN_POINT ( 'NONE',  ( 49.75000000000000711, 5.999999999999998224, 17.49999999999999645 ) ) ;
#3297 = PLANE ( 'NONE',  #1478 ) ;
#3298 = AXIS2_PLACEMENT_3D ( 'NONE', #382, #3801, #4698 ) ;
#3299 = VERTEX_POINT ( 'NONE', #477 ) ;
#3300 = CARTESIAN_POINT ( 'NONE',  ( 10.98206936143178325, 11.00000000000000178, -1.843477361791921343 ) ) ;
#3301 = DIRECTION ( 'NONE',  ( 0.000000000000000000, 0.000000000000000000, 1.000000000000000000 ) ) ;
#3302 = CARTESIAN_POINT ( 'NONE',  ( -12.73330932293047368, 11.00000000000000178, -2.190147522269449532 ) ) ;
#3303 = VECTOR ( 'NONE', #524, 1000.000000000000000 ) ;
#3304 = ADVANCED_FACE ( 'NONE', ( #1757 ), #4072, .T. ) ;
#3305 = CARTESIAN_POINT ( 'NONE',  ( 9.686587398444782337, 11.00000000000000178, -18.01012274321597673 ) ) ;
#3306 = B_SPLINE_CURVE_WITH_KNOTS ( 'NONE', 3,
 ( #1600, #5391, #2853, #4565, #3305, #273, #3633, #2797, #4950, #4896, #357, #1966, #4927, #3658, #3688 ),
 .UNSPECIFIED., .F., .F.,
 ( 4, 1, 1, 1, 1, 1, 1, 1, 1, 1, 1, 1, 4 ),
 ( 0.000000000000000000, 0.09194495275363001596, 0.1813385907875331715, 0.2680898998799915445, 0.3547633187985866909, 0.4396220231915048404, 0.5210107517801335630, 0.6010631916076488723, 0.6811168721639224710, 0.7606889457257565157, 0.8395123044146364233, 0.9187065157815366145, 1.000000000000000000 ),
 .UNSPECIFIED. ) ;
#3307 = CARTESIAN_POINT ( 'NONE',  ( 1.558913121451175776, 11.00000000000000000, -6.546877240267219733 ) ) ;
#3308 = CARTESIAN_POINT ( 'NONE',  ( 49.75000000000000000, 5.999999999999998224, -7.500000000000007105 ) ) ;
#3309 = LINE ( 'NONE', #5426, #1338 ) ;
#3310 = LINE ( 'NONE', #2442, #2681 ) ;
#3311 = DIRECTION ( 'NONE',  ( 0.000000000000000000, -1.000000000000000000, 0.000000000000000000 ) ) ;
#3312 = EDGE_CURVE ( 'NONE', #3299, #435, #4413, .T. ) ;
#3313 = CARTESIAN_POINT ( 'NONE',  ( -5.034973093452436821, 11.00000000000000178, -5.274889234346052724 ) ) ;
#3314 = CARTESIAN_POINT ( 'NONE',  ( -11.50334558288039943, 10.49999999999999467, -13.84025147954371171 ) ) ;
#3315 = CARTESIAN_POINT ( 'NONE',  ( 2.244310921606810894, 10.99999999999999645, -10.58602604877687092 ) ) ;
#3316 = CARTESIAN_POINT ( 'NONE',  ( 3.826964278299896716, 10.99999999999999822, -0.8514463652335977351 ) ) ;
#3317 = CARTESIAN_POINT ( 'NONE',  ( 4.088859907984618403, 10.49999999999999822, -0.5711074751799869453 ) ) ;
#3318 = DIRECTION ( 'NONE',  ( 0.000000000000000000, 0.000000000000000000, 1.000000000000000000 ) ) ;
#3319 = DIRECTION ( 'NONE',  ( 1.000000000000000000, 0.000000000000000000, 0.000000000000000000 ) ) ;
#3320 = CARTESIAN_POINT ( 'NONE',  ( -9.049800250649200350, 10.99999999999999822, 2.743347617036439257 ) ) ;
#3321 = EDGE_LOOP ( 'NONE', ( #3751, #3981 ) ) ;
#3322 = ORIENTED_EDGE ( 'NONE', *, *, #209, .F. ) ;
#3323 = FACE_OUTER_BOUND ( 'NONE', #3939, .T. ) ;
#3324 = DIRECTION ( 'NONE',  ( -0.000000000000000000, 1.000000000000000000, -0.000000000000000000 ) ) ;
#3325 = LINE ( 'NONE', #2068, #590 ) ;
#3326 = CARTESIAN_POINT ( 'NONE',  ( -10.73949917638801210, 10.99999999999999645, -15.18795678384890380 ) ) ;
#3327 = CARTESIAN_POINT ( 'NONE',  ( 8.382432723667818664, 10.99999999999999645, 0.3407731624115371560 ) ) ;
#3328 =( LENGTH_UNIT ( ) NAMED_UNIT ( * ) SI_UNIT ( .MILLI., .METRE. ) );
#3329 = AXIS2_PLACEMENT_3D ( 'NONE', #3510, #974, #2257 ) ;
#3330 = CARTESIAN_POINT ( 'NONE',  ( -13.69033926694337922, 10.49999999999999289, -7.235885548180277738 ) ) ;
#3331 = CARTESIAN_POINT ( 'NONE',  ( 19.15519832662069533, 11.00000000000000178, -9.259068790572730023 ) ) ;
#3332 = CARTESIAN_POINT ( 'NONE',  ( 2.480948251552776984, 11.00000000000000000, -7.546610292775177697 ) ) ;
#3333 = VERTEX_POINT ( 'NONE', #1104 ) ;
#3334 = EDGE_CURVE ( 'NONE', #1742, #3040, #4933, .T. ) ;
#3335 = CARTESIAN_POINT ( 'NONE',  ( 4.730768312781559182, 11.00000000000000355, -11.04310857290538017 ) ) ;
#3336 = VERTEX_POINT ( 'NONE', #1949 ) ;
#3337 = DIRECTION ( 'NONE',  ( 0.000000000000000000, -1.000000000000000000, 0.000000000000000000 ) ) ;
#3338 = CARTESIAN_POINT ( 'NONE',  ( -8.168906009434865112, 11.00000000000000178, -16.10326152587798276 ) ) ;
#3339 = CARTESIAN_POINT ( 'NONE',  ( -38.48999999999999488, 4.009999999999998899, -15.67000000000001059 ) ) ;
#3340 = AXIS2_PLACEMENT_3D ( 'NONE', #1621, #3383, #4173 ) ;
#3341 = CARTESIAN_POINT ( 'NONE',  ( -7.882916982276785944, 10.99999999999999645, -7.244750884826813397 ) ) ;
#3342 = VECTOR ( 'NONE', #3117, 1000.000000000000000 ) ;
#3343 = EDGE_CURVE ( 'NONE', #1372, #5356, #173, .T. ) ;
#3344 = CARTESIAN_POINT ( 'NONE',  ( 6.112430006587896258, 10.50000000000000000, -15.88601282060331243 ) ) ;
#3345 = CARTESIAN_POINT ( 'NONE',  ( -2.300283664025576602, 10.99999999999999822, -4.975228648934434617 ) ) ;
#3346 = CARTESIAN_POINT ( 'NONE',  ( 7.103488773252902178, 11.00000000000000000, 0.4877953506097513769 ) ) ;
#3347 = AXIS2_PLACEMENT_3D ( 'NONE', #1185, #1158, #5461 ) ;
#3348 = CARTESIAN_POINT ( 'NONE',  ( 5.047846631491338165, 10.50000000000000000, 0.07818082849657725930 ) ) ;
#3349 = LINE ( 'NONE', #10, #2445 ) ;
#3350 = CARTESIAN_POINT ( 'NONE',  ( 11.06398913650108362, 11.00000000000000000, -8.299799974393950563 ) ) ;
#3351 = CARTESIAN_POINT ( 'NONE',  ( -14.75213647843325226, 10.49999999999999822, -0.5133383138523840428 ) ) ;
#3352 = ADVANCED_FACE ( 'NONE', ( #3639 ), #1050, .T. ) ;
#3353 = ORIENTED_EDGE ( 'NONE', *, *, #2150, .T. ) ;
#3354 = EDGE_LOOP ( 'NONE', ( #4372, #3293, #4568, #1617 ) ) ;
#3355 = ORIENTED_EDGE ( 'NONE', *, *, #1939, .T. ) ;
#3356 = CARTESIAN_POINT ( 'NONE',  ( 11.10805164627719677, 10.99999999999999467, -4.579147110536277765 ) ) ;
#3357 = CARTESIAN_POINT ( 'NONE',  ( 8.930321907202795728, 11.00000000000000000, 2.576386256382621198 ) ) ;
#3358 = CARTESIAN_POINT ( 'NONE',  ( -7.581648846042853052, 10.99999999999999822, -9.706889741360321011 ) ) ;
#3359 = DIRECTION ( 'NONE',  ( 0.000000000000000000, 0.000000000000000000, 1.000000000000000000 ) ) ;
#3360 = CARTESIAN_POINT ( 'NONE',  ( 8.382432723667818664, 10.49999999999999467, 0.3407731624115371560 ) ) ;
#3361 = CARTESIAN_POINT ( 'NONE',  ( -8.742622840695263520, 10.99999999999999645, 0.4877953506097513769 ) ) ;
#3362 = CARTESIAN_POINT ( 'NONE',  ( -11.84700925831962870, 10.49999999999999645, -8.502799618723182462 ) ) ;
#3363 = CARTESIAN_POINT ( 'NONE',  ( 1.465838625997278655, 10.49999999999999822, -12.92080182030208313 ) ) ;
#3364 = CARTESIAN_POINT ( 'NONE',  ( 49.75000000000000000, -11.00000000000000000, -29.20000000000000284 ) ) ;
#3365 = DIRECTION ( 'NONE',  ( -0.000000000000000000, 1.000000000000000000, -0.000000000000000000 ) ) ;
#3366 = ORIENTED_EDGE ( 'NONE', *, *, #649, .T. ) ;
#3367 = CARTESIAN_POINT ( 'NONE',  ( 0.000000000000000000, -11.00000000000000000, 0.000000000000000000 ) ) ;
#3368 = CARTESIAN_POINT ( 'NONE',  ( -7.247658271430918120, 10.99999999999999822, -15.88302372740492707 ) ) ;
#3369 = CARTESIAN_POINT ( 'NONE',  ( 7.020923605851479010, 11.00000000000000000, -16.10364621115622441 ) ) ;
#3370 = CARTESIAN_POINT ( 'NONE',  ( 7.107418860458743382, 10.99999999999999467, 2.751525581173775770 ) ) ;
#3371 = CARTESIAN_POINT ( 'NONE',  ( 5.333917168323369040, 10.50000000000000178, -15.40425483444233201 ) ) ;
#3372 = CARTESIAN_POINT ( 'NONE',  ( -2.797463956865952284, 10.50000000000000000, -6.158099620611373837 ) ) ;
#3373 = CARTESIAN_POINT ( 'NONE',  ( 7.107418860458743382, 10.49999999999999822, 2.751525581173775770 ) ) ;
#3374 = CARTESIAN_POINT ( 'NONE',  ( 5.578832377030392031, 10.49999999999999822, -15.59384789299877916 ) ) ;
#3375 = EDGE_CURVE ( 'NONE', #3106, #106, #2310, .T. ) ;
#3376 = LINE ( 'NONE', #1192, #3260 ) ;
#3377 = CARTESIAN_POINT ( 'NONE',  ( -15.34327694258612951, 10.49999999999999822, -2.442923343712541495 ) ) ;
#3378 = VERTEX_POINT ( 'NONE', #4465 ) ;
#3379 = VERTEX_POINT ( 'NONE', #3977 ) ;
#3380 = ORIENTED_EDGE ( 'NONE', *, *, #3641, .F. ) ;
#3381 = CARTESIAN_POINT ( 'NONE',  ( 8.754585614650697067, 10.99999999999998934, -7.039217158661793761 ) ) ;
#3382 = CARTESIAN_POINT ( 'NONE',  ( 9.777448197506885208, 11.00000000000000178, 2.337455891084453619 ) ) ;
#3383 = DIRECTION ( 'NONE',  ( -1.000000000000000000, 0.000000000000000000, 0.000000000000000000 ) ) ;
#3384 = ADVANCED_FACE ( 'NONE', ( #200, #4440, #2751 ), #4083, .T. ) ;
#3385 = ORIENTED_EDGE ( 'NONE', *, *, #893, .T. ) ;
#3386 = CARTESIAN_POINT ( 'NONE',  ( -11.62337676257621943, 10.49999999999999822, -12.85485071321813422 ) ) ;
#3387 = EDGE_LOOP ( 'NONE', ( #2109, #3355, #2967, #4437 ) ) ;
#3388 = CARTESIAN_POINT ( 'NONE',  ( 5.046905187181141450, 10.49999999999999645, -18.00852547112670266 ) ) ;
#3389 = ORIENTED_EDGE ( 'NONE', *, *, #1754, .F. ) ;
#3390 = CARTESIAN_POINT ( 'NONE',  ( 27.36308831935975405, 10.49999999999999822, -4.542716272865859217 ) ) ;
#3391 = PLANE ( 'NONE',  #5102 ) ;
#3392 = EDGE_CURVE ( 'NONE', #4664, #1796, #4028, .T. ) ;
#3393 = CARTESIAN_POINT ( 'NONE',  ( 7.998767458855372325, 10.99999999999999112, -16.05987475837657641 ) ) ;
#3394 = CARTESIAN_POINT ( 'NONE',  ( -21.66318939216317219, 11.00000000000000178, -14.54118515674144696 ) ) ;
#3395 = ORIENTED_EDGE ( 'NONE', *, *, #4523, .T. ) ;
#3396 = CARTESIAN_POINT ( 'NONE',  ( 10.09079787098468728, 10.99999999999999822, -6.190343134507637401 ) ) ;
#3397 = DIRECTION ( 'NONE',  ( -0.9663734014450150456, 0.000000000000000000, -0.2571428571428568954 ) ) ;
#3398 = CARTESIAN_POINT ( 'NONE',  ( 2.969022327907592462, 11.00000000000000000, -3.556463577811508348 ) ) ;
#3399 = FACE_OUTER_BOUND ( 'NONE', #30, .T. ) ;
#3400 = CARTESIAN_POINT ( 'NONE',  ( 4.562525941684092423, 10.50000000000000000, -14.42597190878089819 ) ) ;
#3401 = CARTESIAN_POINT ( 'NONE',  ( -2.599744469298208571, 10.99999999999999645, -5.773079072421753999 ) ) ;
#3402 = DIRECTION ( 'NONE',  ( 0.000000000000000000, 0.000000000000000000, -1.000000000000000000 ) ) ;
#3403 = CARTESIAN_POINT ( 'NONE',  ( 4.899242635786349886, 11.00000000000000000, -14.95024855341479686 ) ) ;
#3404 = CYLINDRICAL_SURFACE ( 'NONE', #238, 5.499999999999991118 ) ;
#3405 = CARTESIAN_POINT ( 'NONE',  ( -12.89640360074225711, 11.00000000000000178, 1.584561690811185253 ) ) ;
#3406 = ORIENTED_EDGE ( 'NONE', *, *, #527, .F. ) ;
#3407 = ORIENTED_EDGE ( 'NONE', *, *, #446, .F. ) ;
#3408 = CARTESIAN_POINT ( 'NONE',  ( 0.6001839944510777292, 11.00000000000000178, -4.574844915785841515 ) ) ;
#3409 = DIRECTION ( 'NONE',  ( 0.000000000000000000, 1.000000000000000000, -0.000000000000000000 ) ) ;
#3410 = CARTESIAN_POINT ( 'NONE',  ( -6.051164788910694092, 11.00000000000000000, -10.78670423515860044 ) ) ;
#3411 = CARTESIAN_POINT ( 'NONE',  ( -22.08945872027199542, 11.00000000000000355, -8.518246869971722646 ) ) ;
#3412 = B_SPLINE_SURFACE_WITH_KNOTS ( 'NONE', 3, 1, ( 
 ( #3660, #2409 ),
 ( #5421, #4625 ),
 ( #4182, #4952 ),
 ( #2076, #1150 ),
 ( #3721, #4128 ),
 ( #3774, #2469 ),
 ( #5454, #330 ),
 ( #713, #2048 ),
 ( #1238, #3748 ),
 ( #5341, #1548 ),
 ( #3252, #1629 ),
 ( #4928, #2830 ),
 ( #4512, #4103 ),
 ( #301, #5065 ),
 ( #2663, #5118 ),
 ( #4347, #3393 ),
 ( #526, #5146 ),
 ( #2218, #2107 ),
 ( #3417, #3910 ) ),
 .UNSPECIFIED., .F., .F., .F.,
 ( 4, 1, 1, 1, 1, 1, 1, 1, 1, 1, 1, 1, 1, 1, 1, 1, 4 ),
 ( 2, 2 ),
 ( 0.000000000000000000, 0.06596427035581162168, 0.1300009784614494512, 0.1920551155487432715, 0.2540753498854391168, 0.3144458664363211087, 0.3762720141311185484, 0.4380008896642027527, 0.5017366010006812926, 0.5647945813087883460, 0.6266644515823620587, 0.6873080831125569778, 0.7476337904000011081, 0.8084357606632246451, 0.8706687911889710030, 0.9340357296441886836, 1.000000000000000000 ),
 ( 0.000000000000000000, 1.000000000000000000 ),
 .UNSPECIFIED. ) ;
#3413 = ADVANCED_FACE ( 'NONE', ( #307 ), #4109, .T. ) ;
#3414 = CARTESIAN_POINT ( 'NONE',  ( 2.209968091367267462, 10.50000000000000178, -15.81288761633181394 ) ) ;
#3415 = CARTESIAN_POINT ( 'NONE',  ( 7.107418860458743382, 10.49999999999999822, 2.751525581173775770 ) ) ;
#3416 = CARTESIAN_POINT ( 'NONE',  ( 0.6001839944510777292, 10.50000000000000000, -4.574844915785841515 ) ) ;
#3417 = CARTESIAN_POINT ( 'NONE',  ( 7.347154180015002645, 10.49999999999999822, -16.11289300685976400 ) ) ;
#3418 = EDGE_CURVE ( 'NONE', #3465, #1428, #352, .T. ) ;
#3419 = CARTESIAN_POINT ( 'NONE',  ( -7.876811856382237131, 10.99999999999999822, -9.625573844668560142 ) ) ;
#3420 = ORIENTED_EDGE ( 'NONE', *, *, #5153, .T. ) ;
#3421 = CARTESIAN_POINT ( 'NONE',  ( -5.483752975869402135, 10.50000000000000178, -5.901698698242014096 ) ) ;
#3422 = CARTESIAN_POINT ( 'NONE',  ( -5.552773587290121604, 11.00000000000000000, -14.11587401557059351 ) ) ;
#3423 = CIRCLE ( 'NONE', #1727, 3.300000000000004263 ) ;
#3424 = CARTESIAN_POINT ( 'NONE',  ( 9.084994200334234549, 11.00000000000000000, -10.11855804556955363 ) ) ;
#3425 = CARTESIAN_POINT ( 'NONE',  ( 21.04455083613927968, 10.49999999999999822, -11.98691125136641844 ) ) ;
#3426 = CARTESIAN_POINT ( 'NONE',  ( -3.265244655254746053, 10.49999999999999822, -6.893554023753674542 ) ) ;
#3427 = DIRECTION ( 'NONE',  ( -0.6246950475544245096, 0.000000000000000000, -0.7808688094430301652 ) ) ;
#3428 = CARTESIAN_POINT ( 'NONE',  ( -8.498957433933163941, 10.49999999999999822, -16.11289300685976400 ) ) ;
#3429 = VECTOR ( 'NONE', #1103, 1000.000000000000000 ) ;
#3430 = CARTESIAN_POINT ( 'NONE',  ( -15.18736506849245238, 10.49999999999999645, -1.639276634863752857 ) ) ;
#3431 = DIRECTION ( 'NONE',  ( 0.000000000000000000, 0.000000000000000000, -1.000000000000000000 ) ) ;
#3432 = ORIENTED_EDGE ( 'NONE', *, *, #4951, .T. ) ;
#3433 = VERTEX_POINT ( 'NONE', #1420 ) ;
#3434 = CARTESIAN_POINT ( 'NONE',  ( 9.789180720635432209, 10.49999999999999822, -6.453961277063840818 ) ) ;
#3435 = CIRCLE ( 'NONE', #1745, 5.499999999999991118 ) ;
#3436 = CARTESIAN_POINT ( 'NONE',  ( 10.94325904385575221, 10.99999999999999822, 1.789671086262937028 ) ) ;
#3437 = FACE_OUTER_BOUND ( 'NONE', #3573, .T. ) ;
#3438 = ORIENTED_EDGE ( 'NONE', *, *, #2731, .F. ) ;
#3439 = CARTESIAN_POINT ( 'NONE',  ( -11.61969942010624735, 10.99999999999999467, -12.96890742630764670 ) ) ;
#3440 = VECTOR ( 'NONE', #2796, 1000.000000000000114 ) ;
#3441 = VERTEX_POINT ( 'NONE', #3124 ) ;
#3442 = ORIENTED_EDGE ( 'NONE', *, *, #483, .T. ) ;
#3443 = PLANE ( 'NONE',  #4126 ) ;
#3444 = CARTESIAN_POINT ( 'NONE',  ( -11.75725170596355440, 11.00000000000000355, -0.5711074751799876115 ) ) ;
#3445 = CARTESIAN_POINT ( 'NONE',  ( -6.383602297965681238, 10.49999999999999822, -6.681204552571068156 ) ) ;
#3446 = ADVANCED_FACE ( 'NONE', ( #4795 ), #1004, .F. ) ;
#3447 = CARTESIAN_POINT ( 'NONE',  ( -6.159524215503388689, 10.50000000000000000, -18.01012274321597673 ) ) ;
#3448 = CARTESIAN_POINT ( 'NONE',  ( -7.019519850174936515, 10.50000000000000355, -9.945638745238213119 ) ) ;
#3449 = ORIENTED_EDGE ( 'NONE', *, *, #3073, .T. ) ;
#3450 = CARTESIAN_POINT ( 'NONE',  ( -4.648792731451961480, 11.00000000000000000, -4.205637562895960357 ) ) ;
#3451 = CARTESIAN_POINT ( 'NONE',  ( -6.970526763520404678, 11.00000000000000000, -15.74858434164173460 ) ) ;
#3452 = EDGE_CURVE ( 'NONE', #2711, #3492, #5439, .T. ) ;
#3453 = CARTESIAN_POINT ( 'NONE',  ( 9.794946825037472493, 11.00000000000000000, -10.78670423515860044 ) ) ;
#3454 = FACE_OUTER_BOUND ( 'NONE', #491, .T. ) ;
#3455 = LINE ( 'NONE', #1781, #3245 ) ;
#3456 = CARTESIAN_POINT ( 'NONE',  ( 7.103488773252902178, 10.49999999999999822, 0.4877953506097513769 ) ) ;
#3457 = CARTESIAN_POINT ( 'NONE',  ( 12.02953942748805005, 10.99999999999999822, -7.536463987655458219 ) ) ;
#3458 = CARTESIAN_POINT ( 'NONE',  ( -11.08901061242745278, 11.00000000000000000, -6.697761877761579719 ) ) ;
#3459 = CARTESIAN_POINT ( 'NONE',  ( 5.846086660091438958, 11.00000000000000178, -7.163151700223891361 ) ) ;
#3460 = ORIENTED_EDGE ( 'NONE', *, *, #959, .F. ) ;
#3461 = ORIENTED_EDGE ( 'NONE', *, *, #3204, .T. ) ;
#3462 = CARTESIAN_POINT ( 'NONE',  ( -5.346242428333004781, 10.49999999999999822, -13.18588002814276905 ) ) ;
#3463 = CARTESIAN_POINT ( 'NONE',  ( 49.75000000000000000, 5.999999999999998224, -35.80000000000001137 ) ) ;
#3464 = CARTESIAN_POINT ( 'NONE',  ( 11.03397978858162709, 10.50000000000000000, -17.34253210853336924 ) ) ;
#3465 = VERTEX_POINT ( 'NONE', #894 ) ;
#3466 = CARTESIAN_POINT ( 'NONE',  ( -26.56947731855995798, 11.00000000000000000, -3.557146395000143624 ) ) ;
#3467 = PLANE ( 'NONE',  #2360 ) ;
#3468 = CARTESIAN_POINT ( 'NONE',  ( -54.34590815421461940, 11.00000000000000000, 32.32294284212485991 ) ) ;
#3469 = CARTESIAN_POINT ( 'NONE',  ( -4.580660489710364658, 11.00000000000000000, -3.418711331995527125 ) ) ;
#3470 = DIRECTION ( 'NONE',  ( -0.000000000000000000, 1.000000000000000000, -0.000000000000000000 ) ) ;
#3471 = CARTESIAN_POINT ( 'NONE',  ( -7.295545767906344459, 10.99999999999999467, -9.811679966736745584 ) ) ;
#3472 = ORIENTED_EDGE ( 'NONE', *, *, #2142, .F. ) ;
#3473 = CARTESIAN_POINT ( 'NONE',  ( -4.584643313799783293, 11.00000000000000178, -3.552527687885102647 ) ) ;
#3474 = EDGE_CURVE ( 'NONE', #2049, #75, #542, .T. ) ;
#3475 = CARTESIAN_POINT ( 'NONE',  ( 3.414362383723994032, 11.00000000000000355, -5.307616457347453576 ) ) ;
#3476 = CARTESIAN_POINT ( 'NONE',  ( 7.347154180015002645, 11.00000000000000000, -9.573227896341467869 ) ) ;
#3477 = CARTESIAN_POINT ( 'NONE',  ( -24.76453903769549214, 11.00000000000000178, -0.4475561541894337303 ) ) ;
#3478 = CARTESIAN_POINT ( 'NONE',  ( -12.72451500322007334, 10.50000000000000000, -4.605572289327449553 ) ) ;
#3479 = ADVANCED_FACE ( 'NONE', ( #1333 ), #5345, .T. ) ;
#3480 = CARTESIAN_POINT ( 'NONE',  ( 5.802697162480762394, 10.99999999999999645, 0.3474155163753753217 ) ) ;
#3481 = VECTOR ( 'NONE', #1933, 1000.000000000000000 ) ;
#3482 = CARTESIAN_POINT ( 'NONE',  ( -6.903502939772661939, 10.49999999999999822, -18.22436116523296690 ) ) ;
#3483 = CARTESIAN_POINT ( 'NONE',  ( 30.38139529344512013, 11.00000000000000000, -4.542716272865859217 ) ) ;
#3484 = DIRECTION ( 'NONE',  ( 0.000000000000000000, 0.000000000000000000, 1.000000000000000000 ) ) ;
#3485 = ORIENTED_EDGE ( 'NONE', *, *, #4788, .T. ) ;
#3486 = ADVANCED_FACE ( 'NONE', ( #1499 ), #2313, .F. ) ;
#3487 = ORIENTED_EDGE ( 'NONE', *, *, #2664, .T. ) ;
#3488 = CARTESIAN_POINT ( 'NONE',  ( 7.540096538838360729, 10.50000000000000000, -7.302860428163598705 ) ) ;
#3489 = CARTESIAN_POINT ( 'NONE',  ( 10.70909263737855532, 10.50000000000000000, -8.503546105649242293 ) ) ;
#3490 = CARTESIAN_POINT ( 'NONE',  ( -10.79826498245683020, 10.49999999999999822, 0.07818082849657750910 ) ) ;
#3491 = CARTESIAN_POINT ( 'NONE',  ( -25.75256131973605278, 10.49999999999999822, -5.827076670690746418 ) ) ;
#3492 = VERTEX_POINT ( 'NONE', #1475 ) ;
#3493 = EDGE_LOOP ( 'NONE', ( #4638, #5321, #1931, #606, #2289, #2619, #16, #1322 ) ) ;
#3494 = DIRECTION ( 'NONE',  ( -0.000000000000000000, 1.000000000000000000, -0.000000000000000000 ) ) ;
#3495 = CARTESIAN_POINT ( 'NONE',  ( 49.75000000000000000, -2.499999999999998668, -7.500000000000007105 ) ) ;
#3496 = CARTESIAN_POINT ( 'NONE',  ( -11.41901222787252301, 10.49999999999999822, -8.669307838998195237 ) ) ;
#3497 = B_SPLINE_CURVE_WITH_KNOTS ( 'NONE', 3,
 ( #1706, #3874, #3845, #5025, #3408, #1255, #5080, #1280, #2570, #455, #5051, #2986, #2960, #4996, #4665, #376, #3765, #1198, #5473 ),
 .UNSPECIFIED., .F., .F.,
 ( 4, 1, 1, 1, 1, 1, 1, 1, 1, 1, 1, 1, 1, 1, 1, 1, 4 ),
 ( 0.000000000000000000, 0.06127799588891228583, 0.1224540833441316451, 0.1827203919431279466, 0.2425914741440298450, 0.3035507525742406343, 0.3647467379280037170, 0.4275722839410223686, 0.4918442664612444060, 0.5566374231247608328, 0.6202549241043134876, 0.6830925805991634459, 0.7459035909517830465, 0.8081866149769404428, 0.8714875612882643230, 0.9351504973674351628, 0.9999999999999998890 ),
 .UNSPECIFIED. ) ;
#3498 = CARTESIAN_POINT ( 'NONE',  ( -25.26863954125381184, 10.49999999999999822, 2.499999999999995115 ) ) ;
#3499 = CARTESIAN_POINT ( 'NONE',  ( 57.75000000000000000, 11.00000000000000000, 37.50000000000001421 ) ) ;
#3500 = VERTEX_POINT ( 'NONE', #2366 ) ;
#3501 = CARTESIAN_POINT ( 'NONE',  ( -5.240090821449203240, 10.49999999999999645, -5.597361666110450606 ) ) ;
#3502 = B_SPLINE_CURVE_WITH_KNOTS ( 'NONE', 3,
 ( #3943, #1044, #2355, #4379, #3610, #4761, #3996, #4049, #4811, #4460, #1805 ),
 .UNSPECIFIED., .F., .F.,
 ( 4, 1, 1, 1, 1, 1, 1, 1, 4 ),
 ( 0.000000000000000000, 0.1177802745702745679, 0.2355024085973924097, 0.3541925801242353233, 0.4772718442520123561, 0.6035651148044751668, 0.7306535158806914954, 0.8630173949212399664, 0.9999999999999998890 ),
 .UNSPECIFIED. ) ;
#3503 = CARTESIAN_POINT ( 'NONE',  ( -21.66318939216317219, 10.50000000000000000, -14.54118515674144696 ) ) ;
#3504 = CARTESIAN_POINT ( 'NONE',  ( 19.15519832662069533, 10.50000000000000000, -9.259068790572730023 ) ) ;
#3505 = CARTESIAN_POINT ( 'NONE',  ( 8.550565846041816798, 10.99999999999999822, -9.811679966736745584 ) ) ;
#3506 = CARTESIAN_POINT ( 'NONE',  ( -20.31190587089794874, 11.00000000000000178, -12.42522550921503210 ) ) ;
#3507 = CARTESIAN_POINT ( 'NONE',  ( -10.38108313285208872, 11.00000000000000178, -7.040589984691776770 ) ) ;
#3508 = VECTOR ( 'NONE', #780, 1000.000000000000000 ) ;
#3509 = CARTESIAN_POINT ( 'NONE',  ( -2.111696302208901255, 10.49999999999999645, -2.436952711186666232 ) ) ;
#3510 = CARTESIAN_POINT ( 'NONE',  ( 41.75000000000000711, 5.999999999999999112, -42.50000000000000711 ) ) ;
#3511 = CARTESIAN_POINT ( 'NONE',  ( 1.455953458460362393, 10.49999999999999822, -13.14567716645031936 ) ) ;
#3512 = ADVANCED_FACE ( 'NONE', ( #2780 ), #917, .T. ) ;
#3513 = CYLINDRICAL_SURFACE ( 'NONE', #3875, 3.300000000000004263 ) ;
#3514 = CARTESIAN_POINT ( 'NONE',  ( 4.757101001520713801, 10.50000000000000178, -6.697761877761581495 ) ) ;
#3515 = ORIENTED_EDGE ( 'NONE', *, *, #2020, .T. ) ;
#3516 = VERTEX_POINT ( 'NONE', #1952 ) ;
#3517 = CARTESIAN_POINT ( 'NONE',  ( 7.103488773252902178, 10.99999999999998934, -7.309497665777443309 ) ) ;
#3518 = CARTESIAN_POINT ( 'NONE',  ( 0.4498511337652404407, 10.49999999999999822, -3.285088366996955500 ) ) ;
#3519 = CARTESIAN_POINT ( 'NONE',  ( 13.25138829786542161, 10.49999999999999822, -13.85689754922630001 ) ) ;
#3520 = AXIS2_PLACEMENT_3D ( 'NONE', #5209, #1412, #194 ) ;
#3521 = CARTESIAN_POINT ( 'NONE',  ( -11.41901222787252301, 11.00000000000000000, -8.669307838998195237 ) ) ;
#3522 = EDGE_CURVE ( 'NONE', #4715, #93, #1559, .T. ) ;
#3523 = VERTEX_POINT ( 'NONE', #176 ) ;
#3524 = VERTEX_POINT ( 'NONE', #4935 ) ;
#3525 = DIRECTION ( 'NONE',  ( -0.000000000000000000, 1.000000000000000000, -0.000000000000000000 ) ) ;
#3526 = DIRECTION ( 'NONE',  ( 0.000000000000000000, -1.000000000000000000, 0.000000000000000000 ) ) ;
#3527 = VECTOR ( 'NONE', #4756, 1000.000000000000000 ) ;
#3528 = CARTESIAN_POINT ( 'NONE',  ( 9.804840215706233764, 10.50000000000000000, -0.3375758981456742913 ) ) ;
#3529 = CARTESIAN_POINT ( 'NONE',  ( -5.338464844951463562, 10.49999999999999822, -12.74467283732331602 ) ) ;
#3530 = DIRECTION ( 'NONE',  ( -0.000000000000000000, 1.000000000000000000, 0.000000000000000000 ) ) ;
#3531 = CARTESIAN_POINT ( 'NONE',  ( 27.36308831935975405, 11.00000000000000000, -2.278986042301834214 ) ) ;
#3532 = DIRECTION ( 'NONE',  ( 0.000000000000000000, 0.000000000000000000, 1.000000000000000000 ) ) ;
#3533 = CARTESIAN_POINT ( 'NONE',  ( 9.986216429993490351, 10.49999999999999822, -11.04923762646875218 ) ) ;
#3534 = CARTESIAN_POINT ( 'NONE',  ( 54.75000000000000000, -11.00000000000000000, -47.50000000000000711 ) ) ;
#3535 = CARTESIAN_POINT ( 'NONE',  ( -9.598673600722777977, 10.99999999999999289, -7.249785751429267400 ) ) ;
#3536 = CARTESIAN_POINT ( 'NONE',  ( -2.898157865170451153, 10.99999999999999289, -0.1583995202356029697 ) ) ;
#3537 = CARTESIAN_POINT ( 'NONE',  ( -10.38108313285208872, 10.50000000000000000, -7.040589984691776770 ) ) ;
#3538 = CARTESIAN_POINT ( 'NONE',  ( -8.487167172315642105, 10.49999999999999822, -18.37662323742378234 ) ) ;
#3539 = CARTESIAN_POINT ( 'NONE',  ( -8.609161021501591904, 10.99999999999999467, -16.10976935708335489 ) ) ;
#3540 = CARTESIAN_POINT ( 'NONE',  ( -21.53661905575970081, 10.50000000000000000, -9.793431797675761885 ) ) ;
#3541 = ORIENTED_EDGE ( 'NONE', *, *, #1059, .T. ) ;
#3542 = ORIENTED_EDGE ( 'NONE', *, *, #4510, .F. ) ;
#3543 = CARTESIAN_POINT ( 'NONE',  ( 7.250408963306953503, 10.49999999999999645, -7.307264209827908807 ) ) ;
#3544 = EDGE_CURVE ( 'NONE', #317, #1710, #3565, .T. ) ;
#3545 = CARTESIAN_POINT ( 'NONE',  ( 0.4511915026466137846, 10.49999999999999645, -3.142136274207345092 ) ) ;
#3546 = CARTESIAN_POINT ( 'NONE',  ( 12.86415207709415220, 10.49999999999999467, -15.20636047343685426 ) ) ;
#3547 = CARTESIAN_POINT ( 'NONE',  ( -5.402811567957675365, 10.50000000000000178, 2.058178148227592708 ) ) ;
#3548 = ORIENTED_EDGE ( 'NONE', *, *, #2300, .F. ) ;
#3549 = ORIENTED_EDGE ( 'NONE', *, *, #4117, .T. ) ;
#3550 = FACE_OUTER_BOUND ( 'NONE', #979, .T. ) ;
#3551 = EDGE_CURVE ( 'NONE', #4253, #2373, #1867, .T. ) ;
#3552 = CARTESIAN_POINT ( 'NONE',  ( 6.956614907626955890, 10.49999999999999822, -7.306870669616457370 ) ) ;
#3553 = CARTESIAN_POINT ( 'NONE',  ( 4.222734851371947151, 11.00000000000000000, -12.85485071321813422 ) ) ;
#3554 = CARTESIAN_POINT ( 'NONE',  ( 10.27963463085217022, 10.49999999999999822, -11.60747603100392489 ) ) ;
#3555 = CARTESIAN_POINT ( 'NONE',  ( 24.61671587521242444, 10.99999999999999822, -13.92787956356451495 ) ) ;
#3556 = CARTESIAN_POINT ( 'NONE',  ( 24.67490867056497450, 10.49999999999999822, -18.12509765625000568 ) ) ;
#3557 = CARTESIAN_POINT ( 'NONE',  ( -2.568455840320119865, 10.49999999999999822, -13.14567716645031936 ) ) ;
#3558 = CARTESIAN_POINT ( 'NONE',  ( 9.794946825037472493, 11.00000000000000000, -10.78670423515860044 ) ) ;
#3559 = CARTESIAN_POINT ( 'NONE',  ( -11.41318491272697777, 10.99999999999999822, -6.472748947987427393 ) ) ;
#3560 = CARTESIAN_POINT ( 'NONE',  ( -4.217610497543430981, 10.99999999999999467, 1.330262326271919981 ) ) ;
#3561 = CARTESIAN_POINT ( 'NONE',  ( 0.5028346713620372999, 10.49999999999999822, -2.442923343712541495 ) ) ;
#3562 = CARTESIAN_POINT ( 'NONE',  ( -11.57370249755085112, 10.49999999999999467, -12.20630241628765056 ) ) ;
#3563 = VECTOR ( 'NONE', #1298, 1000.000000000000000 ) ;
#3564 = CARTESIAN_POINT ( 'NONE',  ( -12.65314384148473259, 11.00000000000000355, -9.514506369697697252 ) ) ;
#3565 = LINE ( 'NONE', #1134, #3060 ) ;
#3566 = ORIENTED_EDGE ( 'NONE', *, *, #3747, .F. ) ;
#3567 = ORIENTED_EDGE ( 'NONE', *, *, #596, .F. ) ;
#3568 = CARTESIAN_POINT ( 'NONE',  ( 6.950034567180102485, 10.49999999999999822, 0.4854071598231533557 ) ) ;
#3569 = CARTESIAN_POINT ( 'NONE',  ( -55.19957000213242537, 11.00000000000000000, 32.60856630421672975 ) ) ;
#3570 = CARTESIAN_POINT ( 'NONE',  ( -12.25461502238770883, 10.50000000000000000, -1.149428727915372761 ) ) ;
#3571 = EDGE_CURVE ( 'NONE', #4393, #598, #203, .T. ) ;
#3572 = ORIENTED_EDGE ( 'NONE', *, *, #494, .F. ) ;
#3573 = EDGE_LOOP ( 'NONE', ( #367, #3015, #578, #4294 ) ) ;
#3574 = CARTESIAN_POINT ( 'NONE',  ( -3.733676603561325358, 11.00000000000000000, -16.39568747576701568 ) ) ;
#3575 = DIRECTION ( 'NONE',  ( -0.000000000000000000, 1.000000000000000000, -0.000000000000000000 ) ) ;
#3576 = CARTESIAN_POINT ( 'NONE',  ( 11.10587405626736945, 10.49999999999999822, -2.210055806739936290 ) ) ;
#3577 = EDGE_CURVE ( 'NONE', #3833, #923, #1053, .T. ) ;
#3578 = CARTESIAN_POINT ( 'NONE',  ( 7.969299757565929454, 10.50000000000000000, -9.625573844668560142 ) ) ;
#3579 = CARTESIAN_POINT ( 'NONE',  ( -24.22482462507748835, 10.99999999999999822, -9.428210680187536497 ) ) ;
#3580 = CARTESIAN_POINT ( 'NONE',  ( 16.59789541151695857, 10.49999999999999645, -5.931793051808491590 ) ) ;
#3581 = CARTESIAN_POINT ( 'NONE',  ( 0.6001839944510777292, 11.00000000000000178, -4.574844915785841515 ) ) ;
#3582 = ADVANCED_FACE ( 'NONE', ( #644, #5297 ), #2338, .F. ) ;
#3583 = LINE ( 'NONE', #4382, #1920 ) ;
#3584 = CARTESIAN_POINT ( 'NONE',  ( 3.670843357940013707, 11.00000000000000000, 2.004061591420434496 ) ) ;
#3585 = B_SPLINE_SURFACE_WITH_KNOTS ( 'NONE', 3, 1, ( 
 ( #1568, #2430 ),
 ( #5306, #4888 ),
 ( #1508, #4917 ),
 ( #1142, #4069 ),
 ( #2039, #2847 ),
 ( #3215, #4529 ),
 ( #1088, #4120 ),
 ( #2819, #3295 ),
 ( #5385, #1594 ),
 ( #1168, #2789 ),
 ( #681, #268 ) ),
 .UNSPECIFIED., .F., .F., .F.,
 ( 4, 1, 1, 1, 1, 1, 1, 1, 4 ),
 ( 2, 2 ),
 ( 0.000000000000000000, 0.1197109976539927345, 0.2387031145433714530, 0.3576009025902914251, 0.4763570568872477762, 0.5977039597704085772, 0.7254776355893340911, 0.8594705588365877391, 1.000000000000000000 ),
 ( 0.000000000000000000, 1.000000000000000000 ),
 .UNSPECIFIED. ) ;
#3586 = CARTESIAN_POINT ( 'NONE',  ( -2.065404677972559888, 10.49999999999999822, -3.285088366996955500 ) ) ;
#3587 = CARTESIAN_POINT ( 'NONE',  ( 0.9267116282821130646, 10.49999999999999822, -0.8798008395882763732 ) ) ;
#3588 = CARTESIAN_POINT ( 'NONE',  ( 11.93635058619858036, 10.50000000000000355, 1.069213375940775146 ) ) ;
#3589 = CARTESIAN_POINT ( 'NONE',  ( -9.142092263109161010, 10.99999999999999822, -16.05848412436291284 ) ) ;
#3590 = CARTESIAN_POINT ( 'NONE',  ( 10.55485737260414325, 10.99999999999999645, -8.800496264488799625 ) ) ;
#3591 = VECTOR ( 'NONE', #3261, 1000.000000000000000 ) ;
#3592 = PLANE ( 'NONE',  #4356 ) ;
#3593 = ORIENTED_EDGE ( 'NONE', *, *, #3716, .F. ) ;
#3594 = DIRECTION ( 'NONE',  ( -0.000000000000000000, 1.000000000000000000, -0.000000000000000000 ) ) ;
#3595 = CARTESIAN_POINT ( 'NONE',  ( -9.707433259244531598, 11.00000000000000000, -9.812354233471436871 ) ) ;
#3596 = CARTESIAN_POINT ( 'NONE',  ( -3.768467818797084146, 10.99999999999999822, -10.04166672309890451 ) ) ;
#3597 = VERTEX_POINT ( 'NONE', #1079 ) ;
#3598 = ORIENTED_EDGE ( 'NONE', *, *, #1876, .T. ) ;
#3599 = ORIENTED_EDGE ( 'NONE', *, *, #392, .T. ) ;
#3600 = CARTESIAN_POINT ( 'NONE',  ( -2.568455840320119865, 11.00000000000000000, -13.14567716645031936 ) ) ;
#3601 = AXIS2_PLACEMENT_3D ( 'NONE', #2055, #3754, #1636 ) ;
#3602 = CARTESIAN_POINT ( 'NONE',  ( 4.427099386075644460, 11.00000000000000000, -8.669307838998195237 ) ) ;
#3603 = CARTESIAN_POINT ( 'NONE',  ( -15.39626048018292614, 10.49999999999999822, -3.285088366996955500 ) ) ;
#3604 = LINE ( 'NONE', #1041, #3168 ) ;
#3605 = AXIS2_PLACEMENT_3D ( 'NONE', #5125, #1327, #2561 ) ;
#3606 = CARTESIAN_POINT ( 'NONE',  ( 8.550565846041816798, 10.49999999999999645, -9.811679966736745584 ) ) ;
#3607 = VECTOR ( 'NONE', #1936, 1000.000000000000000 ) ;
#3608 = CYLINDRICAL_SURFACE ( 'NONE', #4575, 2.500000000000002220 ) ;
#3609 = EDGE_CURVE ( 'NONE', #3819, #1739, #880, .T. ) ;
#3610 = CARTESIAN_POINT ( 'NONE',  ( 12.84933172809303947, 10.50000000000000178, -11.20525741977228229 ) ) ;
#3611 = CARTESIAN_POINT ( 'NONE',  ( -4.857026502028594095, 10.49999999999999645, -9.058449755318722652 ) ) ;
#3612 = ORIENTED_EDGE ( 'NONE', *, *, #2142, .T. ) ;
#3613 = CARTESIAN_POINT ( 'NONE',  ( 7.661492200555881205, 10.99999999999999822, -9.583070464813991052 ) ) ;
#3614 = CARTESIAN_POINT ( 'NONE',  ( -12.88100466844512049, 11.00000000000000000, -3.418711331995527125 ) ) ;
#3615 = DIRECTION ( 'NONE',  ( -0.000000000000000000, -1.000000000000000000, -0.000000000000000000 ) ) ;
#3616 = ADVANCED_FACE ( 'NONE', ( #5431 ), #4545, .T. ) ;
#3617 = DIRECTION ( 'NONE',  ( -0.000000000000000000, 1.000000000000000000, -0.000000000000000000 ) ) ;
#3618 = CARTESIAN_POINT ( 'NONE',  ( -10.24138649122541800, 10.50000000000000000, -10.11305156707839537 ) ) ;
#3619 = CARTESIAN_POINT ( 'NONE',  ( 13.26930594528566765, 10.49999999999999822, -12.92470387074477323 ) ) ;
#3620 = CARTESIAN_POINT ( 'NONE',  ( -11.50442871115574128, 10.49999999999999645, -11.89612836568935883 ) ) ;
#3621 = VERTEX_POINT ( 'NONE', #1245 ) ;
#3622 = CARTESIAN_POINT ( 'NONE',  ( 13.77731743354308236, 10.49999999999999822, -3.429283880952282981 ) ) ;
#3623 = CARTESIAN_POINT ( 'NONE',  ( -7.463678890280342593, 10.49999999999999467, 0.3407731624115371560 ) ) ;
#3624 = SURFACE_STYLE_USAGE ( .BOTH. , #315 ) ;
#3625 = EDGE_LOOP ( 'NONE', ( #4865, #1678, #4451, #3380 ) ) ;
#3626 = ORIENTED_EDGE ( 'NONE', *, *, #2122, .T. ) ;
#3627 = DIRECTION ( 'NONE',  ( -1.000000000000000000, 0.000000000000000000, 0.000000000000000000 ) ) ;
#3628 = CARTESIAN_POINT ( 'NONE',  ( -8.487167172315642105, 10.49999999999999822, -18.37662323742378234 ) ) ;
#3629 = CARTESIAN_POINT ( 'NONE',  ( -13.69033926694337922, 10.49999999999999289, -7.235885548180277738 ) ) ;
#3630 = CARTESIAN_POINT ( 'NONE',  ( -45.83260642832909326, 4.009999999999998899, -24.84825803541137290 ) ) ;
#3631 = LINE ( 'NONE', #2771, #193 ) ;
#3632 = CARTESIAN_POINT ( 'NONE',  ( -8.742622840695263520, 10.49999999999999822, 0.4877953506097513769 ) ) ;
#3633 = CARTESIAN_POINT ( 'NONE',  ( 11.03397978858162709, 11.00000000000000178, -17.34253210853336924 ) ) ;
#3634 = CARTESIAN_POINT ( 'NONE',  ( -5.291254241344020670, 10.99999999999999822, -8.800496264488799625 ) ) ;
#3635 = ORIENTED_EDGE ( 'NONE', *, *, #3786, .T. ) ;
#3636 = CARTESIAN_POINT ( 'NONE',  ( 8.826591763773235400, 11.00000000000000533, -9.945638745238213119 ) ) ;
#3637 = CARTESIAN_POINT ( 'NONE',  ( 0.5608384769167826800, 11.00000000000000178, -2.034560898765712000 ) ) ;
#3638 = CARTESIAN_POINT ( 'NONE',  ( 7.239621192054404908, 10.49999999999999822, -9.576572952610069578 ) ) ;
#3639 = FACE_OUTER_BOUND ( 'NONE', #3928, .T. ) ;
#3640 = CARTESIAN_POINT ( 'NONE',  ( -11.62337676257621943, 10.49999999999999822, -12.85485071321813422 ) ) ;
#3641 = EDGE_CURVE ( 'NONE', #5133, #1005, #4632, .T. ) ;
#3642 = DIRECTION ( 'NONE',  ( -0.7071067811865491270, 0.000000000000000000, 0.7071067811865459074 ) ) ;
#3643 = CARTESIAN_POINT ( 'NONE',  ( -11.62337676257621943, 10.99999999999999645, -12.85485071321813422 ) ) ;
#3644 = CARTESIAN_POINT ( 'NONE',  ( -13.21684132861555128, 11.00000000000000000, -16.38286677407669956 ) ) ;
#3645 = CARTESIAN_POINT ( 'NONE',  ( 11.40325453403117173, 10.99999999999999645, -8.071723750062846037 ) ) ;
#3646 = DIRECTION ( 'NONE',  ( 0.000000000000000000, 0.000000000000000000, 1.000000000000000000 ) ) ;
#3647 = PLANE ( 'NONE',  #501 ) ;
#3648 = EDGE_LOOP ( 'NONE', ( #4425, #2516, #1591, #3934 ) ) ;
#3649 = ORIENTED_EDGE ( 'NONE', *, *, #187, .F. ) ;
#3650 = VERTEX_POINT ( 'NONE', #1610 ) ;
#3651 = CARTESIAN_POINT ( 'NONE',  ( -8.498957433933163941, 10.49999999999999822, -9.573227896341467869 ) ) ;
#3652 = CARTESIAN_POINT ( 'NONE',  ( -10.79920642676702336, 11.00000000000000000, -18.00852547112670976 ) ) ;
#3653 = CARTESIAN_POINT ( 'NONE',  ( -53.83162243992889984, 11.00000000000000000, 35.27853249633628963 ) ) ;
#3654 = AXIS2_PLACEMENT_3D ( 'NONE', #1693, #419, #3397 ) ;
#3655 = DIRECTION ( 'NONE',  ( 1.000000000000000000, 0.000000000000000000, 0.000000000000000000 ) ) ;
#3656 = CARTESIAN_POINT ( 'NONE',  ( -2.179026292923159858, 11.00000000000000178, -2.029039817531657075 ) ) ;
#3657 = CARTESIAN_POINT ( 'NONE',  ( -8.742622840695263520, 11.00000000000000000, 0.4877953506097513769 ) ) ;
#3658 = CARTESIAN_POINT ( 'NONE',  ( 13.26882392564012392, 10.99999999999999822, -13.38480902530699268 ) ) ;
#3659 = VERTEX_POINT ( 'NONE', #2505 ) ;
#3660 = CARTESIAN_POINT ( 'NONE',  ( 10.51087438071646041, 10.49999999999999822, -12.85485071321813422 ) ) ;
#3661 = VERTEX_POINT ( 'NONE', #2057 ) ;
#3662 = B_SPLINE_SURFACE_WITH_KNOTS ( 'NONE', 3, 1, ( 
 ( #1144, #5281 ),
 ( #2849, #2792 ),
 ( #4505, #2017 ),
 ( #3713, #4920 ),
 ( #1119, #4559 ),
 ( #2821, #2403 ),
 ( #766, #4531 ),
 ( #735, #2432 ),
 ( #4098, #4122 ),
 ( #4071, #296 ),
 ( #4015, #1989 ),
 ( #3629, #321 ),
 ( #3191, #4479 ),
 ( #3681, #4863 ),
 ( #4043, #1963 ),
 ( #5362, #1510 ),
 ( #5387, #1596 ),
 ( #1064, #5334 ),
 ( #213, #1485 ) ),
 .UNSPECIFIED., .F., .F., .F.,
 ( 4, 1, 1, 1, 1, 1, 1, 1, 1, 1, 1, 1, 1, 1, 1, 1, 4 ),
 ( 2, 2 ),
 ( 0.000000000000000000, 0.06127799588891230664, 0.1224540833441316451, 0.1827203919431279466, 0.2425914741440298728, 0.3035507525742406898, 0.3647467379280037725, 0.4275722839410225351, 0.4918442664612444615, 0.5566374231247609439, 0.6202549241043135986, 0.6830925805991635569, 0.7459035909517830465, 0.8081866149769406649, 0.8714875612882645450, 0.9351504973674352739, 1.000000000000000000 ),
 ( 0.000000000000000000, 1.000000000000000000 ),
 .UNSPECIFIED. ) ;
#3663 = DIRECTION ( 'NONE',  ( 0.000000000000000000, 1.000000000000000000, 0.000000000000000000 ) ) ;
#3664 = CARTESIAN_POINT ( 'NONE',  ( 1.360404262620011240, 11.00000000000000178, -0.04738862622814774689 ) ) ;
#3665 = CARTESIAN_POINT ( 'NONE',  ( -7.540990872852824545, 11.00000000000000178, -15.98456117665961251 ) ) ;
#3666 = CARTESIAN_POINT ( 'NONE',  ( 5.604725122722753028, 10.49999999999999822, -10.11305156707839181 ) ) ;
#3667 = CARTESIAN_POINT ( 'NONE',  ( 6.187558300500024089, 11.00000000000000355, 2.727345557421958055 ) ) ;
#3668 = CARTESIAN_POINT ( 'NONE',  ( 13.73441531173926400, 10.49999999999999645, -2.436952711186666232 ) ) ;
#3669 = CARTESIAN_POINT ( 'NONE',  ( 10.33402045645364531, 10.99999999999999822, -8.669307838998195237 ) ) ;
#3670 = CARTESIAN_POINT ( 'NONE',  ( -56.11794756220351843, -11.00000000000000000, 33.07909373942906228 ) ) ;
#3671 = CARTESIAN_POINT ( 'NONE',  ( 2.967144695794206477, 11.00000000000000000, -3.274371392944694037 ) ) ;
#3672 = CARTESIAN_POINT ( 'NONE',  ( -11.63827381136359485, 10.49999999999999645, -8.799541172976843129 ) ) ;
#3673 = CARTESIAN_POINT ( 'NONE',  ( -6.710439618055672462, 10.50000000000000178, 0.07000388528563561419 ) ) ;
#3674 = EDGE_CURVE ( 'NONE', #2341, #1632, #4220, .T. ) ;
#3675 = CYLINDRICAL_SURFACE ( 'NONE', #1199, 3.000000000000002665 ) ;
#3676 = B_SPLINE_SURFACE_WITH_KNOTS ( 'NONE', 3, 1, ( 
 ( #5163, #980 ),
 ( #4491, #279 ),
 ( #3462, #4716 ),
 ( #5135, #3900 ),
 ( #95, #1365 ),
 ( #3069, #4772 ),
 ( #953, #2652 ),
 ( #4337, #545 ),
 ( #2235, #3929 ),
 ( #5193, #124 ),
 ( #1397, #832 ),
 ( #2860, #1635 ),
 ( #5427, #2027 ),
 ( #362, #3368 ),
 ( #4540, #3665 ),
 ( #805, #1582 ),
 ( #4158, #3338 ),
 ( #718, #2834 ),
 ( #4515, #1972 ) ),
 .UNSPECIFIED., .F., .F., .F.,
 ( 4, 1, 1, 1, 1, 1, 1, 1, 1, 1, 1, 1, 1, 1, 1, 1, 4 ),
 ( 2, 2 ),
 ( 0.000000000000000000, 0.06596427035581162168, 0.1300009784614494512, 0.1920551155487432715, 0.2540753498854391168, 0.3144458664363211087, 0.3762720141311185484, 0.4380008896642027527, 0.5017366010006812926, 0.5647945813087883460, 0.6266644515823620587, 0.6873080831125569778, 0.7476337904000011081, 0.8084357606632246451, 0.8706687911889710030, 0.9340357296441886836, 1.000000000000000000 ),
 ( 0.000000000000000000, 1.000000000000000000 ),
 .UNSPECIFIED. ) ;
#3677 = VERTEX_POINT ( 'NONE', #863 ) ;
#3678 = ORIENTED_EDGE ( 'NONE', *, *, #1220, .F. ) ;
#3679 = PLANE ( 'NONE',  #1073 ) ;
#3680 = CARTESIAN_POINT ( 'NONE',  ( 7.963194631671376200, 10.49999999999999467, -7.244750884826813397 ) ) ;
#3681 = CARTESIAN_POINT ( 'NONE',  ( -13.01451833392589208, 10.49999999999999645, -7.823561220026823193 ) ) ;
#3682 = EDGE_CURVE ( 'NONE', #2704, #4729, #2863, .T. ) ;
#3683 = CARTESIAN_POINT ( 'NONE',  ( -23.02224924801662098, 10.49999999999999645, -11.94063450261697490 ) ) ;
#3684 = CARTESIAN_POINT ( 'NONE',  ( 27.36308831935975405, 10.49999999999999822, -2.278986042301834214 ) ) ;
#3685 = CARTESIAN_POINT ( 'NONE',  ( -13.97191651671246504, 10.49999999999999822, -15.19543275067177568 ) ) ;
#3686 = CARTESIAN_POINT ( 'NONE',  ( -12.81518183855335380, 11.00000000000000000, -2.581479027203728904 ) ) ;
#3687 = EDGE_CURVE ( 'NONE', #1254, #1232, #1533, .T. ) ;
#3688 = CARTESIAN_POINT ( 'NONE',  ( 13.27765577362804628, 11.00000000000000000, -13.14567716645031936 ) ) ;
#3689 = VECTOR ( 'NONE', #2520, 1000.000000000000114 ) ;
#3690 = VECTOR ( 'NONE', #2683, 1000.000000000000000 ) ;
#3691 = CARTESIAN_POINT ( 'NONE',  ( 2.480948251552776984, 10.49999999999999822, -7.546610292775177697 ) ) ;
#3692 = ORIENTED_EDGE ( 'NONE', *, *, #180, .T. ) ;
#3693 = EDGE_LOOP ( 'NONE', ( #2269, #1762, #4556, #732, #3820, #346, #3982, #2450, #3962, #3132, #4241 ) ) ;
#3694 = CARTESIAN_POINT ( 'NONE',  ( 4.915953919250531712, 10.49999999999999645, -10.78248381255062149 ) ) ;
#3695 = AXIS2_PLACEMENT_3D ( 'NONE', #2273, #5229, #4456 ) ;
#3696 = CARTESIAN_POINT ( 'NONE',  ( -12.88100466844512049, 10.49999999999999822, -3.418711331995527125 ) ) ;
#3697 = DIRECTION ( 'NONE',  ( -0.000000000000000000, 1.000000000000000000, -0.000000000000000000 ) ) ;
#3698 = CARTESIAN_POINT ( 'NONE',  ( 0.000000000000000000, 11.00000000000000000, 0.000000000000000000 ) ) ;
#3699 = DIRECTION ( 'NONE',  ( -0.000000000000000000, 0.000000000000000000, 1.000000000000000000 ) ) ;
#3700 = CARTESIAN_POINT ( 'NONE',  ( -4.648792731451961480, 10.99999999999999822, -4.205637562895960357 ) ) ;
#3701 = DIRECTION ( 'NONE',  ( 0.000000000000000000, 0.000000000000000000, -1.000000000000000000 ) ) ;
#3702 = CARTESIAN_POINT ( 'NONE',  ( -9.284765997574204732, 10.49999999999999645, -18.35359544416391842 ) ) ;
#3703 = CARTESIAN_POINT ( 'NONE',  ( 7.103488773252902178, 11.00000000000000178, 0.4877953506097513769 ) ) ;
#3704 = CARTESIAN_POINT ( 'NONE',  ( -11.41901222787252301, 11.00000000000000000, -8.669307838998195237 ) ) ;
#3705 = CARTESIAN_POINT ( 'NONE',  ( 8.598453342517249354, 10.99999999999999822, -15.88302372740492707 ) ) ;
#3706 = LINE ( 'NONE', #2509, #2548 ) ;
#3707 = B_SPLINE_CURVE_WITH_KNOTS ( 'NONE', 3,
 ( #4044, #1881, #2793, #1457, #3993, #2326, #1828, #3967, #3528, #1433, #2715, #5254, #4405, #189, #3576, #5105, #868, #2566, #2092 ),
 .UNSPECIFIED., .F., .F.,
 ( 4, 1, 1, 1, 1, 1, 1, 1, 1, 1, 1, 1, 1, 1, 1, 1, 4 ),
 ( 0.000000000000000000, 0.06991984567233448800, 0.1372054189840654914, 0.2017638460151232327, 0.2645849827046582448, 0.3263992762502298528, 0.3870105554954119120, 0.4478754524681907712, 0.5096411020608848652, 0.5707677847448894282, 0.6305017923276146075, 0.6893709851241361930, 0.7491395764663526524, 0.8088452733458765254, 0.8700947621460093373, 0.9337299782602210829, 1.000000000000000000 ),
 .UNSPECIFIED. ) ;
#3708 = EDGE_CURVE ( 'NONE', #3792, #177, #1369, .T. ) ;
#3709 = VERTEX_POINT ( 'NONE', #1187 ) ;
#3710 = ORIENTED_EDGE ( 'NONE', *, *, #1984, .F. ) ;
#3711 = CARTESIAN_POINT ( 'NONE',  ( 24.84783250762195195, 11.00000000000000000, -2.278986042301834214 ) ) ;
#3712 = CARTESIAN_POINT ( 'NONE',  ( -12.71503063537631206, 11.00000000000000533, -16.89031103633968911 ) ) ;
#3713 = CARTESIAN_POINT ( 'NONE',  ( -15.33015014204836213, 10.50000000000000000, -4.152302161992776242 ) ) ;
#3714 = ORIENTED_EDGE ( 'NONE', *, *, #158, .T. ) ;
#3715 = ORIENTED_EDGE ( 'NONE', *, *, #2664, .F. ) ;
#3716 = EDGE_CURVE ( 'NONE', #850, #2620, #5377, .T. ) ;
#3717 = CARTESIAN_POINT ( 'NONE',  ( 49.75000000000000711, -11.00000000000000000, 11.99999999999999645 ) ) ;
#3718 = APPLICATION_PROTOCOL_DEFINITION ( 'draft international standard', 'automotive_design', 1998, #1558 ) ;
#3719 = CARTESIAN_POINT ( 'NONE',  ( 13.26882392564012392, 10.49999999999999645, -13.38480902530699268 ) ) ;
#3720 = DIRECTION ( 'NONE',  ( 0.000000000000000000, 0.000000000000000000, -1.000000000000000000 ) ) ;
#3721 = CARTESIAN_POINT ( 'NONE',  ( 10.38910542187986863, 10.50000000000000000, -13.81878840695711119 ) ) ;
#3722 = VERTEX_POINT ( 'NONE', #4357 ) ;
#3723 = CARTESIAN_POINT ( 'NONE',  ( 7.347154180015002645, 10.49999999999999822, -9.573227896341467869 ) ) ;
#3724 = CARTESIAN_POINT ( 'NONE',  ( 7.103488773252902178, 11.00000000000000000, -7.309497665777443309 ) ) ;
#3725 = CARTESIAN_POINT ( 'NONE',  ( -5.838480164831821639, 10.50000000000000000, -14.66880848042124619 ) ) ;
#3726 = CARTESIAN_POINT ( 'NONE',  ( 4.571302967123890504, 10.49999999999999645, -11.31419322818666906 ) ) ;
#3727 = CARTESIAN_POINT ( 'NONE',  ( -7.463678890280342593, 10.49999999999999467, 0.3407731624115371560 ) ) ;
#3728 = DIRECTION ( 'NONE',  ( -0.000000000000000000, 0.000000000000000000, -1.000000000000000000 ) ) ;
#3729 = CARTESIAN_POINT ( 'NONE',  ( 2.244310921606810894, 10.49999999999999645, -10.58602604877687092 ) ) ;
#3730 = ORIENTED_EDGE ( 'NONE', *, *, #5021, .T. ) ;
#3731 = CARTESIAN_POINT ( 'NONE',  ( 3.591496591560461304, 10.49999999999999645, -1.149428727915371873 ) ) ;
#3732 = LINE ( 'NONE', #5405, #229 ) ;
#3733 = LINE ( 'NONE', #2926, #2808 ) ;
#3734 = CARTESIAN_POINT ( 'NONE',  ( -4.442857079916996632, 10.49999999999999645, -8.071723750062846037 ) ) ;
#3735 = VERTEX_POINT ( 'NONE', #1836 ) ;
#3736 = EDGE_LOOP ( 'NONE', ( #265, #4094, #1030, #2321, #4366, #4279, #3824, #966 ) ) ;
#3737 = CARTESIAN_POINT ( 'NONE',  ( -11.62337676257621943, 11.00000000000000355, -12.85485071321813422 ) ) ;
#3738 = CARTESIAN_POINT ( 'NONE',  ( 1.751176274761967244, 10.49999999999999822, 0.4982052945547727485 ) ) ;
#3739 = CARTESIAN_POINT ( 'NONE',  ( -14.09493533918619512, 11.00000000000000000, 0.4982052945547724154 ) ) ;
#3740 = CARTESIAN_POINT ( 'NONE',  ( -10.51219444562479310, 10.99999999999999467, -15.40425483444232313 ) ) ;
#3741 = EDGE_CURVE ( 'NONE', #1943, #4253, #2163, .T. ) ;
#3742 = AXIS2_PLACEMENT_3D ( 'NONE', #3367, #2500, #1241 ) ;
#3743 = CARTESIAN_POINT ( 'NONE',  ( 11.10587405626736945, 10.49999999999999822, -2.210055806739936290 ) ) ;
#3744 = CARTESIAN_POINT ( 'NONE',  ( 12.52709289883696009, 10.50000000000000178, -15.82337798457984768 ) ) ;
#3745 = VECTOR ( 'NONE', #2019, 1000.000000000000000 ) ;
#3746 = CARTESIAN_POINT ( 'NONE',  ( 15.28986042301829151, 11.00000000000000000, -4.424813656690648855 ) ) ;
#3747 = EDGE_CURVE ( 'NONE', #1729, #4527, #1414, .T. ) ;
#3748 = CARTESIAN_POINT ( 'NONE',  ( 9.825525027389616639, 10.99999999999999467, -14.92827785346135805 ) ) ;
#3749 = EDGE_LOOP ( 'NONE', ( #4994, #842, #2815, #403, #5290, #1453, #5078, #4032 ) ) ;
#3750 = CARTESIAN_POINT ( 'NONE',  ( -2.434003340564345752, 11.00000000000000000, -5.378983794962195475 ) ) ;
#3751 = ORIENTED_EDGE ( 'NONE', *, *, #2328, .F. ) ;
#3752 = CARTESIAN_POINT ( 'NONE',  ( 11.10805164627719677, 11.00000000000000533, -4.579147110536277765 ) ) ;
#3753 = CARTESIAN_POINT ( 'NONE',  ( -6.020586586558549946, 10.49999999999999822, -14.92827785346135805 ) ) ;
#3754 = DIRECTION ( 'NONE',  ( 0.7071067811865491270, 0.000000000000000000, 0.7071067811865459074 ) ) ;
#3755 = ADVANCED_FACE ( 'NONE', ( #944, #3090 ), #34, .F. ) ;
#3756 = CARTESIAN_POINT ( 'NONE',  ( -6.710439618055672462, 10.50000000000000178, 0.07000388528563561419 ) ) ;
#3757 = CARTESIAN_POINT ( 'NONE',  ( 7.347154180015002645, 10.49999999999999822, -16.11289300685976400 ) ) ;
#3758 = CARTESIAN_POINT ( 'NONE',  ( -2.797463956865952284, 11.00000000000000000, -6.158099620611373837 ) ) ;
#3759 = ORIENTED_EDGE ( 'NONE', *, *, #4245, .F. ) ;
#3760 = CARTESIAN_POINT ( 'NONE',  ( 4.702923336945342925, 10.99999999999999645, -0.1029454054777808047 ) ) ;
#3761 = DIRECTION ( 'NONE',  ( -0.000000000000000000, -1.000000000000000000, -0.000000000000000000 ) ) ;
#3762 = CARTESIAN_POINT ( 'NONE',  ( 10.33402045645364531, 11.00000000000000000, -8.669307838998195237 ) ) ;
#3763 = CARTESIAN_POINT ( 'NONE',  ( -2.599744469298208571, 10.49999999999999645, -5.773079072421753999 ) ) ;
#3764 = ORIENTED_EDGE ( 'NONE', *, *, #2724, .F. ) ;
#3765 = CARTESIAN_POINT ( 'NONE',  ( 3.999102355628537886, 11.00000000000000355, -8.502799618723184238 ) ) ;
#3766 = CARTESIAN_POINT ( 'NONE',  ( 13.66708532102500762, 11.00000000000000178, -2.029039817531657075 ) ) ;
#3767 = DIRECTION ( 'NONE',  ( 0.7071067811865491270, 0.000000000000000000, -0.7071067811865459074 ) ) ;
#3768 = CARTESIAN_POINT ( 'NONE',  ( -18.41775603356215996, 10.49999999999999645, -16.08506836746932933 ) ) ;
#3769 = CARTESIAN_POINT ( 'NONE',  ( 10.37433128004925820, 10.49999999999999645, -0.8748798890397000427 ) ) ;
#3770 = CARTESIAN_POINT ( 'NONE',  ( -12.87896691815396011, 10.99999999999999645, -3.274371392944694037 ) ) ;
#3771 = VECTOR ( 'NONE', #394, 1000.000000000000000 ) ;
#3772 = CARTESIAN_POINT ( 'NONE',  ( -5.755313742963478418, 10.49999999999999645, -6.190343134507637401 ) ) ;
#3773 = CARTESIAN_POINT ( 'NONE',  ( 2.244310921606810894, 10.49999999999999645, -10.58602604877687092 ) ) ;
#3774 = CARTESIAN_POINT ( 'NONE',  ( 10.29333802665804676, 10.49999999999999822, -14.11587401557059351 ) ) ;
#3775 = CARTESIAN_POINT ( 'NONE',  ( 4.341682902792427079, 11.00000000000000000, -11.89612836568935883 ) ) ;
#3776 = VERTEX_POINT ( 'NONE', #474 ) ;
#3777 = CARTESIAN_POINT ( 'NONE',  ( 1.480973206921275986, 10.49999999999999645, -13.85352298539071469 ) ) ;
#3778 = ADVANCED_FACE ( 'NONE', ( #4329, #537, #1354 ), #1722, .T. ) ;
#3779 = CARTESIAN_POINT ( 'NONE',  ( 13.09454418683463395, 10.99999999999999822, -11.83437446225390488 ) ) ;
#3780 = AXIS2_PLACEMENT_3D ( 'NONE', #1129, #693, #3174 ) ;
#3781 = LINE ( 'NONE', #2164, #1193 ) ;
#3782 = AXIS2_PLACEMENT_3D ( 'NONE', #4573, #3311, #2475 ) ;
#3783 = CARTESIAN_POINT ( 'NONE',  ( -4.740237557680799796, 11.00000000000000000, -2.210055806739936290 ) ) ;
#3784 = CARTESIAN_POINT ( 'NONE',  ( 7.236950592446572017, 10.49999999999999822, -16.10976935708335489 ) ) ;
#3785 = CARTESIAN_POINT ( 'NONE',  ( 1.455953458460362393, 10.99999999999999822, -13.14567716645031936 ) ) ;
#3786 = EDGE_CURVE ( 'NONE', #2575, #14, #1358, .T. ) ;
#3787 = VECTOR ( 'NONE', #220, 1000.000000000000000 ) ;
#3788 = CARTESIAN_POINT ( 'NONE',  ( 12.48942523753646228, 10.50000000000000000, 0.4949243241641008151 ) ) ;
#3789 = CARTESIAN_POINT ( 'NONE',  ( 4.233661371824396724, 11.00000000000000000, -13.19374844126195967 ) ) ;
#3790 = FACE_OUTER_BOUND ( 'NONE', #2686, .T. ) ;
#3791 = CARTESIAN_POINT ( 'NONE',  ( -8.738692753489422316, 11.00000000000000000, 2.751525581173775770 ) ) ;
#3792 = VERTEX_POINT ( 'NONE', #888 ) ;
#3793 = EDGE_LOOP ( 'NONE', ( #1852, #3151, #4797, #3385 ) ) ;
#3794 = VERTEX_POINT ( 'NONE', #971 ) ;
#3795 = CARTESIAN_POINT ( 'NONE',  ( 9.117266054147755483, 10.99999999999998934, -6.874843880028022269 ) ) ;
#3796 = CARTESIAN_POINT ( 'NONE',  ( 4.915953919250531712, 10.99999999999999822, -10.78248381255062149 ) ) ;
#3797 = CARTESIAN_POINT ( 'NONE',  ( -14.48570735132815912, 11.00000000000000178, -0.04738862622814697667 ) ) ;
#3798 = ORIENTED_EDGE ( 'NONE', *, *, #3110, .F. ) ;
#3799 = CARTESIAN_POINT ( 'NONE',  ( -11.28358567226407239, 10.99999999999999289, -14.42597190878089108 ) ) ;
#3800 = CARTESIAN_POINT ( 'NONE',  ( 10.98206936143178325, 10.50000000000000000, -1.843477361791921343 ) ) ;
#3801 = DIRECTION ( 'NONE',  ( 0.000000000000000000, 1.000000000000000000, -0.000000000000000000 ) ) ;
#3802 = CARTESIAN_POINT ( 'NONE',  ( -46.48999999999999488, -11.00000000000000000, 10.45467315135125475 ) ) ;
#3803 = CARTESIAN_POINT ( 'NONE',  ( 7.358944441632523592, 11.00000000000000000, -18.37662323742378234 ) ) ;
#3804 = B_SPLINE_SURFACE_WITH_KNOTS ( 'NONE', 3, 1, ( 
 ( #2554, #5089 ),
 ( #1294, #2998 ),
 ( #4266, #52 ),
 ( #468, #1746 ),
 ( #3447, #1320 ),
 ( #3023, #164 ),
 ( #2741, #5205 ),
 ( #2245, #632 ),
 ( #610, #1511 ),
 ( #1407, #3164 ),
 ( #1908, #5283 ),
 ( #1486, #554 ),
 ( #1856, #2351 ),
 ( #3137, #244 ),
 ( #3109, #2301 ) ),
 .UNSPECIFIED., .F., .F., .F.,
 ( 4, 1, 1, 1, 1, 1, 1, 1, 1, 1, 1, 1, 4 ),
 ( 2, 2 ),
 ( 0.000000000000000000, 0.09194495275363001596, 0.1813385907875331715, 0.2680898998799915445, 0.3547633187985866909, 0.4396220231915048404, 0.5210107517801335630, 0.6010631916076488723, 0.6811168721639224710, 0.7606889457257565157, 0.8395123044146364233, 0.9187065157815366145, 1.000000000000000000 ),
 ( 0.000000000000000000, 1.000000000000000000 ),
 .UNSPECIFIED. ) ;
#3805 = DIRECTION ( 'NONE',  ( -0.000000000000000000, 1.000000000000000000, -0.000000000000000000 ) ) ;
#3806 = VERTEX_POINT ( 'NONE', #3534 ) ;
#3807 = CARTESIAN_POINT ( 'NONE',  ( 10.60602079249895979, 10.99999999999999822, -5.597361666110450606 ) ) ;
#3808 = CARTESIAN_POINT ( 'NONE',  ( 57.75000000000000000, -11.00000000000000000, 47.49999999999999289 ) ) ;
#3809 = CARTESIAN_POINT ( 'NONE',  ( 5.837741249346555250, 11.00000000000000000, -15.75570522457500644 ) ) ;
#3810 = CARTESIAN_POINT ( 'NONE',  ( -8.299806422967920483, 10.99999999999999645, 0.4799310649372338089 ) ) ;
#3811 = CARTESIAN_POINT ( 'NONE',  ( -44.26142857142856002, -11.00000000000000000, 13.35379335568629777 ) ) ;
#3812 = CARTESIAN_POINT ( 'NONE',  ( -4.442857079916996632, 10.99999999999999645, -8.071723750062846037 ) ) ;
#3813 = CARTESIAN_POINT ( 'NONE',  ( 8.035052890559452266, 10.49999999999999822, 2.727214009853057952 ) ) ;
#3814 = CARTESIAN_POINT ( 'NONE',  ( 4.342766031067760935, 11.00000000000000000, -13.84025147954371349 ) ) ;
#3815 = CARTESIAN_POINT ( 'NONE',  ( -4.857026502028594095, 10.99999999999999645, -9.058449755318722652 ) ) ;
#3816 = ADVANCED_FACE ( 'NONE', ( #3454 ), #4789, .F. ) ;
#3817 = CARTESIAN_POINT ( 'NONE',  ( -10.54707766693806725, 11.00000000000000000, 2.575735096875018115 ) ) ;
#3818 = ORIENTED_EDGE ( 'NONE', *, *, #418, .F. ) ;
#3819 = VERTEX_POINT ( 'NONE', #4246 ) ;
#3820 = ORIENTED_EDGE ( 'NONE', *, *, #1634, .T. ) ;
#3821 = DIRECTION ( 'NONE',  ( -1.000000000000000000, 0.000000000000000000, 0.000000000000000000 ) ) ;
#3822 = CARTESIAN_POINT ( 'NONE',  ( 12.72665353876420724, 11.00000000000000000, 0.1749221086699805083 ) ) ;
#3823 = DIRECTION ( 'NONE',  ( -0.000000000000000000, 1.000000000000000000, -0.000000000000000000 ) ) ;
#3824 = ORIENTED_EDGE ( 'NONE', *, *, #4152, .F. ) ;
#3825 = DIRECTION ( 'NONE',  ( 0.000000000000000000, 0.000000000000000000, -1.000000000000000000 ) ) ;
#3826 = ADVANCED_FACE ( 'NONE', ( #3031 ), #1780, .F. ) ;
#3827 = CARTESIAN_POINT ( 'NONE',  ( 1.633331606867190366, 10.99999999999999467, -14.54032018391652414 ) ) ;
#3828 = FACE_OUTER_BOUND ( 'NONE', #3625, .T. ) ;
#3829 = CARTESIAN_POINT ( 'NONE',  ( 0.5159614718998084548, 10.50000000000000178, -4.152302161992775353 ) ) ;
#3830 = CIRCLE ( 'NONE', #3298, 3.300000000000004263 ) ;
#3831 = CARTESIAN_POINT ( 'NONE',  ( -38.48999999999999488, 4.009999999999998899, -15.67000000000001059 ) ) ;
#3832 = CARTESIAN_POINT ( 'NONE',  ( -6.051164788910694092, 10.49999999999999822, -10.78670423515860044 ) ) ;
#3833 = VERTEX_POINT ( 'NONE', #1047 ) ;
#3834 = CARTESIAN_POINT ( 'NONE',  ( 49.75000000000000000, -11.00000000000000000, -2.000000000000015543 ) ) ;
#3835 = B_SPLINE_CURVE_WITH_KNOTS ( 'NONE', 3,
 ( #5340, #5034, #4624, #826, #2075, #3773, #1661, #5452, #1237, #3363, #2941 ),
 .UNSPECIFIED., .F., .F.,
 ( 4, 1, 1, 1, 1, 1, 1, 1, 4 ),
 ( 0.000000000000000000, 0.1355607305809378160, 0.2666143136119719093, 0.3937587845813600440, 0.5199214895006873949, 0.6432810940245112796, 0.7624754540508218437, 0.8804800829043206711, 1.000000000000000000 ),
 .UNSPECIFIED. ) ;
#3836 = CARTESIAN_POINT ( 'NONE',  ( -5.338941714864864352, 11.00000000000000178, -12.96627918003650670 ) ) ;
#3837 = CARTESIAN_POINT ( 'NONE',  ( 9.338676959303050751, 10.99999999999999822, -10.31399212742557836 ) ) ;
#3838 = CARTESIAN_POINT ( 'NONE',  ( 19.15519832662069533, 10.50000000000000000, -9.259068790572730023 ) ) ;
#3839 = CARTESIAN_POINT ( 'NONE',  ( -46.49000000000000199, -11.00000000000000000, -47.50000000000000711 ) ) ;
#3840 = CARTESIAN_POINT ( 'NONE',  ( 0.4498511337652404407, 10.49999999999999822, -3.285088366996955500 ) ) ;
#3841 = CARTESIAN_POINT ( 'NONE',  ( 9.804840215706233764, 11.00000000000000178, -0.3375758981456742913 ) ) ;
#3842 = CARTESIAN_POINT ( 'NONE',  ( -2.118576750370605222, 10.49999999999999645, -4.144136120452284189 ) ) ;
#3843 = ORIENTED_EDGE ( 'NONE', *, *, #5394, .F. ) ;
#3844 = EDGE_LOOP ( 'NONE', ( #4776, #333, #3432, #4280 ) ) ;
#3845 = CARTESIAN_POINT ( 'NONE',  ( 0.4567981747023047157, 10.99999999999999645, -3.721686383213499649 ) ) ;
#3846 = EDGE_CURVE ( 'NONE', #3214, #5133, #4045, .T. ) ;
#3847 = CARTESIAN_POINT ( 'NONE',  ( 11.93635058619858036, 11.00000000000000533, 1.069213375940775146 ) ) ;
#3848 = CARTESIAN_POINT ( 'NONE',  ( 49.75000000000000000, -2.499999999999998668, -27.00000000000001776 ) ) ;
#3849 = CARTESIAN_POINT ( 'NONE',  ( -24.21378473020215694, 10.50000000000000355, -2.582885060548116840 ) ) ;
#3850 = VERTEX_POINT ( 'NONE', #998 ) ;
#3851 = EDGE_LOOP ( 'NONE', ( #4804, #1534, #761, #1177 ) ) ;
#3852 = CARTESIAN_POINT ( 'NONE',  ( -14.28719849249699081, 11.00000000000000000, -6.546877240267221509 ) ) ;
#3853 = ORIENTED_EDGE ( 'NONE', *, *, #3886, .T. ) ;
#3854 = CARTESIAN_POINT ( 'NONE',  ( -8.896077046768064989, 11.00000000000000000, 0.4854071598231533557 ) ) ;
#3855 = EDGE_CURVE ( 'NONE', #3294, #4714, #3957, .T. ) ;
#3856 = CARTESIAN_POINT ( 'NONE',  ( -15.39626048018292614, 10.49999999999999822, -3.285088366996955500 ) ) ;
#3857 = CARTESIAN_POINT ( 'NONE',  ( 1.455953458460362393, 11.00000000000000000, -13.14567716645031936 ) ) ;
#3858 = VECTOR ( 'NONE', #1132, 1000.000000000000000 ) ;
#3859 = CARTESIAN_POINT ( 'NONE',  ( -6.507434654645112282, 10.49999999999999645, -10.31399212742557836 ) ) ;
#3860 = EDGE_LOOP ( 'NONE', ( #5199, #1364, #3678, #549, #5083, #950, #1342, #3898 ) ) ;
#3861 = CARTESIAN_POINT ( 'NONE',  ( -8.595702650641211306, 10.49999999999999645, -7.307264209827908807 ) ) ;
#3862 = LINE ( 'NONE', #4215, #2356 ) ;
#3863 = CARTESIAN_POINT ( 'NONE',  ( 10.27963463085217022, 10.49999999999999822, -11.60747603100392489 ) ) ;
#3864 = CARTESIAN_POINT ( 'NONE',  ( -19.63191305961215605, 11.00000000000000178, -13.77733968364323580 ) ) ;
#3865 = CARTESIAN_POINT ( 'NONE',  ( -9.733681607360274768, 11.00000000000000533, -15.88601282060331243 ) ) ;
#3866 = VECTOR ( 'NONE', #2861, 1000.000000000000000 ) ;
#3867 = CARTESIAN_POINT ( 'NONE',  ( 6.651387969187501525, 10.99999999999999822, 0.4807593559471461941 ) ) ;
#3868 = CARTESIAN_POINT ( 'NONE',  ( -8.216833799622095924, 10.49999999999999822, -18.36814522510236003 ) ) ;
#3869 = VECTOR ( 'NONE', #4364, 1000.000000000000000 ) ;
#3870 = CARTESIAN_POINT ( 'NONE',  ( -10.00002495385673207, 11.00000000000000178, -7.163151700223890472 ) ) ;
#3871 = CARTESIAN_POINT ( 'NONE',  ( -22.08945872027199542, 10.49999999999999822, -8.518246869971722646 ) ) ;
#3872 = ORIENTED_EDGE ( 'NONE', *, *, #684, .T. ) ;
#3873 = ORIENTED_EDGE ( 'NONE', *, *, #1460, .F. ) ;
#3874 = CARTESIAN_POINT ( 'NONE',  ( 0.4521680984877785581, 11.00000000000000000, -3.430701759903103554 ) ) ;
#3875 = AXIS2_PLACEMENT_3D ( 'NONE', #1003, #2676, #5131 ) ;
#3876 = CARTESIAN_POINT ( 'NONE',  ( 10.00763144911634761, 10.50000000000000000, -14.66880848042124619 ) ) ;
#3877 = CARTESIAN_POINT ( 'NONE',  ( -10.04341445146740064, 10.49999999999999467, 0.3474155163753754327 ) ) ;
#3878 = ORIENTED_EDGE ( 'NONE', *, *, #4537, .T. ) ;
#3879 = CARTESIAN_POINT ( 'NONE',  ( -2.065404677972559888, 10.49999999999999822, -3.285088366996955500 ) ) ;
#3880 = AXIS2_PLACEMENT_3D ( 'NONE', #4647, #2912, #2969 ) ;
#3881 = EDGE_CURVE ( 'NONE', #3025, #3621, #3583, .T. ) ;
#3882 = CARTESIAN_POINT ( 'NONE',  ( 7.103488773252902178, 10.50000000000000000, 0.4877953506097513769 ) ) ;
#3883 = CARTESIAN_POINT ( 'NONE',  ( -10.79826498245683020, 11.00000000000000000, 0.07818082849657750910 ) ) ;
#3884 = CARTESIAN_POINT ( 'NONE',  ( -14.00466892343030523, 10.50000000000000178, -6.907575538794191949 ) ) ;
#3885 = CARTESIAN_POINT ( 'NONE',  ( 5.787965126725159060, 11.00000000000000000, -18.21711235634275639 ) ) ;
#3886 = EDGE_CURVE ( 'NONE', #3211, #4553, #2629, .T. ) ;
#3887 = CARTESIAN_POINT ( 'NONE',  ( -5.566476983095999032, 10.99999999999999645, -11.60747603100392489 ) ) ;
#3888 = VERTEX_POINT ( 'NONE', #1944 ) ;
#3889 = CARTESIAN_POINT ( 'NONE',  ( -5.483752975869402135, 11.00000000000000533, -5.901698698242014096 ) ) ;
#3890 = CARTESIAN_POINT ( 'NONE',  ( 7.236950592446572017, 11.00000000000000000, -16.10976935708335489 ) ) ;
#3891 = CARTESIAN_POINT ( 'NONE',  ( -6.364707011504040501, 10.49999999999999822, -0.1156209270726399618 ) ) ;
#3892 = CARTESIAN_POINT ( 'NONE',  ( -24.21378473020215694, 11.00000000000000533, -2.582885060548116840 ) ) ;
#3893 = CARTESIAN_POINT ( 'NONE',  ( -8.889496706321214248, 10.50000000000000000, -7.306870669616458258 ) ) ;
#3894 = CARTESIAN_POINT ( 'NONE',  ( 7.107418860458743382, 11.00000000000000000, 2.751525581173775770 ) ) ;
#3895 = CARTESIAN_POINT ( 'NONE',  ( 12.82566236031460072, 11.00000000000000000, -6.533560136791872530 ) ) ;
#3896 = CARTESIAN_POINT ( 'NONE',  ( -12.81268680923575864, 11.00000000000000000, -4.225145959875170831 ) ) ;
#3897 = CARTESIAN_POINT ( 'NONE',  ( 3.857451765817524691, 10.50000000000000355, -5.934184098917837602 ) ) ;
#3898 = ORIENTED_EDGE ( 'NONE', *, *, #1714, .F. ) ;
#3899 = ORIENTED_EDGE ( 'NONE', *, *, #5360, .F. ) ;
#3900 = CARTESIAN_POINT ( 'NONE',  ( -5.383462110330325956, 11.00000000000000000, -13.50899607171235495 ) ) ;
#3901 = B_SPLINE_CURVE_WITH_KNOTS ( 'NONE', 3,
 ( #3217, #4890, #1091, #683, #2378, #270, #1313, #5476, #3739, #3797, #3018, #793, #4642, #2149, #2515, #4667, #378, #2545, #5055 ),
 .UNSPECIFIED., .F., .F.,
 ( 4, 1, 1, 1, 1, 1, 1, 1, 1, 1, 1, 1, 1, 1, 1, 1, 4 ),
 ( 0.000000000000000000, 0.09263307917966594196, 0.1812578326846235877, 0.2677463166116326176, 0.3525759815441523726, 0.4353261026888181617, 0.5156798943772891164, 0.5949223282687576830, 0.6746516928653017997, 0.7150324028280875543, 0.7546742859889797872, 0.7946148660789127405, 0.8346221552083454842, 0.8751460061963551862, 0.9158349703271242426, 0.9574349943276478925, 1.000000000000000000 ),
 .UNSPECIFIED. ) ;
#3902 = CARTESIAN_POINT ( 'NONE',  ( -57.75000000000000000, -11.00000000000000000, -47.50000000000000711 ) ) ;
#3903 = CARTESIAN_POINT ( 'NONE',  ( 13.26882392564012392, 10.49999999999999645, -13.38480902530699268 ) ) ;
#3904 = CARTESIAN_POINT ( 'NONE',  ( -25.22935139173737440, 10.50000000000000000, 2.185207089484355159 ) ) ;
#3905 = EDGE_LOOP ( 'NONE', ( #1210, #1566, #1258, #461 ) ) ;
#3906 = ORIENTED_EDGE ( 'NONE', *, *, #2760, .F. ) ;
#3907 = CARTESIAN_POINT ( 'NONE',  ( -14.96459027844403167, 10.99999999999999822, -5.390224619109948989 ) ) ;
#3908 = DIRECTION ( 'NONE',  ( -1.000000000000000000, 0.000000000000000000, 0.000000000000000000 ) ) ;
#3909 = CARTESIAN_POINT ( 'NONE',  ( -11.38823989130300518, 10.50000000000000000, 2.338284246098173647 ) ) ;
#3910 = CARTESIAN_POINT ( 'NONE',  ( 7.347154180015002645, 10.99999999999999467, -16.11289300685976400 ) ) ;
#3911 = CARTESIAN_POINT ( 'NONE',  ( -8.392729847920504582, 10.49999999999999645, -9.576554100047912854 ) ) ;
#3912 = ORIENTED_EDGE ( 'NONE', *, *, #1601, .F. ) ;
#3913 = CARTESIAN_POINT ( 'NONE',  ( -4.592525599395520075, 11.00000000000000178, -3.817359553621924029 ) ) ;
#3914 = LINE ( 'NONE', #2303, #508 ) ;
#3915 = EDGE_CURVE ( 'NONE', #3659, #1788, #110, .T. ) ;
#3916 = CARTESIAN_POINT ( 'NONE',  ( 5.578832377030392031, 11.00000000000000000, -15.59384789299877916 ) ) ;
#3917 = CARTESIAN_POINT ( 'NONE',  ( -6.041271398241931045, 11.00000000000000000, -0.3375758981456742913 ) ) ;
#3918 = CARTESIAN_POINT ( 'NONE',  ( 24.53215016015267125, 10.50000000000000000, -17.84665912460605597 ) ) ;
#3919 = CARTESIAN_POINT ( 'NONE',  ( -11.08901061242745278, 10.49999999999999822, -6.697761877761579719 ) ) ;
#3920 = CARTESIAN_POINT ( 'NONE',  ( -3.119458075183958012, 10.49999999999999822, 0.1749221086699805083 ) ) ;
#3921 = ADVANCED_FACE ( 'NONE', ( #1493 ), #587, .F. ) ;
#3922 = CARTESIAN_POINT ( 'NONE',  ( -12.81268680923575864, 10.49999999999999822, -4.225145959875170831 ) ) ;
#3923 = AXIS2_PLACEMENT_3D ( 'NONE', #4014, #212, #1826 ) ;
#3924 = CARTESIAN_POINT ( 'NONE',  ( 11.25207311314773762, 10.99999999999999822, -2.999630454844111060 ) ) ;
#3925 = CARTESIAN_POINT ( 'NONE',  ( -10.74543953741837576, 11.00000000000000000, -6.887813572423907793 ) ) ;
#3926 = CARTESIAN_POINT ( 'NONE',  ( -24.50641411441755579, 10.49999999999999645, -1.496399868919551457 ) ) ;
#3927 = ORIENTED_EDGE ( 'NONE', *, *, #4781, .F. ) ;
#3928 = EDGE_LOOP ( 'NONE', ( #3873, #4286, #1207, #3239 ) ) ;
#3929 = CARTESIAN_POINT ( 'NONE',  ( -6.020586586558549946, 11.00000000000000000, -14.92827785346135805 ) ) ;
#3930 = CARTESIAN_POINT ( 'NONE',  ( 9.135673036873297903, 10.49999999999999645, -15.58081100374876193 ) ) ;
#3931 = CARTESIAN_POINT ( 'NONE',  ( -30.99084651295731874, 10.49999999999999822, -18.12509765625000568 ) ) ;
#3932 = CARTESIAN_POINT ( 'NONE',  ( -25.26863954125381184, 10.49999999999999822, 2.499999999999995115 ) ) ;
#3933 = B_SPLINE_CURVE_WITH_KNOTS ( 'NONE', 3,
 ( #2645, #146, #1391, #2169, #890, #3537, #4331, #1357, #2228, #3010, #1417, #4766, #4709, #5103, #567, #3922, #4792, #1811, #3120 ),
 .UNSPECIFIED., .F., .F.,
 ( 4, 1, 1, 1, 1, 1, 1, 1, 1, 1, 1, 1, 1, 1, 1, 1, 4 ),
 ( 0.000000000000000000, 0.06923823557697310338, 0.1358294382307504988, 0.1996908383031280598, 0.2626038608419797860, 0.3243379730475010048, 0.3857248784940197073, 0.4474218834357964192, 0.5100765351805883752, 0.5721159354493271509, 0.6324239229062866841, 0.6924114500268320205, 0.7512717322445815471, 0.8110744564309965154, 0.8720621337882958901, 0.9350570052840392332, 1.000000000000000000 ),
 .UNSPECIFIED. ) ;
#3934 = ORIENTED_EDGE ( 'NONE', *, *, #2829, .T. ) ;
#3935 = CARTESIAN_POINT ( 'NONE',  ( 57.75000000000000000, 5.999999999999999112, -42.50000000000000711 ) ) ;
#3936 = CARTESIAN_POINT ( 'NONE',  ( -14.48570735132815912, 10.50000000000000000, -0.04738862622814697667 ) ) ;
#3937 = CARTESIAN_POINT ( 'NONE',  ( 27.36308831935975405, 10.49999999999999822, -4.542716272865859217 ) ) ;
#3938 = CARTESIAN_POINT ( 'NONE',  ( 24.84783250762195195, 10.49999999999999822, 2.499999999999995115 ) ) ;
#3939 = EDGE_LOOP ( 'NONE', ( #2183, #736, #4610, #930, #4721, #375, #990, #3572, #3598, #1843, #4401, #2990, #4426, #4987, #2608, #2485, #73, #5191, #2679, #2220, #5425, #4696, #2314, #4742, #4307, #544 ) ) ;
#3940 = DIRECTION ( 'NONE',  ( -0.000000000000000000, -1.000000000000000000, -0.000000000000000000 ) ) ;
#3941 = CARTESIAN_POINT ( 'NONE',  ( 18.20991521695765059, 10.99999999999990230, -4.542716272865859217 ) ) ;
#3942 = CARTESIAN_POINT ( 'NONE',  ( -8.756320845374665041, 11.00000000000000355, -18.36885239456136532 ) ) ;
#3943 = CARTESIAN_POINT ( 'NONE',  ( 13.27765577362804628, 10.49999999999999822, -13.14567716645031936 ) ) ;
#3944 = CARTESIAN_POINT ( 'NONE',  ( 9.574575362959437896, 10.50000000000000000, -10.54132049971321905 ) ) ;
#3945 = EDGE_CURVE ( 'NONE', #2928, #1578, #4462, .T. ) ;
#3946 = CARTESIAN_POINT ( 'NONE',  ( -13.41098887926677286, 10.50000000000000178, 1.170003178270503152 ) ) ;
#3947 = CARTESIAN_POINT ( 'NONE',  ( -10.26727923691777811, 11.00000000000000533, -15.59384789299878271 ) ) ;
#3948 = CARTESIAN_POINT ( 'NONE',  ( -4.217610497543430981, 10.49999999999999822, 1.330262326271919981 ) ) ;
#3949 = CARTESIAN_POINT ( 'NONE',  ( -14.39015815548780530, 10.50000000000000000, -13.14567716645032114 ) ) ;
#3950 = CARTESIAN_POINT ( 'NONE',  ( 11.26093189440418563, 11.00000000000000000, -3.277141498485124593 ) ) ;
#3951 = DIRECTION ( 'NONE',  ( 0.000000000000000000, 0.000000000000000000, 1.000000000000000000 ) ) ;
#3952 = EDGE_CURVE ( 'NONE', #184, #4668, #1627, .T. ) ;
#3953 = CARTESIAN_POINT ( 'NONE',  ( 3.254490128556628559, 10.49999999999999467, -4.963278338001709145 ) ) ;
#3954 = VERTEX_POINT ( 'NONE', #1995 ) ;
#3955 = VERTEX_POINT ( 'NONE', #2472 ) ;
#3956 = CARTESIAN_POINT ( 'NONE',  ( 7.963194631671376200, 10.49999999999999467, -7.244750884826813397 ) ) ;
#3957 = B_SPLINE_CURVE_WITH_KNOTS ( 'NONE', 3,
 ( #196, #1861, #3613, #615, #2359, #251, #3636, #4489, #169, #3998, #3558, #1917, #4436, #5342, #4025, #2281, #2332, #1551, #4814 ),
 .UNSPECIFIED., .F., .F.,
 ( 4, 1, 1, 1, 1, 1, 1, 1, 1, 1, 1, 1, 1, 1, 1, 1, 4 ),
 ( 0.000000000000000000, 0.06302915618029729383, 0.1234804025299602454, 0.1838066203148567557, 0.2442978212269449334, 0.3040809109571067093, 0.3653016354693813250, 0.4284217670430552349, 0.4938398027159142112, 0.5593501064680181933, 0.6238616128364200542, 0.6862405444609483984, 0.7477958109420476118, 0.8094883027098110917, 0.8718817573871822102, 0.9346420084294422281, 1.000000000000000000 ),
 .UNSPECIFIED. ) ;
#3958 = CARTESIAN_POINT ( 'NONE',  ( 8.305120741095343817, 10.50000000000000000, -15.98456117665961251 ) ) ;
#3959 = CARTESIAN_POINT ( 'NONE',  ( -12.81518183855335380, 10.49999999999999822, -2.581479027203728904 ) ) ;
#3960 = VECTOR ( 'NONE', #3823, 1000.000000000000000 ) ;
#3961 = CARTESIAN_POINT ( 'NONE',  ( -27.89880246727635438, 10.50000000000000000, 1.559010034553655277 ) ) ;
#3962 = ORIENTED_EDGE ( 'NONE', *, *, #4781, .T. ) ;
#3963 = ORIENTED_EDGE ( 'NONE', *, *, #4087, .F. ) ;
#3964 = CARTESIAN_POINT ( 'NONE',  ( 0.000000000000000000, 11.00000000000000000, 0.000000000000000000 ) ) ;
#3965 = CARTESIAN_POINT ( 'NONE',  ( 7.103488773252902178, 10.49999999999999822, -7.309497665777443309 ) ) ;
#3966 = VECTOR ( 'NONE', #214, 1000.000000000000000 ) ;
#3967 = CARTESIAN_POINT ( 'NONE',  ( 9.481404602444126084, 10.49999999999999822, -0.1156209270726399618 ) ) ;
#3968 = CARTESIAN_POINT ( 'NONE',  ( -6.383602297965681238, 11.00000000000000178, -6.681204552571068156 ) ) ;
#3969 = CARTESIAN_POINT ( 'NONE',  ( -21.17612050051343786, 10.99999999999999822, -15.41799101342853540 ) ) ;
#3970 = CARTESIAN_POINT ( 'NONE',  ( 22.77100873819964022, 10.99999999999999822, -14.69748990411817857 ) ) ;
#3971 = B_SPLINE_CURVE_WITH_KNOTS ( 'NONE', 3,
 ( #4784, #3555, #2277, #1489, #4809, #111, #1804, #4731, #5208, #1384, #3941 ),
 .UNSPECIFIED., .F., .F.,
 ( 4, 1, 1, 1, 1, 1, 1, 1, 4 ),
 ( 0.000000000000000000, 0.1197109976539927345, 0.2387031145433714530, 0.3576009025902914251, 0.4763570568872477762, 0.5977039597704085772, 0.7254776355893340911, 0.8594705588365877391, 1.000000000000000000 ),
 .UNSPECIFIED. ) ;
#3972 = UNCERTAINTY_MEASURE_WITH_UNIT (LENGTH_MEASURE( 1.000000000000000082E-05 ), #3328, 'distance_accuracy_value', 'NONE');
#3973 = CARTESIAN_POINT ( 'NONE',  ( 0.4567981747023047157, 10.99999999999999645, -3.721686383213499649 ) ) ;
#3974 = DIRECTION ( 'NONE',  ( 0.000000000000000000, 0.000000000000000000, 1.000000000000000000 ) ) ;
#3975 = FACE_OUTER_BOUND ( 'NONE', #628, .T. ) ;
#3976 = CARTESIAN_POINT ( 'NONE',  ( 4.226337362144838572, 10.49999999999999822, -12.74470359688527132 ) ) ;
#3977 = CARTESIAN_POINT ( 'NONE',  ( 27.36308831935975405, 10.49999999999999822, -4.542716272865859217 ) ) ;
#3978 = CARTESIAN_POINT ( 'NONE',  ( 12.94795374877771543, 10.99999999999999289, -0.1583995202356029697 ) ) ;
#3979 = CARTESIAN_POINT ( 'NONE',  ( -12.43174923022417566, 11.00000000000000178, -5.307616457347452688 ) ) ;
#3980 = CARTESIAN_POINT ( 'NONE',  ( -25.14922120068606759, 10.50000000000000000, 1.543170842634402629 ) ) ;
#3981 = ORIENTED_EDGE ( 'NONE', *, *, #4951, .F. ) ;
#3982 = ORIENTED_EDGE ( 'NONE', *, *, #5230, .T. ) ;
#3983 = CARTESIAN_POINT ( 'NONE',  ( 4.702923336945342925, 10.49999999999999467, -0.1029454054777808047 ) ) ;
#3984 = CARTESIAN_POINT ( 'NONE',  ( 7.358944441632523592, 11.00000000000000000, -18.37662323742378234 ) ) ;
#3985 = CARTESIAN_POINT ( 'NONE',  ( 13.27765577362804628, 10.49999999999999822, -13.14567716645031936 ) ) ;
#3986 = EDGE_CURVE ( 'NONE', #1704, #3294, #1690, .T. ) ;
#3987 = CARTESIAN_POINT ( 'NONE',  ( -2.386469715474217601, 10.49999999999999822, -1.244302875142191400 ) ) ;
#3988 = ORIENTED_EDGE ( 'NONE', *, *, #4817, .T. ) ;
#3989 = ORIENTED_EDGE ( 'NONE', *, *, #2632, .T. ) ;
#3990 = DIRECTION ( 'NONE',  ( 0.000000000000000000, -1.000000000000000000, 0.000000000000000000 ) ) ;
#3991 = CARTESIAN_POINT ( 'NONE',  ( 4.133744927904282385, 10.49999999999999822, -6.213759792962592066 ) ) ;
#3992 = EDGE_CURVE ( 'NONE', #1796, #3299, #666, .T. ) ;
#3993 = CARTESIAN_POINT ( 'NONE',  ( 8.382432723667818664, 10.49999999999999467, 0.3407731624115371560 ) ) ;
#3994 = CARTESIAN_POINT ( 'NONE',  ( 10.50131983128893864, 10.49999999999999822, -12.52869625213068616 ) ) ;
#3995 = CARTESIAN_POINT ( 'NONE',  ( 0.000000000000000000, 5.999999999999999112, -42.50000000000000711 ) ) ;
#3996 = CARTESIAN_POINT ( 'NONE',  ( 12.07764379515107933, 10.49999999999999822, -10.04166672309890451 ) ) ;
#3997 = CARTESIAN_POINT ( 'NONE',  ( -2.593501203574265279, 10.50000000000000000, -12.48286635963155966 ) ) ;
#3998 = CARTESIAN_POINT ( 'NONE',  ( 9.574575362959437896, 11.00000000000000178, -10.54132049971321905 ) ) ;
#3999 = DIRECTION ( 'NONE',  ( 0.000000000000000000, 0.000000000000000000, 1.000000000000000000 ) ) ;
#4000 = CARTESIAN_POINT ( 'NONE',  ( -3.119458075183958012, 10.99999999999999467, 0.1749221086699805083 ) ) ;
#4001 = CARTESIAN_POINT ( 'NONE',  ( -30.99084651295731874, 10.49999999999999822, -18.12509765625000568 ) ) ;
#4002 = CARTESIAN_POINT ( 'NONE',  ( -11.39888932483926887, 10.50000000000000355, -11.60062177242599901 ) ) ;
#4003 = AXIS2_PLACEMENT_3D ( 'NONE', #3495, #2631, #3107 ) ;
#4004 = CARTESIAN_POINT ( 'NONE',  ( -9.733681607360274768, 11.00000000000000178, -15.88601282060331243 ) ) ;
#4005 = CARTESIAN_POINT ( 'NONE',  ( 13.09454418683463395, 10.49999999999999645, -11.83437446225390488 ) ) ;
#4006 = ORIENTED_EDGE ( 'NONE', *, *, #1089, .F. ) ;
#4007 = AXIS2_PLACEMENT_3D ( 'NONE', #2712, #5227, #4402 ) ;
#4008 = CARTESIAN_POINT ( 'NONE',  ( -14.38027298795089060, 11.00000000000000178, -12.92080182030208135 ) ) ;
#4009 = CARTESIAN_POINT ( 'NONE',  ( -43.49000000000000199, -11.00000000000000000, -26.72234317807464521 ) ) ;
#4010 = CARTESIAN_POINT ( 'NONE',  ( -3.341576595500956870, 10.49999999999999645, -10.60533284150762512 ) ) ;
#4011 = ORIENTED_EDGE ( 'NONE', *, *, #2865, .F. ) ;
#4012 = ADVANCED_FACE ( 'NONE', ( #5424 ), #3193, .T. ) ;
#4013 = ORIENTED_EDGE ( 'NONE', *, *, #725, .F. ) ;
#4014 = CARTESIAN_POINT ( 'NONE',  ( -25.26863954125381184, 10.49999999999999822, 2.499999999999995115 ) ) ;
#4015 = CARTESIAN_POINT ( 'NONE',  ( -14.00466892343030523, 10.50000000000000178, -6.907575538794191949 ) ) ;
#4016 = DIRECTION ( 'NONE',  ( 0.000000000000000000, 0.000000000000000000, -1.000000000000000000 ) ) ;
#4017 = EDGE_CURVE ( 'NONE', #211, #530, #3423, .T. ) ;
#4018 = DIRECTION ( 'NONE',  ( 0.4559825207345069575, 0.000000000000000000, 0.8899887307065212916 ) ) ;
#4019 = CARTESIAN_POINT ( 'NONE',  ( -21.17612050051343786, 10.49999999999999645, -15.41799101342853540 ) ) ;
#4020 = ADVANCED_BREP_SHAPE_REPRESENTATION ( 'E42703FZJ231900 L21-7884-分选-夹爪右', ( #282, #4967 ), #2769 ) ;
#4021 = CARTESIAN_POINT ( 'NONE',  ( 15.28986042301829151, 10.49999999999999822, -4.424813656690648855 ) ) ;
#4022 = CARTESIAN_POINT ( 'NONE',  ( -2.996779885855131109, 10.50000000000000178, -11.20525741977228229 ) ) ;
#4023 = VERTEX_POINT ( 'NONE', #1321 ) ;
#4024 = EDGE_CURVE ( 'NONE', #4729, #4853, #1801, .T. ) ;
#4025 = CARTESIAN_POINT ( 'NONE',  ( 10.38225687268623254, 11.00000000000000000, -11.90350887724605222 ) ) ;
#4026 = CARTESIAN_POINT ( 'NONE',  ( 15.28986042301829151, 11.00000000000000000, -2.278986042301834214 ) ) ;
#4027 = CARTESIAN_POINT ( 'NONE',  ( -8.738692753489422316, 10.49999999999999822, 2.751525581173775770 ) ) ;
#4028 = LINE ( 'NONE', #1999, #941 ) ;
#4029 = CARTESIAN_POINT ( 'NONE',  ( 7.421127740549119167, 10.49999999999999822, 2.743303851952143102 ) ) ;
#4030 = CARTESIAN_POINT ( 'NONE',  ( 12.84933172809303947, 10.50000000000000178, -11.20525741977228229 ) ) ;
#4031 = CARTESIAN_POINT ( 'NONE',  ( -11.61267547976272319, 10.99999999999999822, -12.52765795314684460 ) ) ;
#4032 = ORIENTED_EDGE ( 'NONE', *, *, #4544, .T. ) ;
#4033 = LINE ( 'NONE', #5380, #2614 ) ;
#4034 = CARTESIAN_POINT ( 'NONE',  ( 10.00763144911634761, 11.00000000000000178, -14.66880848042124619 ) ) ;
#4035 = CARTESIAN_POINT ( 'NONE',  ( -4.275479717059527118, 11.00000000000000000, -9.524405921353663373 ) ) ;
#4036 = B_SPLINE_CURVE_WITH_KNOTS ( 'NONE', 3,
 ( #2131, #4289, #383, #3829, #3416, #907, #2553, #4264, #1236, #2157, #1626, #5088, #2493, #1688, #27, #2997, #3022, #879, #2522 ),
 .UNSPECIFIED., .F., .F.,
 ( 4, 1, 1, 1, 1, 1, 1, 1, 1, 1, 1, 1, 1, 1, 1, 1, 4 ),
 ( 0.000000000000000000, 0.06127799588891228583, 0.1224540833441316451, 0.1827203919431279466, 0.2425914741440298450, 0.3035507525742406343, 0.3647467379280037170, 0.4275722839410223686, 0.4918442664612444060, 0.5566374231247608328, 0.6202549241043134876, 0.6830925805991634459, 0.7459035909517830465, 0.8081866149769404428, 0.8714875612882643230, 0.9351504973674351628, 0.9999999999999998890 ),
 .UNSPECIFIED. ) ;
#4037 = VECTOR ( 'NONE', #2160, 1000.000000000000000 ) ;
#4038 = VERTEX_POINT ( 'NONE', #3938 ) ;
#4039 = ORIENTED_EDGE ( 'NONE', *, *, #4711, .T. ) ;
#4040 = DIRECTION ( 'NONE',  ( 0.000000000000000000, 0.000000000000000000, -1.000000000000000000 ) ) ;
#4041 = VECTOR ( 'NONE', #1000, 1000.000000000000000 ) ;
#4042 = CARTESIAN_POINT ( 'NONE',  ( -12.71503063537631206, 10.50000000000000178, -16.89031103633968911 ) ) ;
#4043 = CARTESIAN_POINT ( 'NONE',  ( -12.64606983504841509, 10.49999999999999645, -8.077716945080931410 ) ) ;
#4044 = CARTESIAN_POINT ( 'NONE',  ( 7.103488773252902178, 10.50000000000000000, 0.4877953506097513769 ) ) ;
#4045 = CIRCLE ( 'NONE', #4206, 2.999999999999999112 ) ;
#4046 = CARTESIAN_POINT ( 'NONE',  ( 7.347154180015002645, 10.49999999999999822, -9.573227896341467869 ) ) ;
#4047 = VECTOR ( 'NONE', #65, 1000.000000000000000 ) ;
#4048 = CARTESIAN_POINT ( 'NONE',  ( -8.896077046768064989, 10.49999999999999822, 0.4854071598231533557 ) ) ;
#4049 = CARTESIAN_POINT ( 'NONE',  ( 11.57063189688863858, 10.50000000000000000, -9.524405921353663373 ) ) ;
#4050 = EDGE_CURVE ( 'NONE', #3379, #1918, #469, .T. ) ;
#4051 = ORIENTED_EDGE ( 'NONE', *, *, #1539, .F. ) ;
#4052 = FACE_OUTER_BOUND ( 'NONE', #4450, .T. ) ;
#4053 = DIRECTION ( 'NONE',  ( 0.000000000000000000, 0.000000000000000000, -1.000000000000000000 ) ) ;
#4054 = CARTESIAN_POINT ( 'NONE',  ( 11.72456241687980416, 10.49999999999999645, -7.816128653816421412 ) ) ;
#4055 = FACE_OUTER_BOUND ( 'NONE', #5093, .T. ) ;
#4056 = CARTESIAN_POINT ( 'NONE',  ( 6.796311363298968011, 11.00000000000000178, 2.743347617036439701 ) ) ;
#4057 = CARTESIAN_POINT ( 'NONE',  ( 11.29729002301003504, 10.99999999999999645, 1.570400566115654373 ) ) ;
#4058 = B_SPLINE_CURVE_WITH_KNOTS ( 'NONE', 3,
 ( #5081, #4257, #5413, #2067, #1620, #1682, #4199, #5110, #3796, #2040, #2098, #1312, #4587, #2961, #457, #819, #2988, #4172, #846 ),
 .UNSPECIFIED., .F., .F.,
 ( 4, 1, 1, 1, 1, 1, 1, 1, 1, 1, 1, 1, 1, 1, 1, 1, 4 ),
 ( 0.000000000000000000, 0.06557823264418237430, 0.1292223545505367943, 0.1924061844659310516, 0.2543065654343108495, 0.3157484370094335024, 0.3779428366412650453, 0.4411266665566592193, 0.5058320707432917285, 0.5703492406280074034, 0.6330694006431418774, 0.6940742407495209543, 0.7540587854441084259, 0.8140230513873742968, 0.8745525543506156296, 0.9359795783187129237, 1.000000000000000000 ),
 .UNSPECIFIED. ) ;
#4059 = CARTESIAN_POINT ( 'NONE',  ( 12.07764379515107933, 10.49999999999999822, -10.04166672309890451 ) ) ;
#4060 = CARTESIAN_POINT ( 'NONE',  ( -4.442857079916996632, 10.49999999999999645, -8.071723750062846037 ) ) ;
#4061 = CARTESIAN_POINT ( 'NONE',  ( 3.398113208883831060, 11.00000000000000355, -1.475357951040890736 ) ) ;
#4062 = CARTESIAN_POINT ( 'NONE',  ( 13.77055441235664190, 10.99999999999999822, -3.716994934501298253 ) ) ;
#4063 = CARTESIAN_POINT ( 'NONE',  ( 10.16473516755355710, 10.99999999999999822, -14.40015122741312403 ) ) ;
#4064 = FACE_BOUND ( 'NONE', #1736, .T. ) ;
#4065 = EDGE_LOOP ( 'NONE', ( #2757, #347, #1151, #985 ) ) ;
#4066 = VERTEX_POINT ( 'NONE', #2582 ) ;
#4067 = ORIENTED_EDGE ( 'NONE', *, *, #3708, .T. ) ;
#4068 = ORIENTED_EDGE ( 'NONE', *, *, #3334, .T. ) ;
#4069 = CARTESIAN_POINT ( 'NONE',  ( 23.42851489622110606, 11.00000000000000355, -11.89426989438760174 ) ) ;
#4070 = CARTESIAN_POINT ( 'NONE',  ( 2.679936369427048604, 10.99999999999999822, -10.02557137634362583 ) ) ;
#4071 = CARTESIAN_POINT ( 'NONE',  ( -14.28719849249699081, 10.49999999999999822, -6.546877240267221509 ) ) ;
#4072 = B_SPLINE_SURFACE_WITH_KNOTS ( 'NONE', 3, 1, ( 
 ( #509, #3894 ),
 ( #1783, #4056 ),
 ( #5265, #3667 ),
 ( #4818, #1077 ),
 ( #5317, #3230 ),
 ( #1974, #3146 ),
 ( #1025, #4874 ),
 ( #2836, #1496 ),
 ( #5295, #4518 ),
 ( #668, #5347 ),
 ( #696, #1890 ),
 ( #3587, #2363 ),
 ( #3177, #2391 ),
 ( #1523, #720 ),
 ( #1555, #4903 ),
 ( #3561, #2728 ),
 ( #2778, #1922 ),
 ( #1443, #3258 ),
 ( #1472, #5240 ) ),
 .UNSPECIFIED., .F., .F., .F.,
 ( 4, 1, 1, 1, 1, 1, 1, 1, 1, 1, 1, 1, 1, 1, 1, 1, 4 ),
 ( 2, 2 ),
 ( 0.000000000000000000, 0.09263307917966594196, 0.1812578326846235044, 0.2677463166116325066, 0.3525759815441522615, 0.4353261026888182728, 0.5156798943772891164, 0.5949223282687576830, 0.6746516928653017997, 0.7150324028280876654, 0.7546742859889800092, 0.7946148660789127405, 0.8346221552083454842, 0.8751460061963551862, 0.9158349703271242426, 0.9574349943276478925, 1.000000000000000000 ),
 ( 0.000000000000000000, 1.000000000000000000 ),
 .UNSPECIFIED. ) ;
#4073 = CARTESIAN_POINT ( 'NONE',  ( -38.48999999999999488, 11.00000000000000000, -15.67000000000001059 ) ) ;
#4074 = CARTESIAN_POINT ( 'NONE',  ( -4.584643313799783293, 10.49999999999999822, -3.552527687885102647 ) ) ;
#4075 = DIRECTION ( 'NONE',  ( -0.6246950475544245096, 0.000000000000000000, -0.7808688094430301652 ) ) ;
#4076 = CARTESIAN_POINT ( 'NONE',  ( 0.4498511337652404407, 11.00000000000000000, -3.285088366996955500 ) ) ;
#4077 = ORIENTED_EDGE ( 'NONE', *, *, #791, .T. ) ;
#4078 = DIRECTION ( 'NONE',  ( 1.000000000000000000, 0.000000000000000000, 0.000000000000000000 ) ) ;
#4079 = CARTESIAN_POINT ( 'NONE',  ( 7.107418860458743382, 10.99999999999999645, 2.751525581173775770 ) ) ;
#4080 = EDGE_CURVE ( 'NONE', #2373, #803, #5064, .T. ) ;
#4081 = CARTESIAN_POINT ( 'NONE',  ( 3.030929775394811898, 10.49999999999999645, -2.581479027203728904 ) ) ;
#4082 = DIRECTION ( 'NONE',  ( 0.000000000000000000, -0.000000000000000000, -1.000000000000000000 ) ) ;
#4083 = PLANE ( 'NONE',  #1637 ) ;
#4084 = CARTESIAN_POINT ( 'NONE',  ( -9.127690929646838924, 10.49999999999999822, -9.625206284393026834 ) ) ;
#4085 = CARTESIAN_POINT ( 'NONE',  ( 11.57063189688863858, 11.00000000000000000, -9.524405921353663373 ) ) ;
#4086 = CARTESIAN_POINT ( 'NONE',  ( -10.93015769469763221, 10.49999999999999645, -10.78248381255061794 ) ) ;
#4087 = EDGE_CURVE ( 'NONE', #222, #2373, #5066, .T. ) ;
#4088 = CARTESIAN_POINT ( 'NONE',  ( -12.71503063537631206, 11.00000000000000355, -16.89031103633968911 ) ) ;
#4089 = CARTESIAN_POINT ( 'NONE',  ( 13.54582794992259132, 10.49999999999999822, -4.975228648934434617 ) ) ;
#4090 = CARTESIAN_POINT ( 'NONE',  ( 9.135673036873297903, 10.99999999999999822, -15.58081100374876193 ) ) ;
#4091 = VECTOR ( 'NONE', #1552, 1000.000000000000000 ) ;
#4092 = CARTESIAN_POINT ( 'NONE',  ( -14.00466892343030523, 11.00000000000000355, -6.907575538794191949 ) ) ;
#4093 = CIRCLE ( 'NONE', #4623, 3.000000000000002665 ) ;
#4094 = ORIENTED_EDGE ( 'NONE', *, *, #446, .T. ) ;
#4095 = ORIENTED_EDGE ( 'NONE', *, *, #21, .T. ) ;
#4096 = DIRECTION ( 'NONE',  ( 0.000000000000000000, 0.000000000000000000, -1.000000000000000000 ) ) ;
#4097 = CARTESIAN_POINT ( 'NONE',  ( 3.776604684162828907, 11.00000000000000178, -9.055677819624566638 ) ) ;
#4098 = CARTESIAN_POINT ( 'NONE',  ( -14.54545971575614693, 10.49999999999999822, -6.171314639284005921 ) ) ;
#4099 = CARTESIAN_POINT ( 'NONE',  ( -26.91648926119900409, 10.49999999999999822, -2.469335510969943304 ) ) ;
#4100 = CARTESIAN_POINT ( 'NONE',  ( -8.738692753489422316, 10.99999999999999645, 2.751525581173775770 ) ) ;
#4101 = CARTESIAN_POINT ( 'NONE',  ( -11.75725170596355440, 11.00000000000000355, -0.5711074751799876115 ) ) ;
#4102 = LINE ( 'NONE', #2047, #2179 ) ;
#4103 = CARTESIAN_POINT ( 'NONE',  ( 8.875584850427758354, 10.99999999999999467, -15.74858434164173460 ) ) ;
#4104 = B_SPLINE_SURFACE_WITH_KNOTS ( 'NONE', 3, 1, ( 
 ( #2925, #2868 ),
 ( #5019, #1219 ),
 ( #4635, #4607 ),
 ( #2536, #2954 ),
 ( #942, #1191 ),
 ( #811, #2061 ),
 ( #2508, #4225 ),
 ( #3374, #3916 ),
 ( #112, #3291 ),
 ( #342, #4964 ),
 ( #426, #3403 ),
 ( #5074, #2119 ),
 ( #2453, #1275 ),
 ( #4193, #397 ),
 ( #2980, #3814 ),
 ( #4549, #4660 ),
 ( #2641, #3789 ),
 ( #2034, #4327 ),
 ( #1164, #785 ) ),
 .UNSPECIFIED., .F., .F., .F.,
 ( 4, 1, 1, 1, 1, 1, 1, 1, 1, 1, 1, 1, 1, 1, 1, 1, 4 ),
 ( 2, 2 ),
 ( 0.000000000000000000, 0.06545137439270624913, 0.1283012966323240911, 0.1898461666692817518, 0.2501582250180908740, 0.3096868125099236368, 0.3701593555817414005, 0.4311853091140627203, 0.4933958659505226496, 0.5562891445974094129, 0.6182655696068304341, 0.6792766321014257480, 0.7402876945960213950, 0.8025566468366116535, 0.8663773370865411882, 0.9322162741114030649, 1.000000000000000000 ),
 ( 0.000000000000000000, 1.000000000000000000 ),
 .UNSPECIFIED. ) ;
#4105 = CARTESIAN_POINT ( 'NONE',  ( -2.797463956865952284, 11.00000000000000178, -6.158099620611373837 ) ) ;
#4106 = FACE_OUTER_BOUND ( 'NONE', #3282, .T. ) ;
#4107 = CARTESIAN_POINT ( 'NONE',  ( -8.498957433933163941, 10.49999999999999822, -16.11289300685976400 ) ) ;
#4108 = CARTESIAN_POINT ( 'NONE',  ( 5.846086660091438958, 11.00000000000000178, -7.163151700223891361 ) ) ;
#4109 = PLANE ( 'NONE',  #133 ) ;
#4110 = CARTESIAN_POINT ( 'NONE',  ( -7.091525999297467742, 11.00000000000000000, -7.039217158661793761 ) ) ;
#4111 = ADVANCED_FACE ( 'NONE', ( #4293 ), #528, .T. ) ;
#4112 = CARTESIAN_POINT ( 'NONE',  ( -10.26727923691777811, 10.50000000000000355, -15.59384789299878271 ) ) ;
#4113 = CARTESIAN_POINT ( 'NONE',  ( -8.498957433933163941, 10.99999999999999645, -9.573227896341467869 ) ) ;
#4114 = CARTESIAN_POINT ( 'NONE',  ( 3.030929775394811898, 10.99999999999999822, -2.581479027203728904 ) ) ;
#4115 = CARTESIAN_POINT ( 'NONE',  ( -14.38027298795089060, 10.50000000000000000, -12.92080182030208135 ) ) ;
#4116 = CARTESIAN_POINT ( 'NONE',  ( -11.57370249755085112, 10.99999999999999645, -12.20630241628765056 ) ) ;
#4117 = EDGE_CURVE ( 'NONE', #4796, #5067, #2824, .T. ) ;
#4118 = ORIENTED_EDGE ( 'NONE', *, *, #3009, .F. ) ;
#4119 = ORIENTED_EDGE ( 'NONE', *, *, #3609, .F. ) ;
#4120 = CARTESIAN_POINT ( 'NONE',  ( 21.07667177042831952, 11.00000000000000000, -8.319138786751897996 ) ) ;
#4121 = CARTESIAN_POINT ( 'NONE',  ( 1.891242427610834831, 11.00000000000000000, -11.18542321116952287 ) ) ;
#4122 = CARTESIAN_POINT ( 'NONE',  ( -14.54545971575614693, 11.00000000000000000, -6.171314639284005921 ) ) ;
#4123 = CARTESIAN_POINT ( 'NONE',  ( -21.17612050051343786, 10.49999999999999645, -15.41799101342853540 ) ) ;
#4124 = DIRECTION ( 'NONE',  ( -1.000000000000000000, 0.000000000000000000, 0.000000000000000000 ) ) ;
#4125 = LINE ( 'NONE', #4975, #497 ) ;
#4126 = AXIS2_PLACEMENT_3D ( 'NONE', #2154, #1345, #48 ) ;
#4127 = CIRCLE ( 'NONE', #3782, 3.000000000000000000 ) ;
#4128 = CARTESIAN_POINT ( 'NONE',  ( 10.38910542187986863, 10.99999999999999645, -13.81878840695711119 ) ) ;
#4129 = CARTESIAN_POINT ( 'NONE',  ( 5.604725122722753028, 10.49999999999999822, -10.11305156707839181 ) ) ;
#4130 = CARTESIAN_POINT ( 'NONE',  ( 2.629270285332615753, 10.49999999999999467, -16.38286677407669245 ) ) ;
#4131 = DIRECTION ( 'NONE',  ( -0.000000000000000000, 1.000000000000000000, -0.000000000000000000 ) ) ;
#4132 = CARTESIAN_POINT ( 'NONE',  ( 7.103488773252902178, 11.00000000000000000, -7.309497665777443309 ) ) ;
#4133 = CARTESIAN_POINT ( 'NONE',  ( 27.36308831935975405, 10.49999999999999822, 2.499999999999995115 ) ) ;
#4134 = AXIS2_PLACEMENT_3D ( 'NONE', #4779, #3526, #5203 ) ;
#4135 = CARTESIAN_POINT ( 'NONE',  ( -11.40382036982087577, 10.50000000000000178, -14.13933676921954685 ) ) ;
#4136 = CARTESIAN_POINT ( 'NONE',  ( 3.192967772463436216, 10.49999999999999645, -9.514506369697693700 ) ) ;
#4137 = CARTESIAN_POINT ( 'NONE',  ( 4.088859907984618403, 11.00000000000000000, -0.5711074751799869453 ) ) ;
#4138 = PRODUCT_DEFINITION ( '未知', '', #722, #5235 ) ;
#4139 = DIRECTION ( 'NONE',  ( 1.982541115402065110E-16, 0.000000000000000000, -1.000000000000000000 ) ) ;
#4140 = DIRECTION ( 'NONE',  ( 0.000000000000000000, -1.000000000000000000, 0.000000000000000000 ) ) ;
#4141 = CARTESIAN_POINT ( 'NONE',  ( -54.75000000000000000, 11.00000000000000000, 47.49999999999999289 ) ) ;
#4142 = CARTESIAN_POINT ( 'NONE',  ( -15.39626048018292614, 10.49999999999999822, -3.285088366996955500 ) ) ;
#4143 = ORIENTED_EDGE ( 'NONE', *, *, #5230, .F. ) ;
#4144 = EDGE_LOOP ( 'NONE', ( #1877, #2541, #1055 ) ) ;
#4145 = FACE_OUTER_BOUND ( 'NONE', #1465, .T. ) ;
#4146 = EDGE_CURVE ( 'NONE', #463, #4771, #3455, .T. ) ;
#4147 = CARTESIAN_POINT ( 'NONE',  ( 4.457871722645166734, 10.50000000000000178, 2.338284246098173202 ) ) ;
#4148 = CARTESIAN_POINT ( 'NONE',  ( -5.463854741261934933, 11.00000000000000000, -11.90350887724605222 ) ) ;
#4149 = CARTESIAN_POINT ( 'NONE',  ( -23.86835172077785572, 11.00000000000000355, -3.701561574247818065 ) ) ;
#4150 = LINE ( 'NONE', #4177, #588 ) ;
#4151 = SHAPE_DEFINITION_REPRESENTATION ( #1541, #4020 ) ;
#4152 = EDGE_CURVE ( 'NONE', #4853, #3597, #2697, .T. ) ;
#4153 = CARTESIAN_POINT ( 'NONE',  ( -12.60365530491819896, 10.49999999999999645, -1.823151137672665012 ) ) ;
#4154 = DIRECTION ( 'NONE',  ( -0.000000000000000000, 0.000000000000000000, -1.000000000000000000 ) ) ;
#4155 = CARTESIAN_POINT ( 'NONE',  ( 4.283558240596099687, 10.49999999999999822, -8.613464506054816283 ) ) ;
#4156 = CARTESIAN_POINT ( 'NONE',  ( -2.194000561604872335, 11.00000000000000000, -4.564449597647652013 ) ) ;
#4157 = CARTESIAN_POINT ( 'NONE',  ( 7.358944441632523592, 10.49999999999999822, -18.37662323742378234 ) ) ;
#4158 = CARTESIAN_POINT ( 'NONE',  ( -8.168906009434865112, 10.50000000000000000, -16.10326152587798276 ) ) ;
#4159 = CARTESIAN_POINT ( 'NONE',  ( -38.48999999999999488, 11.00000000000000000, -15.67000000000001059 ) ) ;
#4160 = CARTESIAN_POINT ( 'NONE',  ( -8.593140083775029581, 10.49999999999999645, 0.4851405820499730126 ) ) ;
#4161 = CARTESIAN_POINT ( 'NONE',  ( -57.75000000000000000, 11.00000000000000000, 47.49999999999999289 ) ) ;
#4162 = FACE_OUTER_BOUND ( 'NONE', #5470, .T. ) ;
#4163 = CARTESIAN_POINT ( 'NONE',  ( -14.39015815548780530, 11.00000000000000178, -13.14567716645032114 ) ) ;
#4164 = CARTESIAN_POINT ( 'NONE',  ( 4.382878685147603370, 10.50000000000000000, -0.3207411193410646399 ) ) ;
#4165 = DIRECTION ( 'NONE',  ( -0.000000000000000000, -1.000000000000000000, -0.000000000000000000 ) ) ;
#4166 = CARTESIAN_POINT ( 'NONE',  ( 41.74999999999999289, 5.999999999999999112, 30.00000000000000000 ) ) ;
#4167 = CARTESIAN_POINT ( 'NONE',  ( -2.797463956865952284, 10.50000000000000000, -6.158099620611373837 ) ) ;
#4168 = B_SPLINE_CURVE_WITH_KNOTS ( 'NONE', 3,
 ( #6, #5399, #308, #4543, #393, #2503, #5013, #1668, #2084, #750, #721, #3286, #2000, #4218, #3783, #1609, #4519, #1695, #2476 ),
 .UNSPECIFIED., .F., .F.,
 ( 4, 1, 1, 1, 1, 1, 1, 1, 1, 1, 1, 1, 1, 1, 1, 1, 4 ),
 ( 0.000000000000000000, 0.06991984567233448800, 0.1372054189840654914, 0.2017638460151232327, 0.2645849827046582448, 0.3263992762502298528, 0.3870105554954119120, 0.4478754524681907712, 0.5096411020608848652, 0.5707677847448894282, 0.6305017923276146075, 0.6893709851241361930, 0.7491395764663526524, 0.8088452733458765254, 0.8700947621460093373, 0.9337299782602210829, 1.000000000000000000 ),
 .UNSPECIFIED. ) ;
#4169 = ORIENTED_EDGE ( 'NONE', *, *, #605, .T. ) ;
#4170 = ORIENTED_EDGE ( 'NONE', *, *, #1229, .T. ) ;
#4171 = CARTESIAN_POINT ( 'NONE',  ( 9.789180720635432209, 10.99999999999998934, -6.453961277063840818 ) ) ;
#4172 = CARTESIAN_POINT ( 'NONE',  ( 7.239621192054404908, 11.00000000000000000, -9.576572952610069578 ) ) ;
#4173 = DIRECTION ( 'NONE',  ( 0.000000000000000000, 0.000000000000000000, 1.000000000000000000 ) ) ;
#4174 = CARTESIAN_POINT ( 'NONE',  ( -24.21378473020215694, 11.00000000000000888, -2.582885060548116840 ) ) ;
#4175 = AXIS2_PLACEMENT_3D ( 'NONE', #3839, #5464, #35 ) ;
#4176 = ADVANCED_FACE ( 'NONE', ( #3975 ), #1899, .T. ) ;
#4177 = CARTESIAN_POINT ( 'NONE',  ( -57.75000000000000000, -11.00000000000000000, 47.49999999999999289 ) ) ;
#4178 = DIRECTION ( 'NONE',  ( 0.000000000000000000, 0.000000000000000000, 1.000000000000000000 ) ) ;
#4179 = CARTESIAN_POINT ( 'NONE',  ( -15.39394351546038742, 10.49999999999999822, -3.430701759903103110 ) ) ;
#4180 = VECTOR ( 'NONE', #3821, 1000.000000000000000 ) ;
#4181 = CARTESIAN_POINT ( 'NONE',  ( 4.427099386075644460, 11.00000000000000000, -8.669307838998195237 ) ) ;
#4182 = CARTESIAN_POINT ( 'NONE',  ( 10.49986918561516092, 10.49999999999999822, -13.18588002814276905 ) ) ;
#4183 = EDGE_CURVE ( 'NONE', #3954, #3378, #2268, .T. ) ;
#4184 = CARTESIAN_POINT ( 'NONE',  ( 4.222734851371947151, 10.49999999999999822, -12.85485071321813422 ) ) ;
#4185 = ORIENTED_EDGE ( 'NONE', *, *, #3312, .F. ) ;
#4186 = CARTESIAN_POINT ( 'NONE',  ( 13.24636714464995535, 10.49999999999999645, -5.773079072421753999 ) ) ;
#4187 = CARTESIAN_POINT ( 'NONE',  ( -8.168906009434865112, 10.50000000000000000, -16.10326152587798276 ) ) ;
#4188 = CARTESIAN_POINT ( 'NONE',  ( -20.92982326600609966, 10.49999999999999822, -15.86136742568598024 ) ) ;
#4189 = CARTESIAN_POINT ( 'NONE',  ( -4.580660489710364658, 11.00000000000000000, -3.418711331995527125 ) ) ;
#4190 = CARTESIAN_POINT ( 'NONE',  ( 5.106612437560159812, 10.49999999999999822, -15.18795678384889847 ) ) ;
#4191 = CARTESIAN_POINT ( 'NONE',  ( 4.207837802584569076, 10.50000000000000000, -8.799541172976844905 ) ) ;
#4192 = CARTESIAN_POINT ( 'NONE',  ( 12.22233984496675596, 10.49999999999999822, 0.7906542165759592455 ) ) ;
#4193 = CARTESIAN_POINT ( 'NONE',  ( 4.442291244127294370, 10.49999999999999645, -14.13933676921954152 ) ) ;
#4194 = DIRECTION ( 'NONE',  ( 0.000000000000000000, 0.000000000000000000, -1.000000000000000000 ) ) ;
#4195 = CARTESIAN_POINT ( 'NONE',  ( -10.54707766693806725, 10.49999999999999822, 2.575735096875018115 ) ) ;
#4196 = ORIENTED_EDGE ( 'NONE', *, *, #1300, .F. ) ;
#4197 = ORIENTED_EDGE ( 'NONE', *, *, #3392, .T. ) ;
#4198 = CARTESIAN_POINT ( 'NONE',  ( 11.26545112423780104, 10.99999999999998934, -3.418711331995527125 ) ) ;
#4199 = CARTESIAN_POINT ( 'NONE',  ( 4.571302967123890504, 10.99999999999999822, -11.31419322818666906 ) ) ;
#4200 = FACE_OUTER_BOUND ( 'NONE', #2831, .T. ) ;
#4201 = VERTEX_POINT ( 'NONE', #1946 ) ;
#4202 = CARTESIAN_POINT ( 'NONE',  ( -11.61245024212376720, 10.99999999999999822, -13.19374844126196145 ) ) ;
#4203 = ORIENTED_EDGE ( 'NONE', *, *, #4346, .T. ) ;
#4204 = CARTESIAN_POINT ( 'NONE',  ( -27.22208566957993625, 10.49999999999999645, -1.414121193633511187 ) ) ;
#4205 = CYLINDRICAL_SURFACE ( 'NONE', #2499, 3.000000000000002665 ) ;
#4206 = AXIS2_PLACEMENT_3D ( 'NONE', #224, #3663, #2801 ) ;
#4207 = CARTESIAN_POINT ( 'NONE',  ( -11.56255337335206512, 10.49999999999999645, -8.613464506054814507 ) ) ;
#4208 = EDGE_CURVE ( 'NONE', #465, #1766, #5343, .T. ) ;
#4209 = CARTESIAN_POINT ( 'NONE',  ( -30.99084651295731874, 11.00000000000000000, -15.86136742568598024 ) ) ;
#4210 = CARTESIAN_POINT ( 'NONE',  ( 5.127371441656102924, 10.50000000000000000, -10.53750311030915476 ) ) ;
#4211 = ORIENTED_EDGE ( 'NONE', *, *, #359, .F. ) ;
#4212 = FACE_BOUND ( 'NONE', #2290, .T. ) ;
#4213 = CARTESIAN_POINT ( 'NONE',  ( -7.847344155092789819, 10.49999999999999467, -16.05987475837657641 ) ) ;
#4214 = B_SPLINE_CURVE_WITH_KNOTS ( 'NONE', 3,
 ( #4046, #710, #685, #3578, #246, #3606, #1938, #5310, #4893, #2795, #1909, #3220, #3194, #3554, #4483, #2718, #3994, #1435, #2327 ),
 .UNSPECIFIED., .F., .F.,
 ( 4, 1, 1, 1, 1, 1, 1, 1, 1, 1, 1, 1, 1, 1, 1, 1, 4 ),
 ( 0.000000000000000000, 0.06302915618029729383, 0.1234804025299602454, 0.1838066203148567557, 0.2442978212269449334, 0.3040809109571067093, 0.3653016354693813250, 0.4284217670430552349, 0.4938398027159142112, 0.5593501064680181933, 0.6238616128364200542, 0.6862405444609483984, 0.7477958109420476118, 0.8094883027098110917, 0.8718817573871822102, 0.9346420084294422281, 1.000000000000000000 ),
 .UNSPECIFIED. ) ;
#4215 = CARTESIAN_POINT ( 'NONE',  ( 30.38139529344512013, 10.49999999999999822, -4.542716272865859217 ) ) ;
#4216 = CIRCLE ( 'NONE', #2717, 3.300000000000011369 ) ;
#4217 = EDGE_CURVE ( 'NONE', #499, #93, #5446, .T. ) ;
#4218 = CARTESIAN_POINT ( 'NONE',  ( -4.864042252516384224, 11.00000000000000178, -1.843477361791921343 ) ) ;
#4219 = VECTOR ( 'NONE', #1797, 1000.000000000000000 ) ;
#4220 = LINE ( 'NONE', #3287, #1184 ) ;
#4221 = CARTESIAN_POINT ( 'NONE',  ( -3.533433022368853038, 10.50000000000000000, -7.227222992459361173 ) ) ;
#4222 = EDGE_CURVE ( 'NONE', #2261, #816, #3163, .T. ) ;
#4223 = VECTOR ( 'NONE', #2890, 1000.000000000000000 ) ;
#4224 = CARTESIAN_POINT ( 'NONE',  ( 9.777448197506885208, 10.50000000000000000, 2.337455891084453619 ) ) ;
#4225 = CARTESIAN_POINT ( 'NONE',  ( 5.837741249346555250, 11.00000000000000000, -15.75570522457500644 ) ) ;
#4226 = DIRECTION ( 'NONE',  ( 0.000000000000000000, 0.000000000000000000, -1.000000000000000000 ) ) ;
#4227 = CARTESIAN_POINT ( 'NONE',  ( -2.068794180405085115, 10.49999999999999822, -3.429283880952282981 ) ) ;
#4228 = ORIENTED_EDGE ( 'NONE', *, *, #605, .F. ) ;
#4229 = ORIENTED_EDGE ( 'NONE', *, *, #1434, .F. ) ;
#4230 = CARTESIAN_POINT ( 'NONE',  ( -8.738692753489422316, 10.49999999999999822, 2.751525581173775770 ) ) ;
#4231 = CARTESIAN_POINT ( 'NONE',  ( 6.187558300500024089, 10.50000000000000178, 2.727345557421958055 ) ) ;
#4232 = PLANE ( 'NONE',  #3340 ) ;
#4233 = ORIENTED_EDGE ( 'NONE', *, *, #4183, .T. ) ;
#4234 = CARTESIAN_POINT ( 'NONE',  ( -18.92064450234106232, 10.49999999999999645, -15.16109543238831847 ) ) ;
#4235 = DIRECTION ( 'NONE',  ( -2.168404344971008128E-16, 0.000000000000000000, -1.000000000000000000 ) ) ;
#4236 = CARTESIAN_POINT ( 'NONE',  ( -12.60365530491819896, 10.99999999999999822, -1.823151137672665012 ) ) ;
#4237 = CARTESIAN_POINT ( 'NONE',  ( -5.034973093452436821, 10.50000000000000000, -5.274889234346052724 ) ) ;
#4238 = PLANE ( 'NONE',  #2897 ) ;
#4239 = B_SPLINE_SURFACE_WITH_KNOTS ( 'NONE', 3, 1, ( 
 ( #33, #3476 ),
 ( #562, #5152 ),
 ( #2586, #1353 ),
 ( #4271, #3057 ),
 ( #4732, #2642 ),
 ( #1806, #3505 ),
 ( #2252, #5180 ),
 ( #1753, #3424 ),
 ( #1386, #3837 ),
 ( #3944, #4244 ),
 ( #3089, #3453 ),
 ( #3533, #4762 ),
 ( #2670, #1721 ),
 ( #3863, #2976 ),
 ( #862, #5124 ),
 ( #1326, #3028 ),
 ( #913, #4898 ),
 ( #1942, #3142 ),
 ( #2331, #5313 ) ),
 .UNSPECIFIED., .F., .F., .F.,
 ( 4, 1, 1, 1, 1, 1, 1, 1, 1, 1, 1, 1, 1, 1, 1, 1, 4 ),
 ( 2, 2 ),
 ( 0.000000000000000000, 0.06302915618029729383, 0.1234804025299602454, 0.1838066203148567557, 0.2442978212269449334, 0.3040809109571067093, 0.3653016354693813250, 0.4284217670430552349, 0.4938398027159142112, 0.5593501064680181933, 0.6238616128364200542, 0.6862405444609483984, 0.7477958109420476118, 0.8094883027098110917, 0.8718817573871822102, 0.9346420084294422281, 1.000000000000000000 ),
 ( 0.000000000000000000, 1.000000000000000000 ),
 .UNSPECIFIED. ) ;
#4240 = DIRECTION ( 'NONE',  ( 0.7071067811865489050, -0.000000000000000000, -0.7071067811865460184 ) ) ;
#4241 = ORIENTED_EDGE ( 'NONE', *, *, #2454, .T. ) ;
#4242 = CARTESIAN_POINT ( 'NONE',  ( 12.02953942748805005, 10.49999999999999645, -7.536463987655458219 ) ) ;
#4243 = CARTESIAN_POINT ( 'NONE',  ( -5.457006192068300621, 11.00000000000000178, -13.81878840695711119 ) ) ;
#4244 = CARTESIAN_POINT ( 'NONE',  ( 9.574575362959437896, 11.00000000000000178, -10.54132049971321905 ) ) ;
#4245 = EDGE_CURVE ( 'NONE', #923, #679, #1101, .T. ) ;
#4246 = CARTESIAN_POINT ( 'NONE',  ( 7.347154180015002645, 10.49999999999999822, -16.11289300685976400 ) ) ;
#4247 = CARTESIAN_POINT ( 'NONE',  ( 4.207837802584569076, 11.00000000000000000, -8.799541172976844905 ) ) ;
#4248 = B_SPLINE_CURVE_WITH_KNOTS ( 'NONE', 3,
 ( #1299, #3890, #3369, #912, #32, #502, #3809, #444, #84, #833, #2112, #2197, #4630, #2529, #5, #2136, #391, #3027, #2559 ),
 .UNSPECIFIED., .F., .F.,
 ( 4, 1, 1, 1, 1, 1, 1, 1, 1, 1, 1, 1, 1, 1, 1, 1, 4 ),
 ( 0.000000000000000000, 0.06545137439270624913, 0.1283012966323240911, 0.1898461666692817518, 0.2501582250180908740, 0.3096868125099236368, 0.3701593555817414005, 0.4311853091140627203, 0.4933958659505226496, 0.5562891445974094129, 0.6182655696068304341, 0.6792766321014257480, 0.7402876945960213950, 0.8025566468366116535, 0.8663773370865411882, 0.9322162741114030649, 1.000000000000000000 ),
 .UNSPECIFIED. ) ;
#4249 = CYLINDRICAL_SURFACE ( 'NONE', #4992, 3.300000000000004263 ) ;
#4250 = DIRECTION ( 'NONE',  ( -0.7071067811865489050, -0.000000000000000000, 0.7071067811865460184 ) ) ;
#4251 = CARTESIAN_POINT ( 'NONE',  ( -8.738692753489422316, 10.49999999999999822, 2.751525581173775770 ) ) ;
#4252 = EDGE_CURVE ( 'NONE', #5411, #3524, #2320, .T. ) ;
#4253 = VERTEX_POINT ( 'NONE', #2803 ) ;
#4254 = EDGE_LOOP ( 'NONE', ( #4639, #3649, #4419, #2375 ) ) ;
#4255 = ORIENTED_EDGE ( 'NONE', *, *, #1031, .T. ) ;
#4256 = CARTESIAN_POINT ( 'NONE',  ( 11.25358601455264562, 10.49999999999999822, -3.817359553621924029 ) ) ;
#4257 = CARTESIAN_POINT ( 'NONE',  ( 4.226337362144838572, 11.00000000000000000, -12.74470359688527132 ) ) ;
#4258 = CARTESIAN_POINT ( 'NONE',  ( -5.335237233231706178, 11.00000000000000000, -12.85485071321813422 ) ) ;
#4259 = CARTESIAN_POINT ( 'NONE',  ( -24.50641411441755579, 11.00000000000000178, -1.496399868919551457 ) ) ;
#4260 = EDGE_LOOP ( 'NONE', ( #99, #1986, #1481, #1684, #4255, #1664, #4233 ) ) ;
#4261 = CARTESIAN_POINT ( 'NONE',  ( -14.77585172868704610, 11.00000000000000355, -5.787489614356032597 ) ) ;
#4262 = VERTEX_POINT ( 'NONE', #2308 ) ;
#4263 = CARTESIAN_POINT ( 'NONE',  ( -12.81518183855335380, 11.00000000000000000, -2.581479027203728904 ) ) ;
#4264 = CARTESIAN_POINT ( 'NONE',  ( 1.070259885261123811, 10.50000000000000000, -5.787489614356030820 ) ) ;
#4265 = AXIS2_PLACEMENT_3D ( 'NONE', #2298, #4805, #3908 ) ;
#4266 = CARTESIAN_POINT ( 'NONE',  ( -7.683668341606747276, 10.49999999999999822, -18.35142445075854312 ) ) ;
#4267 = CARTESIAN_POINT ( 'NONE',  ( -28.03542093416539771, 11.00000000000000000, 2.499999999999995115 ) ) ;
#4268 = ORIENTED_EDGE ( 'NONE', *, *, #4810, .F. ) ;
#4269 = CARTESIAN_POINT ( 'NONE',  ( -4.584643313799783293, 10.49999999999999822, -3.552527687885102647 ) ) ;
#4270 = CARTESIAN_POINT ( 'NONE',  ( -8.168906009434865112, 11.00000000000000178, -16.10326152587798276 ) ) ;
#4271 = CARTESIAN_POINT ( 'NONE',  ( 7.969299757565929454, 10.50000000000000000, -9.625573844668560142 ) ) ;
#4272 = CARTESIAN_POINT ( 'NONE',  ( 15.71928736235796542, 10.49999999999999822, -4.919553900631811416 ) ) ;
#4273 = DIRECTION ( 'NONE',  ( 1.982541115402065110E-16, 0.000000000000000000, -1.000000000000000000 ) ) ;
#4274 = CARTESIAN_POINT ( 'NONE',  ( 7.347154180015002645, 11.00000000000000000, -9.573227896341467869 ) ) ;
#4275 = EDGE_CURVE ( 'NONE', #3025, #317, #4617, .T. ) ;
#4276 = CARTESIAN_POINT ( 'NONE',  ( -7.683668341606747276, 10.49999999999999822, -18.35142445075854312 ) ) ;
#4277 = CARTESIAN_POINT ( 'NONE',  ( -13.60180069234135658, 11.00000000000000178, -10.58602604877687270 ) ) ;
#4278 = CARTESIAN_POINT ( 'NONE',  ( 6.956614907626955890, 10.49999999999999822, -7.306870669616457370 ) ) ;
#4279 = ORIENTED_EDGE ( 'NONE', *, *, #2965, .T. ) ;
#4280 = ORIENTED_EDGE ( 'NONE', *, *, #5021, .F. ) ;
#4281 = CARTESIAN_POINT ( 'NONE',  ( 11.19731888249620333, 10.99999999999998757, -4.205637562895960357 ) ) ;
#4282 = CARTESIAN_POINT ( 'NONE',  ( 0.4538418532078651868, 10.49999999999999645, -2.859472923377528453 ) ) ;
#4283 = CARTESIAN_POINT ( 'NONE',  ( -12.87498647371056570, 10.49999999999999467, -2.992424625057283016 ) ) ;
#4284 = ADVANCED_FACE ( 'NONE', ( #4106 ), #304, .F. ) ;
#4285 = CARTESIAN_POINT ( 'NONE',  ( -28.03542093416539771, 10.49999999999999822, 2.499999999999995115 ) ) ;
#4286 = ORIENTED_EDGE ( 'NONE', *, *, #4424, .F. ) ;
#4287 = CARTESIAN_POINT ( 'NONE',  ( 6.561345616373960077, 10.99999999999999645, -18.35359544416391842 ) ) ;
#4288 = LINE ( 'NONE', #1318, #5145 ) ;
#4289 = CARTESIAN_POINT ( 'NONE',  ( 0.4521680984877785581, 10.49999999999999822, -3.430701759903103554 ) ) ;
#4290 = EDGE_CURVE ( 'NONE', #4038, #3794, #1468, .T. ) ;
#4291 = CARTESIAN_POINT ( 'NONE',  ( 2.209968091367267462, 11.00000000000000355, -15.81288761633181394 ) ) ;
#4292 = AXIS2_PLACEMENT_3D ( 'NONE', #3296, #3409, #377 ) ;
#4293 = FACE_OUTER_BOUND ( 'NONE', #2094, .T. ) ;
#4294 = ORIENTED_EDGE ( 'NONE', *, *, #4208, .T. ) ;
#4295 = CARTESIAN_POINT ( 'NONE',  ( 49.75000000000000000, -11.00000000000000000, -32.50000000000000711 ) ) ;
#4296 = CARTESIAN_POINT ( 'NONE',  ( 2.965106945503045655, 11.00000000000000178, -3.418711331995527125 ) ) ;
#4297 = B_SPLINE_CURVE_WITH_KNOTS ( 'NONE', 3,
 ( #2171, #2231, #511, #892, #3870, #66, #3925, #3458, #4768, #3037, #4712, #976, #3979, #948, #2203, #3896, #4363, #2259, #91 ),
 .UNSPECIFIED., .F., .F.,
 ( 4, 1, 1, 1, 1, 1, 1, 1, 1, 1, 1, 1, 1, 1, 1, 1, 4 ),
 ( 0.000000000000000000, 0.06923823557697310338, 0.1358294382307504988, 0.1996908383031280598, 0.2626038608419797860, 0.3243379730475010048, 0.3857248784940197073, 0.4474218834357964192, 0.5100765351805883752, 0.5721159354493271509, 0.6324239229062866841, 0.6924114500268320205, 0.7512717322445815471, 0.8110744564309965154, 0.8720621337882958901, 0.9350570052840392332, 1.000000000000000000 ),
 .UNSPECIFIED. ) ;
#4298 = CARTESIAN_POINT ( 'NONE',  ( -4.740237557680799796, 10.49999999999999822, -2.210055806739936290 ) ) ;
#4299 = CARTESIAN_POINT ( 'NONE',  ( -24.97592700357966322, 11.00000000000000000, 0.5658191600452825432 ) ) ;
#4300 = CARTESIAN_POINT ( 'NONE',  ( -10.00837036460160689, 10.99999999999999645, -15.75570522457500289 ) ) ;
#4301 = AXIS2_PLACEMENT_3D ( 'NONE', #4009, #4883, #3646 ) ;
#4302 = CARTESIAN_POINT ( 'NONE',  ( 53.05000000000001847, -2.499999999999998668, 17.49999999999999645 ) ) ;
#4303 = CARTESIAN_POINT ( 'NONE',  ( 10.98206936143178325, 11.00000000000000178, -1.843477361791921343 ) ) ;
#4304 = AXIS2_PLACEMENT_3D ( 'NONE', #1074, #2306, #4053 ) ;
#4305 = FACE_BOUND ( 'NONE', #3321, .T. ) ;
#4306 = CARTESIAN_POINT ( 'NONE',  ( -23.48808947133955627, 10.49999999999999645, -4.858045620182542379 ) ) ;
#4307 = ORIENTED_EDGE ( 'NONE', *, *, #385, .T. ) ;
#4308 = ADVANCED_FACE ( 'NONE', ( #197 ), #3283, .T. ) ;
#4309 = ORIENTED_EDGE ( 'NONE', *, *, #697, .T. ) ;
#4310 = ORIENTED_EDGE ( 'NONE', *, *, #3312, .T. ) ;
#4311 = CARTESIAN_POINT ( 'NONE',  ( 18.20991521695765059, 10.99999999999990230, -4.542716272865859217 ) ) ;
#4312 = VECTOR ( 'NONE', #1092, 1000.000000000000000 ) ;
#4313 = DIRECTION ( 'NONE',  ( 0.000000000000000000, 0.000000000000000000, -1.000000000000000000 ) ) ;
#4314 = CARTESIAN_POINT ( 'NONE',  ( 13.10529028964111475, 10.50000000000000000, -14.54853304086318211 ) ) ;
#4315 = CARTESIAN_POINT ( 'NONE',  ( -25.75256131973605278, 11.00000000000000000, -5.827076670690746418 ) ) ;
#4316 = ORIENTED_EDGE ( 'NONE', *, *, #2859, .F. ) ;
#4317 = EDGE_CURVE ( 'NONE', #4664, #3084, #1919, .T. ) ;
#4318 = FACE_OUTER_BOUND ( 'NONE', #4651, .T. ) ;
#4319 = CARTESIAN_POINT ( 'NONE',  ( 49.75000000000000000, -11.00000000000000000, -35.80000000000001137 ) ) ;
#4320 = DIRECTION ( 'NONE',  ( 0.000000000000000000, 0.000000000000000000, 1.000000000000000000 ) ) ;
#4321 = LINE ( 'NONE', #1800, #2451 ) ;
#4322 = EDGE_CURVE ( 'NONE', #4824, #3888, #1701, .T. ) ;
#4323 = CARTESIAN_POINT ( 'NONE',  ( -21.17612050051343786, 10.99999999999999822, -15.41799101342853540 ) ) ;
#4324 = VERTEX_POINT ( 'NONE', #4571 ) ;
#4325 = CARTESIAN_POINT ( 'NONE',  ( -8.306015075109806745, 11.00000000000000355, -7.302860428163598705 ) ) ;
#4326 = CARTESIAN_POINT ( 'NONE',  ( 9.686587398444782337, 10.50000000000000000, -18.01012274321597673 ) ) ;
#4327 = CARTESIAN_POINT ( 'NONE',  ( 4.226412193841918352, 11.00000000000000000, -12.96890742630764848 ) ) ;
#4328 = CARTESIAN_POINT ( 'NONE',  ( -4.594038500800428082, 10.99999999999999645, -2.999630454844111060 ) ) ;
#4329 = FACE_BOUND ( 'NONE', #2817, .T. ) ;
#4330 = CARTESIAN_POINT ( 'NONE',  ( -12.87708928604057057, 11.00000000000000000, -3.556463577811508348 ) ) ;
#4331 = CARTESIAN_POINT ( 'NONE',  ( -10.74543953741837576, 10.49999999999999822, -6.887813572423907793 ) ) ;
#4332 = CARTESIAN_POINT ( 'NONE',  ( 49.75000000000000000, 5.999999999999998224, -10.80000000000001137 ) ) ;
#4333 = CARTESIAN_POINT ( 'NONE',  ( -13.95486918633732998, 10.99999999999999822, -11.18542321116952110 ) ) ;
#4334 = DIRECTION ( 'NONE',  ( 1.000000000000000000, 0.000000000000000000, 0.000000000000000000 ) ) ;
#4335 = ORIENTED_EDGE ( 'NONE', *, *, #3881, .T. ) ;
#4336 = ORIENTED_EDGE ( 'NONE', *, *, #4648, .T. ) ;
#4337 = CARTESIAN_POINT ( 'NONE',  ( -5.838480164831821639, 10.50000000000000000, -14.66880848042124619 ) ) ;
#4338 = DIRECTION ( 'NONE',  ( -0.000000000000000000, 1.000000000000000000, -0.000000000000000000 ) ) ;
#4339 = CARTESIAN_POINT ( 'NONE',  ( 7.629277814326071550, 10.99999999999999822, -18.36814522510236003 ) ) ;
#4340 = CARTESIAN_POINT ( 'NONE',  ( -3.623771768981410624, 10.49999999999999822, 0.7906542165759592455 ) ) ;
#4341 = ORIENTED_EDGE ( 'NONE', *, *, #1229, .F. ) ;
#4342 = VERTEX_POINT ( 'NONE', #3834 ) ;
#4343 = CARTESIAN_POINT ( 'NONE',  ( 1.464362679009109103, 10.49999999999999822, -13.38358649696485081 ) ) ;
#4344 = CARTESIAN_POINT ( 'NONE',  ( -4.812131825366539495, 11.00000000000000178, -17.34253210853336924 ) ) ;
#4345 = CARTESIAN_POINT ( 'NONE',  ( -12.89640360074225711, 10.50000000000000000, 1.584561690811185253 ) ) ;
#4346 = EDGE_CURVE ( 'NONE', #3267, #4324, #443, .T. ) ;
#4347 = CARTESIAN_POINT ( 'NONE',  ( 7.998767458855372325, 10.49999999999999467, -16.05987475837657641 ) ) ;
#4348 = CARTESIAN_POINT ( 'NONE',  ( -8.184619413392285381, 10.49999999999999645, -9.583070464813991052 ) ) ;
#4349 = ORIENTED_EDGE ( 'NONE', *, *, #3986, .F. ) ;
#4350 = CARTESIAN_POINT ( 'NONE',  ( -4.869825388708792779, 10.99999999999999645, -4.933993113885452253 ) ) ;
#4351 = CARTESIAN_POINT ( 'NONE',  ( -20.92982326600609966, 10.49999999999999822, -15.86136742568598024 ) ) ;
#4352 = AXIS2_PLACEMENT_3D ( 'NONE', #4295, #3940, #1751 ) ;
#4353 = LINE ( 'NONE', #1385, #3072 ) ;
#4354 = ADVANCED_FACE ( 'NONE', ( #3, #831, #4212, #361 ), #5010, .T. ) ;
#4355 = CARTESIAN_POINT ( 'NONE',  ( -4.585179719543980958, 10.99999999999999822, -3.277141498485124593 ) ) ;
#4356 = AXIS2_PLACEMENT_3D ( 'NONE', #5298, #4879, #3180 ) ;
#4357 = CARTESIAN_POINT ( 'NONE',  ( 24.84783250762195195, 10.49999999999971223, -4.542716272865859217 ) ) ;
#4358 = CARTESIAN_POINT ( 'NONE',  ( -11.98865984813064323, 10.50000000000000000, -5.934184098917836714 ) ) ;
#4359 = CARTESIAN_POINT ( 'NONE',  ( 24.84783250762195195, 10.49999999999999822, -2.278986042301834214 ) ) ;
#4360 = PLANE ( 'NONE',  #5004 ) ;
#4361 = VECTOR ( 'NONE', #3016, 1000.000000000000000 ) ;
#4362 = CARTESIAN_POINT ( 'NONE',  ( 11.20458736513391251, 11.00000000000000000, -2.592745307745567995 ) ) ;
#4363 = CARTESIAN_POINT ( 'NONE',  ( -12.86937597265809607, 10.99999999999999822, -3.827835855493607831 ) ) ;
#4364 = DIRECTION ( 'NONE',  ( -0.000000000000000000, 1.000000000000000000, -0.000000000000000000 ) ) ;
#4365 = ORIENTED_EDGE ( 'NONE', *, *, #2786, .T. ) ;
#4366 = ORIENTED_EDGE ( 'NONE', *, *, #1059, .F. ) ;
#4367 = CARTESIAN_POINT ( 'NONE',  ( 7.103488773252902178, 10.50000000000000000, 0.4877953506097513769 ) ) ;
#4368 = CARTESIAN_POINT ( 'NONE',  ( 10.29333802665804676, 10.49999999999999822, -14.11587401557059351 ) ) ;
#4369 = CARTESIAN_POINT ( 'NONE',  ( 11.61135536817725011, 10.49999999999999645, -16.90221961948399354 ) ) ;
#4370 = CARTESIAN_POINT ( 'NONE',  ( -2.268351293580524342, 10.49999999999999289, -1.630620413901466614 ) ) ;
#4371 = B_SPLINE_CURVE_WITH_KNOTS ( 'NONE', 3,
 ( #3557, #637, #3997, #1071, #4022, #4869, #2695, #2383, #3611, #2774, #4461 ),
 .UNSPECIFIED., .F., .F.,
 ( 4, 1, 1, 1, 1, 1, 1, 1, 4 ),
 ( 0.000000000000000000, 0.1177802745702745679, 0.2355024085973924097, 0.3541925801242353233, 0.4772718442520123561, 0.6035651148044751668, 0.7306535158806914954, 0.8630173949212399664, 0.9999999999999998890 ),
 .UNSPECIFIED. ) ;
#4372 = ORIENTED_EDGE ( 'NONE', *, *, #4537, .F. ) ;
#4373 = ORIENTED_EDGE ( 'NONE', *, *, #3577, .T. ) ;
#4374 = CARTESIAN_POINT ( 'NONE',  ( -5.335237233231706178, 11.00000000000000000, -12.85485071321813422 ) ) ;
#4375 = CARTESIAN_POINT ( 'NONE',  ( -13.60180069234135658, 10.50000000000000000, -10.58602604877687270 ) ) ;
#4376 = DIRECTION ( 'NONE',  ( -0.9663734014450151566, 0.000000000000000000, -0.2571428571428569509 ) ) ;
#4377 = CARTESIAN_POINT ( 'NONE',  ( -7.477660727111952177, 11.00000000000000000, -7.158861086473408797 ) ) ;
#4378 = DIRECTION ( 'NONE',  ( 0.000000000000000000, 0.000000000000000000, 1.000000000000000000 ) ) ;
#4379 = CARTESIAN_POINT ( 'NONE',  ( 13.09454418683463395, 10.49999999999999645, -11.83437446225390488 ) ) ;
#4380 = CARTESIAN_POINT ( 'NONE',  ( -2.996779885855131109, 11.00000000000000355, -11.20525741977228229 ) ) ;
#4381 = B_SPLINE_CURVE_WITH_KNOTS ( 'NONE', 3,
 ( #726, #3671, #4547, #4114, #754, #4908, #4061, #4962, #3316, #4137, #4470, #4497, #2032, #5379, #311, #5433, #2896, #4578, #3703 ),
 .UNSPECIFIED., .F., .F.,
 ( 4, 1, 1, 1, 1, 1, 1, 1, 1, 1, 1, 1, 1, 1, 1, 1, 4 ),
 ( 0.000000000000000000, 0.06738113814185216210, 0.1316191086167763646, 0.1937004165519009280, 0.2539063513561236052, 0.3130795607646421619, 0.3715552226999620511, 0.4304523132901792448, 0.4902115663337905382, 0.5505666952165707562, 0.6105012691613164177, 0.6707445371242347631, 0.7322436493756238063, 0.7949824289929092735, 0.8605312189298762737, 0.9283364645205585131, 1.000000000000000000 ),
 .UNSPECIFIED. ) ;
#4382 = CARTESIAN_POINT ( 'NONE',  ( -36.54999999999999716, -11.00000000000000000, 29.22637585982666053 ) ) ;
#4383 = CARTESIAN_POINT ( 'NONE',  ( -10.73949917638801210, 11.00000000000000000, -15.18795678384890380 ) ) ;
#4384 = EDGE_CURVE ( 'NONE', #2526, #4527, #2945, .T. ) ;
#4385 = AXIS2_PLACEMENT_3D ( 'NONE', #802, #3805, #3281 ) ;
#4386 = CARTESIAN_POINT ( 'NONE',  ( -46.49000000000000199, 11.00000000000000000, -44.49999999999999289 ) ) ;
#4387 = CARTESIAN_POINT ( 'NONE',  ( 6.651387969187501525, 10.49999999999999645, 0.4807593559471461941 ) ) ;
#4388 = CARTESIAN_POINT ( 'NONE',  ( -11.11534330116661629, 10.50000000000000178, -11.04310857290538195 ) ) ;
#4389 = CARTESIAN_POINT ( 'NONE',  ( -14.39015815548780530, 11.00000000000000178, -13.14567716645032114 ) ) ;
#4390 = CARTESIAN_POINT ( 'NONE',  ( -20.94380938855200824, 10.49999999999999822, -11.09552048999671392 ) ) ;
#4391 = ORIENTED_EDGE ( 'NONE', *, *, #3004, .T. ) ;
#4392 = EDGE_CURVE ( 'NONE', #3776, #3523, #1291, .T. ) ;
#4393 = VERTEX_POINT ( 'NONE', #5396 ) ;
#4394 = CARTESIAN_POINT ( 'NONE',  ( 7.103488773252902178, 10.49999999999999822, -7.309497665777443309 ) ) ;
#4395 = CARTESIAN_POINT ( 'NONE',  ( 8.598453342517249354, 10.49999999999999645, -15.88302372740492707 ) ) ;
#4396 = CARTESIAN_POINT ( 'NONE',  ( 13.27765577362804628, 11.00000000000000000, -13.14567716645031936 ) ) ;
#4397 = CIRCLE ( 'NONE', #758, 3.300000000000011369 ) ;
#4398 = CARTESIAN_POINT ( 'NONE',  ( -26.91648926119900409, 10.49999999999999822, -2.469335510969943304 ) ) ;
#4399 = CIRCLE ( 'NONE', #4658, 5.499999999999998224 ) ;
#4400 = ORIENTED_EDGE ( 'NONE', *, *, #5462, .T. ) ;
#4401 = ORIENTED_EDGE ( 'NONE', *, *, #3992, .T. ) ;
#4402 = DIRECTION ( 'NONE',  ( 1.000000000000000000, 2.871996599870261928E-13, 0.000000000000000000 ) ) ;
#4403 = CARTESIAN_POINT ( 'NONE',  ( 6.247438013225379727, 10.49999999999999467, -7.249785751429270952 ) ) ;
#4404 = VECTOR ( 'NONE', #1575, 1000.000000000000000 ) ;
#4405 = CARTESIAN_POINT ( 'NONE',  ( 10.81513910739269768, 10.49999999999999645, -1.500086236500234982 ) ) ;
#4406 = LINE ( 'NONE', #1514, #1249 ) ;
#4407 = PLANE ( 'NONE',  #2903 ) ;
#4408 = CARTESIAN_POINT ( 'NONE',  ( 21.04455083613927968, 11.00000000000000000, -11.98691125136641844 ) ) ;
#4409 = CARTESIAN_POINT ( 'NONE',  ( -4.275479717059527118, 11.00000000000000178, -9.524405921353663373 ) ) ;
#4410 = CARTESIAN_POINT ( 'NONE',  ( 24.67490867056497450, 11.00000000000000000, -18.12509765625000568 ) ) ;
#4411 = CARTESIAN_POINT ( 'NONE',  ( 6.187558300500024089, 11.00000000000000355, 2.727345557421958055 ) ) ;
#4412 = CARTESIAN_POINT ( 'NONE',  ( -4.548821590938133319, 10.50000000000000000, 1.570400566115654373 ) ) ;
#4413 = LINE ( 'NONE', #3202, #4566 ) ;
#4414 = CARTESIAN_POINT ( 'NONE',  ( 13.73441531173926400, 10.99999999999999289, -2.436952711186666232 ) ) ;
#4415 = EDGE_CURVE ( 'NONE', #3806, #4201, #3309, .T. ) ;
#4416 = CARTESIAN_POINT ( 'NONE',  ( -10.00837036460160689, 10.99999999999999289, -15.75570522457500289 ) ) ;
#4417 = CARTESIAN_POINT ( 'NONE',  ( 3.121596610728095467, 11.00000000000000178, -4.605572289327446889 ) ) ;
#4418 = ORIENTED_EDGE ( 'NONE', *, *, #2531, .F. ) ;
#4419 = ORIENTED_EDGE ( 'NONE', *, *, #2484, .T. ) ;
#4420 = CARTESIAN_POINT ( 'NONE',  ( 13.77055441235664190, 10.49999999999999822, -3.716994934501298253 ) ) ;
#4421 = CARTESIAN_POINT ( 'NONE',  ( -10.93015769469763221, 10.99999999999999822, -10.78248381255061794 ) ) ;
#4422 = CARTESIAN_POINT ( 'NONE',  ( -2.576805668662500270, 10.99999999999999822, -12.92470387074477323 ) ) ;
#4423 = B_SPLINE_SURFACE_WITH_KNOTS ( 'NONE', 3, 1, ( 
 ( #500, #3112 ),
 ( #4269, #3473 ),
 ( #939, #3913 ),
 ( #2248, #3450 ),
 ( #5150, #1803 ),
 ( #967, #4350 ),
 ( #531, #3055 ),
 ( #3501, #471 ),
 ( #3421, #3889 ),
 ( #911, #558 ),
 ( #108, #2221 ),
 ( #4730, #3968 ),
 ( #5177, #4783 ),
 ( #135, #1323 ),
 ( #1382, #4377 ),
 ( #56, #2162 ),
 ( #3085, #4325 ),
 ( #3861, #582 ),
 ( #2609, #3002 ) ),
 .UNSPECIFIED., .F., .F., .F.,
 ( 4, 1, 1, 1, 1, 1, 1, 1, 1, 1, 1, 1, 1, 1, 1, 1, 4 ),
 ( 2, 2 ),
 ( 0.000000000000000000, 0.06305229262947806279, 0.1247848679262195254, 0.1845342529466543480, 0.2437195285788915089, 0.3028113376026763670, 0.3627613580653546999, 0.4234130898022952505, 0.4863049630225059761, 0.5493239946392906026, 0.6118419876267260360, 0.6734911425739048552, 0.7356789971671503503, 0.7991410767628682743, 0.8635659547679169767, 0.9308050550025483982, 1.000000000000000000 ),
 ( 0.000000000000000000, 1.000000000000000000 ),
 .UNSPECIFIED. ) ;
#4424 = EDGE_CURVE ( 'NONE', #3441, #5305, #4703, .T. ) ;
#4425 = ORIENTED_EDGE ( 'NONE', *, *, #1260, .F. ) ;
#4426 = ORIENTED_EDGE ( 'NONE', *, *, #2601, .T. ) ;
#4427 = CARTESIAN_POINT ( 'NONE',  ( -43.49000000000000199, 11.00000000000000000, -26.72234317807464521 ) ) ;
#4428 = CARTESIAN_POINT ( 'NONE',  ( 4.432926701221185262, 10.49999999999999467, -6.472748947987424728 ) ) ;
#4429 = EDGE_CURVE ( 'NONE', #3735, #4729, #2667, .T. ) ;
#4430 = LINE ( 'NONE', #4864, #3607 ) ;
#4431 = PLANE ( 'NONE',  #2052 ) ;
#4432 = CARTESIAN_POINT ( 'NONE',  ( -37.75000000000000711, 11.00000000000000000, 22.32999999999999119 ) ) ;
#4433 = CARTESIAN_POINT ( 'NONE',  ( 7.107418860458743382, 10.99999999999999645, 2.751525581173775770 ) ) ;
#4434 = CARTESIAN_POINT ( 'NONE',  ( -2.751567427113530417, 10.99999999999999822, -11.83437446225390488 ) ) ;
#4435 = ORIENTED_EDGE ( 'NONE', *, *, #1147, .F. ) ;
#4436 = CARTESIAN_POINT ( 'NONE',  ( 10.15003278123236363, 11.00000000000000178, -11.32202104123099140 ) ) ;
#4437 = ORIENTED_EDGE ( 'NONE', *, *, #5204, .F. ) ;
#4438 = CARTESIAN_POINT ( 'NONE',  ( 11.06398913650108362, 10.49999999999999822, -8.299799974393950563 ) ) ;
#4439 = CARTESIAN_POINT ( 'NONE',  ( -4.902852570092411710, 10.99999999999999289, 1.789671086262937028 ) ) ;
#4440 = FACE_BOUND ( 'NONE', #1477, .T. ) ;
#4441 = CARTESIAN_POINT ( 'NONE',  ( -8.817200353325626239, 10.49999999999999822, -9.583127560552801683 ) ) ;
#4442 = DIRECTION ( 'NONE',  ( -0.000000000000000000, 1.000000000000000000, -0.000000000000000000 ) ) ;
#4443 = CARTESIAN_POINT ( 'NONE',  ( -5.512091157494522164, 10.50000000000000000, -8.669307838998197013 ) ) ;
#4444 = ORIENTED_EDGE ( 'NONE', *, *, #3551, .F. ) ;
#4445 = AXIS2_PLACEMENT_3D ( 'NONE', #2014, #3627, #348 ) ;
#4446 = EDGE_CURVE ( 'NONE', #4536, #3333, #992, .T. ) ;
#4447 = CARTESIAN_POINT ( 'NONE',  ( 13.72753486357756358, 10.99999999999999645, -4.144136120452284189 ) ) ;
#4448 = DIRECTION ( 'NONE',  ( -0.7071067811865459074, -0.000000000000000000, 0.7071067811865491270 ) ) ;
#4449 = FILL_AREA_STYLE ('',( #1930 ) ) ;
#4450 = EDGE_LOOP ( 'NONE', ( #984, #5161, #4913, #5471 ) ) ;
#4451 = ORIENTED_EDGE ( 'NONE', *, *, #2568, .F. ) ;
#4452 = DIRECTION ( 'NONE',  ( 0.000000000000000000, -1.000000000000000000, 0.000000000000000000 ) ) ;
#4453 = EDGE_CURVE ( 'NONE', #5249, #178, #2275, .T. ) ;
#4454 = CARTESIAN_POINT ( 'NONE',  ( 1.642129265352390455, 10.99999999999999822, -11.81804919713656155 ) ) ;
#4455 = DIRECTION ( 'NONE',  ( 1.000000000000000000, 0.000000000000000000, 0.000000000000000000 ) ) ;
#4456 = DIRECTION ( 'NONE',  ( 0.000000000000000000, 0.000000000000000000, -1.000000000000000000 ) ) ;
#4457 = ORIENTED_EDGE ( 'NONE', *, *, #494, .T. ) ;
#4458 = CARTESIAN_POINT ( 'NONE',  ( -2.268351293580524342, 10.99999999999999467, -1.630620413901466614 ) ) ;
#4459 = CARTESIAN_POINT ( 'NONE',  ( -9.630710876693759914, 10.50000000000000178, 0.4262915992595956993 ) ) ;
#4460 = CARTESIAN_POINT ( 'NONE',  ( 10.55485737260414325, 10.49999999999999645, -8.800496264488799625 ) ) ;
#4461 = CARTESIAN_POINT ( 'NONE',  ( -5.512091157494521276, 10.49999999999999822, -8.669307838998195237 ) ) ;
#4462 = LINE ( 'NONE', #4410, #3157 ) ;
#4463 = CARTESIAN_POINT ( 'NONE',  ( 49.75000000000000000, -2.499999999999998668, -7.500000000000007105 ) ) ;
#4464 = CARTESIAN_POINT ( 'NONE',  ( -8.424983873399046530, 10.49999999999999822, 2.743303851952143102 ) ) ;
#4465 = CARTESIAN_POINT ( 'NONE',  ( -46.49000000000000199, 4.009999999999998899, -26.72234317807464521 ) ) ;
#4466 = CARTESIAN_POINT ( 'NONE',  ( 12.22233984496675596, 10.99999999999999467, 0.7906542165759592455 ) ) ;
#4467 = CARTESIAN_POINT ( 'NONE',  ( 12.07764379515107933, 10.99999999999999822, -10.04166672309890451 ) ) ;
#4468 = VECTOR ( 'NONE', #4338, 1000.000000000000000 ) ;
#4469 = CARTESIAN_POINT ( 'NONE',  ( -4.782122477447082964, 10.49999999999999822, -8.299799974393950563 ) ) ;
#4470 = CARTESIAN_POINT ( 'NONE',  ( 4.382878685147603370, 11.00000000000000178, -0.3207411193410646399 ) ) ;
#4471 = CARTESIAN_POINT ( 'NONE',  ( 11.72456241687980416, 10.49999999999999645, -7.816128653816421412 ) ) ;
#4472 = CARTESIAN_POINT ( 'NONE',  ( -8.742622840695263520, 10.49999999999999822, 0.4877953506097513769 ) ) ;
#4473 = CARTESIAN_POINT ( 'NONE',  ( -35.95000000000000995, 11.00000000000000000, 15.56538618988488665 ) ) ;
#4474 = ORIENTED_EDGE ( 'NONE', *, *, #3544, .F. ) ;
#4475 = ORIENTED_EDGE ( 'NONE', *, *, #392, .F. ) ;
#4476 = FACE_BOUND ( 'NONE', #3693, .T. ) ;
#4477 = VECTOR ( 'NONE', #4704, 1000.000000000000000 ) ;
#4478 = CARTESIAN_POINT ( 'NONE',  ( -13.63614352258090001, 10.49999999999999822, -15.81288761633181039 ) ) ;
#4479 = CARTESIAN_POINT ( 'NONE',  ( -13.36516336239538916, 11.00000000000000178, -7.546610292775175033 ) ) ;
#4480 = VECTOR ( 'NONE', #782, 1000.000000000000000 ) ;
#4481 = ADVANCED_FACE ( 'NONE', ( #2691 ), #4423, .T. ) ;
#4482 = EDGE_LOOP ( 'NONE', ( #1197, #3963, #3692, #5148 ) ) ;
#4483 = CARTESIAN_POINT ( 'NONE',  ( 10.38225687268623254, 10.49999999999999822, -11.90350887724605222 ) ) ;
#4484 = CARTESIAN_POINT ( 'NONE',  ( 49.75000000000000711, -2.499999999999998668, 20.80000000000000426 ) ) ;
#4485 = CARTESIAN_POINT ( 'NONE',  ( 23.28985009938629958, 11.00000000000000533, -15.57200218241630196 ) ) ;
#4486 = CARTESIAN_POINT ( 'NONE',  ( 24.84783250762195195, 10.49999999999999822, -14.34042367702577714 ) ) ;
#4487 = ORIENTED_EDGE ( 'NONE', *, *, #3522, .T. ) ;
#4488 = ADVANCED_FACE ( 'NONE', ( #4759 ), #4677, .F. ) ;
#4489 = CARTESIAN_POINT ( 'NONE',  ( 9.084994200334234549, 11.00000000000000000, -10.11855804556955363 ) ) ;
#4490 = CARTESIAN_POINT ( 'NONE',  ( 49.75000000000000000, -11.00000000000000000, -32.50000000000000711 ) ) ;
#4491 = CARTESIAN_POINT ( 'NONE',  ( -5.338941714864864352, 10.50000000000000000, -12.96627918003650670 ) ) ;
#4492 = CARTESIAN_POINT ( 'NONE',  ( 4.757101001520713801, 11.00000000000000355, -6.697761877761581495 ) ) ;
#4493 = CARTESIAN_POINT ( 'NONE',  ( 18.20991521695765059, 10.49999999999999822, -4.542716272865859217 ) ) ;
#4494 = CARTESIAN_POINT ( 'NONE',  ( 12.48942523753646228, 10.99999999999999645, 0.4949243241641008151 ) ) ;
#4495 = CARTESIAN_POINT ( 'NONE',  ( 12.84933172809303947, 11.00000000000000178, -11.20525741977228229 ) ) ;
#4496 = CARTESIAN_POINT ( 'NONE',  ( -11.11534330116661629, 11.00000000000000000, -11.04310857290538195 ) ) ;
#4497 = CARTESIAN_POINT ( 'NONE',  ( 4.702923336945342925, 10.99999999999999645, -0.1029454054777808047 ) ) ;
#4498 = CARTESIAN_POINT ( 'NONE',  ( 12.82566236031460072, 10.49999999999999822, -6.533560136791872530 ) ) ;
#4499 = CARTESIAN_POINT ( 'NONE',  ( 7.347154180015002645, 11.00000000000000000, -16.11289300685976400 ) ) ;
#4500 = CARTESIAN_POINT ( 'NONE',  ( -11.84700925831962870, 10.99999999999999822, -8.502799618723182462 ) ) ;
#4501 = ORIENTED_EDGE ( 'NONE', *, *, #3110, .T. ) ;
#4502 = ORIENTED_EDGE ( 'NONE', *, *, #566, .T. ) ;
#4503 = CARTESIAN_POINT ( 'NONE',  ( -30.99084651295731874, 10.49999999999999822, -15.86136742568598024 ) ) ;
#4504 = FACE_OUTER_BOUND ( 'NONE', #2959, .T. ) ;
#4505 = CARTESIAN_POINT ( 'NONE',  ( -15.38931343924585704, 10.49999999999999645, -3.721686383213500093 ) ) ;
#4506 = CARTESIAN_POINT ( 'NONE',  ( 10.62012552902851326, 11.00000000000000178, -1.171297859410754594 ) ) ;
#4507 =( NAMED_UNIT ( * ) PLANE_ANGLE_UNIT ( ) SI_UNIT ( $, .RADIAN. ) );
#4508 = CARTESIAN_POINT ( 'NONE',  ( -43.49000000000000199, -11.00000000000000000, -47.50000000000000711 ) ) ;
#4509 = CARTESIAN_POINT ( 'NONE',  ( -12.01914733564826143, 10.99999999999999645, -0.8514463652335972910 ) ) ;
#4510 = EDGE_CURVE ( 'NONE', #4324, #2957, #1831, .T. ) ;
#4511 = FACE_OUTER_BOUND ( 'NONE', #5383, .T. ) ;
#4512 = CARTESIAN_POINT ( 'NONE',  ( 8.875584850427758354, 10.49999999999999822, -15.74858434164173460 ) ) ;
#4513 = CARTESIAN_POINT ( 'NONE',  ( 6.138678354703635875, 10.99999999999999822, -9.812354233471433318 ) ) ;
#4514 = CARTESIAN_POINT ( 'NONE',  ( 0.9267116282821130646, 11.00000000000000000, -0.8798008395882763732 ) ) ;
#4515 = CARTESIAN_POINT ( 'NONE',  ( -8.498957433933163941, 10.49999999999999822, -16.11289300685976400 ) ) ;
#4516 = PLANE ( 'NONE',  #3601 ) ;
#4517 = ADVANCED_FACE ( 'NONE', ( #5121 ), #3026, .T. ) ;
#4518 = CARTESIAN_POINT ( 'NONE',  ( 1.751176274761967244, 11.00000000000000000, 0.4982052945547727485 ) ) ;
#4519 = CARTESIAN_POINT ( 'NONE',  ( -4.594038500800428082, 10.99999999999999822, -2.999630454844111060 ) ) ;
#4520 = CARTESIAN_POINT ( 'NONE',  ( 2.976735641290067846, 11.00000000000000178, -3.827835855493609163 ) ) ;
#4521 = CARTESIAN_POINT ( 'NONE',  ( -11.11534330116661629, 10.50000000000000178, -11.04310857290538195 ) ) ;
#4522 = CARTESIAN_POINT ( 'NONE',  ( -35.48999999999999488, 4.009999999999999787, 12.58339777691194783 ) ) ;
#4523 = EDGE_CURVE ( 'NONE', #4824, #3661, #4406, .T. ) ;
#4524 = CARTESIAN_POINT ( 'NONE',  ( -12.65314384148473259, 10.50000000000000178, -9.514506369697697252 ) ) ;
#4525 = CARTESIAN_POINT ( 'NONE',  ( -6.364707011504040501, 10.49999999999999822, -0.1156209270726399618 ) ) ;
#4526 = CARTESIAN_POINT ( 'NONE',  ( -2.996779885855131109, 11.00000000000000178, -11.20525741977228229 ) ) ;
#4527 = VERTEX_POINT ( 'NONE', #1067 ) ;
#4528 = ORIENTED_EDGE ( 'NONE', *, *, #1539, .T. ) ;
#4529 = CARTESIAN_POINT ( 'NONE',  ( 21.90256619818814698, 11.00000000000000178, -9.514808364615584324 ) ) ;
#4530 = CARTESIAN_POINT ( 'NONE',  ( 8.754585614650697067, 10.49999999999999822, -7.039217158661793761 ) ) ;
#4531 = CARTESIAN_POINT ( 'NONE',  ( -14.96459027844403167, 10.99999999999999822, -5.390224619109948989 ) ) ;
#4532 = CARTESIAN_POINT ( 'NONE',  ( 11.25207311314773762, 10.49999999999999645, -2.999630454844111060 ) ) ;
#4533 = CARTESIAN_POINT ( 'NONE',  ( -11.46323292880056499, 11.00000000000000533, -0.3207411193410641403 ) ) ;
#4534 = CARTESIAN_POINT ( 'NONE',  ( -57.75000000000000000, 11.00000000000000000, 47.49999999999999289 ) ) ;
#4535 = CARTESIAN_POINT ( 'NONE',  ( 2.155772347004780265, 10.49999999999999822, -7.235885548180279514 ) ) ;
#4536 = VERTEX_POINT ( 'NONE', #4508 ) ;
#4537 = EDGE_CURVE ( 'NONE', #5423, #577, #3631, .T. ) ;
#4538 = CARTESIAN_POINT ( 'NONE',  ( 5.356091866283382075, 10.49999999999999645, -10.30949853321146215 ) ) ;
#4539 = CARTESIAN_POINT ( 'NONE',  ( 7.540096538838360729, 11.00000000000000178, -7.302860428163598705 ) ) ;
#4540 = CARTESIAN_POINT ( 'NONE',  ( -7.540990872852824545, 10.50000000000000000, -15.98456117665961251 ) ) ;
#4541 = B_SPLINE_CURVE_WITH_KNOTS ( 'NONE', 3,
 ( #390, #2080, #5039, #3779, #747, #5344, #305, #5459, #3284, #1666, #1242 ),
 .UNSPECIFIED., .F., .F.,
 ( 4, 1, 1, 1, 1, 1, 1, 1, 4 ),
 ( 0.000000000000000000, 0.1177802745702745679, 0.2355024085973924097, 0.3541925801242353233, 0.4772718442520123561, 0.6035651148044751668, 0.7306535158806914954, 0.8630173949212399664, 0.9999999999999998890 ),
 .UNSPECIFIED. ) ;
#4542 = CARTESIAN_POINT ( 'NONE',  ( 15.28986042301829151, 10.49999999999999822, -4.424813656690648855 ) ) ;
#4543 = CARTESIAN_POINT ( 'NONE',  ( -7.870821087442518404, 11.00000000000000178, 0.4283511976069412919 ) ) ;
#4544 = EDGE_CURVE ( 'NONE', #4668, #178, #1159, .T. ) ;
#4545 = PLANE ( 'NONE',  #5273 ) ;
#4546 = CARTESIAN_POINT ( 'NONE',  ( -11.61267547976272319, 10.50000000000000000, -12.52765795314684460 ) ) ;
#4547 = CARTESIAN_POINT ( 'NONE',  ( 2.971125140237599549, 11.00000000000000000, -2.992424625057283460 ) ) ;
#4548 = CARTESIAN_POINT ( 'NONE',  ( 13.66708532102500762, 10.50000000000000000, -2.029039817531657075 ) ) ;
#4549 = CARTESIAN_POINT ( 'NONE',  ( 4.271293766464144603, 10.49999999999999822, -13.52452755814317520 ) ) ;
#4550 = LINE ( 'NONE', #4141, #323 ) ;
#4551 = CARTESIAN_POINT ( 'NONE',  ( -15.39226976074029807, 10.99999999999999822, -2.859472923377528453 ) ) ;
#4552 = VECTOR ( 'NONE', #4139, 1000.000000000000000 ) ;
#4553 = VERTEX_POINT ( 'NONE', #1857 ) ;
#4554 = EDGE_CURVE ( 'NONE', #1704, #402, #4214, .T. ) ;
#4555 = ORIENTED_EDGE ( 'NONE', *, *, #1505, .F. ) ;
#4556 = ORIENTED_EDGE ( 'NONE', *, *, #5053, .T. ) ;
#4557 = FACE_OUTER_BOUND ( 'NONE', #5441, .T. ) ;
#4558 = CARTESIAN_POINT ( 'NONE',  ( 9.117266054147755483, 10.49999999999999822, -6.874843880028022269 ) ) ;
#4559 = CARTESIAN_POINT ( 'NONE',  ( -15.24592761949709008, 11.00000000000000000, -4.574844915785840627 ) ) ;
#4560 = CARTESIAN_POINT ( 'NONE',  ( -20.31190587089794874, 10.50000000000000000, -12.42522550921503210 ) ) ;
#4561 = AXIS2_PLACEMENT_3D ( 'NONE', #3170, #659, #138 ) ;
#4562 = CARTESIAN_POINT ( 'NONE',  ( -28.03542093416539771, 10.49999999999999822, 2.499999999999995115 ) ) ;
#4563 =( NAMED_UNIT ( * ) PLANE_ANGLE_UNIT ( ) SI_UNIT ( $, .RADIAN. ) );
#4564 = FACE_OUTER_BOUND ( 'NONE', #5168, .T. ) ;
#4565 = CARTESIAN_POINT ( 'NONE',  ( 8.942608674175499317, 11.00000000000000000, -18.22436116523296690 ) ) ;
#4566 = VECTOR ( 'NONE', #227, 1000.000000000000000 ) ;
#4567 = DIRECTION ( 'NONE',  ( -0.000000000000000000, -1.000000000000000000, -0.000000000000000000 ) ) ;
#4568 = ORIENTED_EDGE ( 'NONE', *, *, #3375, .T. ) ;
#4569 = CARTESIAN_POINT ( 'NONE',  ( 6.138678354703635875, 10.49999999999999645, -9.812354233471433318 ) ) ;
#4570 = VECTOR ( 'NONE', #2238, 1000.000000000000000 ) ;
#4571 = CARTESIAN_POINT ( 'NONE',  ( 7.358944441632523592, 10.49999999999999822, -18.37662323742378234 ) ) ;
#4572 = CARTESIAN_POINT ( 'NONE',  ( -12.88100466844512049, 11.00000000000000000, -3.418711331995527125 ) ) ;
#4573 = CARTESIAN_POINT ( 'NONE',  ( -43.48999999999999488, -11.00000000000000000, 10.45467315135125297 ) ) ;
#4574 = CARTESIAN_POINT ( 'NONE',  ( -4.584643313799783293, 11.00000000000000000, -3.552527687885102647 ) ) ;
#4575 = AXIS2_PLACEMENT_3D ( 'NONE', #2640, #5287, #3169 ) ;
#4576 = CARTESIAN_POINT ( 'NONE',  ( -11.28358567226407239, 10.49999999999999467, -14.42597190878089108 ) ) ;
#4577 = CARTESIAN_POINT ( 'NONE',  ( 1.485483635698530813, 11.00000000000000000, -12.47390212536448928 ) ) ;
#4578 = CARTESIAN_POINT ( 'NONE',  ( 6.950034567180102485, 11.00000000000000000, 0.4854071598231533557 ) ) ;
#4579 = CARTESIAN_POINT ( 'NONE',  ( 3.591496591560461304, 10.99999999999999822, -1.149428727915371873 ) ) ;
#4580 = DIRECTION ( 'NONE',  ( 0.000000000000000000, 1.000000000000000000, -0.000000000000000000 ) ) ;
#4581 = EDGE_CURVE ( 'NONE', #151, #848, #2379, .T. ) ;
#4582 = LINE ( 'NONE', #1165, #2634 ) ;
#4583 = FACE_OUTER_BOUND ( 'NONE', #4688, .T. ) ;
#4584 = VERTEX_POINT ( 'NONE', #271 ) ;
#4585 = ORIENTED_EDGE ( 'NONE', *, *, #3105, .T. ) ;
#4586 = DIRECTION ( 'NONE',  ( 0.000000000000000000, 0.000000000000000000, 1.000000000000000000 ) ) ;
#4587 = CARTESIAN_POINT ( 'NONE',  ( 5.865080443833696755, 11.00000000000000178, -9.946286627115995316 ) ) ;
#4588 = CARTESIAN_POINT ( 'NONE',  ( 24.67490867056497450, 10.49999999999999822, -18.12509765625000568 ) ) ;
#4589 = EDGE_CURVE ( 'NONE', #1350, #3806, #2406, .T. ) ;
#4590 = CARTESIAN_POINT ( 'NONE',  ( -22.59494456507700733, 10.49999999999999822, -7.268319548273414199 ) ) ;
#4591 = CARTESIAN_POINT ( 'NONE',  ( 7.546305190980245214, 10.49999999999999645, 0.4799310649372338089 ) ) ;
#4592 = SURFACE_STYLE_FILL_AREA ( #4948 ) ;
#4593 = CARTESIAN_POINT ( 'NONE',  ( -7.882916982276785944, 10.49999999999999467, -7.244750884826813397 ) ) ;
#4594 = CARTESIAN_POINT ( 'NONE',  ( 22.77100873819964022, 10.99999999999999822, -14.69748990411817857 ) ) ;
#4595 = CARTESIAN_POINT ( 'NONE',  ( 4.283558240596099687, 11.00000000000000000, -8.613464506054816283 ) ) ;
#4596 = EDGE_LOOP ( 'NONE', ( #4341, #2569, #2134 ) ) ;
#4597 = CARTESIAN_POINT ( 'NONE',  ( -3.265244655254746053, 11.00000000000000000, -6.893554023753674542 ) ) ;
#4598 = ORIENTED_EDGE ( 'NONE', *, *, #2794, .F. ) ;
#4599 = CARTESIAN_POINT ( 'NONE',  ( 13.65211105234329203, 10.49999999999999822, -4.564449597647652013 ) ) ;
#4600 = CARTESIAN_POINT ( 'NONE',  ( -7.247658271430918120, 10.49999999999999645, -15.88302372740492707 ) ) ;
#4601 = DIRECTION ( 'NONE',  ( -0.000000000000000000, 1.000000000000000000, -0.000000000000000000 ) ) ;
#4602 = CARTESIAN_POINT ( 'NONE',  ( -7.075896224142057989, 10.49999999999999822, 0.2240295885091265760 ) ) ;
#4603 = CARTESIAN_POINT ( 'NONE',  ( 4.271293766464144603, 10.49999999999999822, -13.52452755814317520 ) ) ;
#4604 = CARTESIAN_POINT ( 'NONE',  ( 1.891242427610834831, 10.99999999999999822, -11.18542321116952287 ) ) ;
#4605 = CARTESIAN_POINT ( 'NONE',  ( 7.252971530173137005, 10.49999999999999645, 0.4851405820499730126 ) ) ;
#4606 = CARTESIAN_POINT ( 'NONE',  ( 2.965106945503045655, 11.00000000000000000, -3.418711331995527125 ) ) ;
#4607 = CARTESIAN_POINT ( 'NONE',  ( 7.020923605851479010, 11.00000000000000000, -16.10364621115622441 ) ) ;
#4608 = DIRECTION ( 'NONE',  ( 0.000000000000000000, 1.000000000000000000, 0.000000000000000000 ) ) ;
#4609 = CARTESIAN_POINT ( 'NONE',  ( -14.91939998566605396, 11.00000000000000000, -0.8798008395882785937 ) ) ;
#4610 = ORIENTED_EDGE ( 'NONE', *, *, #4581, .F. ) ;
#4611 = ORIENTED_EDGE ( 'NONE', *, *, #3334, .F. ) ;
#4612 = EDGE_LOOP ( 'NONE', ( #5447, #5270, #556, #3461 ) ) ;
#4613 = CARTESIAN_POINT ( 'NONE',  ( 9.462509315982481795, 10.99999999999998934, -6.681204552571068156 ) ) ;
#4614 = CARTESIAN_POINT ( 'NONE',  ( 0.7732541875114364860, 10.49999999999999645, -1.251097811937438298 ) ) ;
#4615 = CARTESIAN_POINT ( 'NONE',  ( -7.876811856382237131, 11.00000000000000178, -9.625573844668560142 ) ) ;
#4616 = CARTESIAN_POINT ( 'NONE',  ( 49.75000000000000000, 5.999999999999998224, -32.50000000000000711 ) ) ;
#4617 = CIRCLE ( 'NONE', #3029, 7.000000000000002665 ) ;
#4618 = EDGE_LOOP ( 'NONE', ( #152, #1421 ) ) ;
#4619 = ADVANCED_FACE ( 'NONE', ( #1458 ), #4431, .F. ) ;
#4620 = CARTESIAN_POINT ( 'NONE',  ( 11.10587405626736945, 11.00000000000000000, -2.210055806739936290 ) ) ;
#4621 = DIRECTION ( 'NONE',  ( -0.000000000000000000, 1.000000000000000000, -0.000000000000000000 ) ) ;
#4622 = CARTESIAN_POINT ( 'NONE',  ( -14.77585172868704610, 10.50000000000000178, -5.787489614356032597 ) ) ;
#4623 = AXIS2_PLACEMENT_3D ( 'NONE', #3256, #4931, #1155 ) ;
#4624 = CARTESIAN_POINT ( 'NONE',  ( 3.776604684162828907, 10.50000000000000000, -9.055677819624566638 ) ) ;
#4625 = CARTESIAN_POINT ( 'NONE',  ( 10.50716989908330667, 10.99999999999999645, -12.96627918003650670 ) ) ;
#4626 = CARTESIAN_POINT ( 'NONE',  ( -2.075557201591519352, 11.00000000000000000, -3.716994934501298253 ) ) ;
#4627 = ORIENTED_EDGE ( 'NONE', *, *, #4322, .F. ) ;
#4628 = CARTESIAN_POINT ( 'NONE',  ( 1.874195097235701102, 10.49999999999999822, -15.19543275067177923 ) ) ;
#4629 = DIRECTION ( 'NONE',  ( 1.000000000000000000, 0.000000000000000000, 0.000000000000000000 ) ) ;
#4630 = CARTESIAN_POINT ( 'NONE',  ( 4.562525941684092423, 11.00000000000000178, -14.42597190878089819 ) ) ;
#4631 = CARTESIAN_POINT ( 'NONE',  ( 7.421127740549119167, 10.99999999999999467, 2.743303851952143102 ) ) ;
#4632 = LINE ( 'NONE', #3811, #749 ) ;
#4633 = CARTESIAN_POINT ( 'NONE',  ( -3.020449253633563647, 10.49999999999999822, -6.533560136791872530 ) ) ;
#4634 = CARTESIAN_POINT ( 'NONE',  ( 12.94795374877771543, 10.49999999999999645, -0.1583995202356029697 ) ) ;
#4635 = CARTESIAN_POINT ( 'NONE',  ( 7.020923605851479010, 10.49999999999999822, -16.10364621115622441 ) ) ;
#4636 = LINE ( 'NONE', #840, #1383 ) ;
#4637 = CARTESIAN_POINT ( 'NONE',  ( -4.121549197068359760, 10.49999999999999645, -7.816128653816421412 ) ) ;
#4638 = ORIENTED_EDGE ( 'NONE', *, *, #4222, .T. ) ;
#4639 = ORIENTED_EDGE ( 'NONE', *, *, #2823, .F. ) ;
#4640 = CARTESIAN_POINT ( 'NONE',  ( 11.19731888249620333, 10.49999999999999645, -4.205637562895960357 ) ) ;
#4641 = CARTESIAN_POINT ( 'NONE',  ( 13.57776032036763780, 10.99999999999999467, -1.630620413901466614 ) ) ;
#4642 = CARTESIAN_POINT ( 'NONE',  ( -15.07285742643673210, 11.00000000000000178, -1.251097811937437188 ) ) ;
#4643 = ORIENTED_EDGE ( 'NONE', *, *, #2786, .F. ) ;
#4644 = CARTESIAN_POINT ( 'NONE',  ( -10.94686897816181315, 10.50000000000000000, -14.95024855341479508 ) ) ;
#4645 = CARTESIAN_POINT ( 'NONE',  ( 1.455953458460362615, 10.50000000000000000, -13.14567716645032114 ) ) ;
#4646 = CARTESIAN_POINT ( 'NONE',  ( 10.33402045645364531, 10.49999999999999822, -8.669307838998195237 ) ) ;
#4647 = CARTESIAN_POINT ( 'NONE',  ( 57.75000000000000000, 11.00000000000000000, 37.50000000000001421 ) ) ;
#4648 = EDGE_CURVE ( 'NONE', #3253, #4393, #2892, .T. ) ;
#4649 = LINE ( 'NONE', #3831, #154 ) ;
#4650 = CARTESIAN_POINT ( 'NONE',  ( -6.271536250988729577, 10.99999999999999822, -10.54132049971321905 ) ) ;
#4651 = EDGE_LOOP ( 'NONE', ( #3460, #3406, #4203, #689 ) ) ;
#4652 = CARTESIAN_POINT ( 'NONE',  ( 3.131080978571857187, 10.50000000000000178, -16.89031103633968911 ) ) ;
#4653 = CARTESIAN_POINT ( 'NONE',  ( 11.25358601455264562, 10.49999999999999822, -3.817359553621924029 ) ) ;
#4654 = ADVANCED_FACE ( 'NONE', ( #2810 ), #2656, .T. ) ;
#4655 = CARTESIAN_POINT ( 'NONE',  ( -4.864042252516384224, 11.00000000000000000, -1.843477361791921343 ) ) ;
#4656 = CARTESIAN_POINT ( 'NONE',  ( -11.62337676257621943, 10.49999999999999822, -12.85485071321813422 ) ) ;
#4657 = FACE_OUTER_BOUND ( 'NONE', #4254, .T. ) ;
#4658 = AXIS2_PLACEMENT_3D ( 'NONE', #1915, #274, #2746 ) ;
#4659 = CARTESIAN_POINT ( 'NONE',  ( 3.030929775394811898, 10.49999999999999645, -2.581479027203728904 ) ) ;
#4660 = CARTESIAN_POINT ( 'NONE',  ( 4.271293766464144603, 11.00000000000000000, -13.52452755814317520 ) ) ;
#4661 = DIRECTION ( 'NONE',  ( -0.000000000000000000, -1.000000000000000000, -0.000000000000000000 ) ) ;
#4662 = CARTESIAN_POINT ( 'NONE',  ( -2.065404677972559888, 10.49999999999999822, -3.285088366996955500 ) ) ;
#4663 = ORIENTED_EDGE ( 'NONE', *, *, #3147, .T. ) ;
#4664 = VERTEX_POINT ( 'NONE', #3670 ) ;
#4665 = CARTESIAN_POINT ( 'NONE',  ( 3.200041778899751499, 10.99999999999999645, -8.077716945080933186 ) ) ;
#4666 = CARTESIAN_POINT ( 'NONE',  ( 13.78070693597560670, 11.00000000000000000, -3.285088366996955500 ) ) ;
#4667 = CARTESIAN_POINT ( 'NONE',  ( -15.34327694258612951, 11.00000000000000000, -2.442923343712541495 ) ) ;
#4668 = VERTEX_POINT ( 'NONE', #204 ) ;
#4669 = CARTESIAN_POINT ( 'NONE',  ( -11.50334558288039943, 10.49999999999999467, -13.84025147954371171 ) ) ;
#4670 = CARTESIAN_POINT ( 'NONE',  ( 4.427099386075644460, 10.49999999999999822, -8.669307838998195237 ) ) ;
#4671 = ORIENTED_EDGE ( 'NONE', *, *, #3392, .F. ) ;
#4672 = LINE ( 'NONE', #3415, #1696 ) ;
#4673 = CARTESIAN_POINT ( 'NONE',  ( -8.595702650641211306, 10.49999999999999645, -7.307264209827908807 ) ) ;
#4674 = DIRECTION ( 'NONE',  ( 0.000000000000000000, -0.000000000000000000, -1.000000000000000000 ) ) ;
#4675 = CARTESIAN_POINT ( 'NONE',  ( -20.92982326600609966, 11.00000000000000000, -15.86136742568598024 ) ) ;
#4676 = ORIENTED_EDGE ( 'NONE', *, *, #520, .F. ) ;
#4677 = CYLINDRICAL_SURFACE ( 'NONE', #4352, 3.300000000000004263 ) ;
#4678 = ADVANCED_FACE ( 'NONE', ( #1894 ), #3592, .T. ) ;
#4679 = CARTESIAN_POINT ( 'NONE',  ( -8.498957433933163941, 11.00000000000000000, -16.11289300685976400 ) ) ;
#4680 = CARTESIAN_POINT ( 'NONE',  ( -8.742622840695263520, 11.00000000000000000, -7.309497665777443309 ) ) ;
#4681 = CARTESIAN_POINT ( 'NONE',  ( 22.22337166163041999, 10.49999999999999822, -13.80869067889773127 ) ) ;
#4682 = CARTESIAN_POINT ( 'NONE',  ( -2.118576750370605222, 10.99999999999999645, -4.144136120452284189 ) ) ;
#4683 = ADVANCED_FACE ( 'NONE', ( #2756 ), #216, .T. ) ;
#4684 = CARTESIAN_POINT ( 'NONE',  ( 5.414126828487927590, 10.50000000000000000, 0.2266886399247354522 ) ) ;
#4685 = CARTESIAN_POINT ( 'NONE',  ( 11.40325453403117173, 10.99999999999999822, -8.071723750062846037 ) ) ;
#4686 = CARTESIAN_POINT ( 'NONE',  ( -12.06950692978533191, 10.99999999999999645, -9.055677819624561309 ) ) ;
#4687 = CARTESIAN_POINT ( 'NONE',  ( -24.21378473020215694, 10.50000000000000355, -2.582885060548116840 ) ) ;
#4688 = EDGE_LOOP ( 'NONE', ( #39, #1403, #2800, #4068 ) ) ;
#4689 = ORIENTED_EDGE ( 'NONE', *, *, #2315, .F. ) ;
#4690 = CARTESIAN_POINT ( 'NONE',  ( 11.25358601455264562, 10.99999999999998934, -3.817359553621924029 ) ) ;
#4691 = CARTESIAN_POINT ( 'NONE',  ( 10.45954374005816589, 10.50000000000000178, -8.613833298032165686 ) ) ;
#4692 = CARTESIAN_POINT ( 'NONE',  ( 49.75000000000000000, -11.00000000000000000, -12.99999999999999822 ) ) ;
#4693 = ORIENTED_EDGE ( 'NONE', *, *, #2262, .T. ) ;
#4694 = CARTESIAN_POINT ( 'NONE',  ( 13.27765577362804628, 10.49999999999999822, -13.14567716645031936 ) ) ;
#4695 = B_SPLINE_CURVE_WITH_KNOTS ( 'NONE', 3,
 ( #4189, #4574, #5430, #3700, #5376, #2838, #3313, #4959, #2029, #807, #1584, #1638, #2113, #4110, #2862, #3341, #4983, #2532, #779 ),
 .UNSPECIFIED., .F., .F.,
 ( 4, 1, 1, 1, 1, 1, 1, 1, 1, 1, 1, 1, 1, 1, 1, 1, 4 ),
 ( 0.000000000000000000, 0.06305229262947806279, 0.1247848679262195254, 0.1845342529466543480, 0.2437195285788915089, 0.3028113376026763670, 0.3627613580653546999, 0.4234130898022952505, 0.4863049630225059761, 0.5493239946392906026, 0.6118419876267260360, 0.6734911425739048552, 0.7356789971671503503, 0.7991410767628682743, 0.8635659547679169767, 0.9308050550025483982, 1.000000000000000000 ),
 .UNSPECIFIED. ) ;
#4696 = ORIENTED_EDGE ( 'NONE', *, *, #47, .F. ) ;
#4697 = CARTESIAN_POINT ( 'NONE',  ( 3.705393011891144450, 10.99999999999999112, -17.33434267920867455 ) ) ;
#4698 = DIRECTION ( 'NONE',  ( 0.000000000000000000, 0.000000000000000000, 1.000000000000000000 ) ) ;
#4699 = CARTESIAN_POINT ( 'NONE',  ( -14.96459027844403167, 10.49999999999999645, -5.390224619109948989 ) ) ;
#4700 = CARTESIAN_POINT ( 'NONE',  ( 2.629270285332615753, 10.99999999999999645, -16.38286677407669245 ) ) ;
#4701 = CARTESIAN_POINT ( 'NONE',  ( -26.91648926119900409, 11.00000000000000000, -2.469335510969943304 ) ) ;
#4702 = ORIENTED_EDGE ( 'NONE', *, *, #4554, .T. ) ;
#4703 = LINE ( 'NONE', #2584, #3563 ) ;
#4704 = DIRECTION ( 'NONE',  ( -0.000000000000000000, 1.000000000000000000, -0.000000000000000000 ) ) ;
#4705 = CARTESIAN_POINT ( 'NONE',  ( 7.103488773252902178, 10.49999999999999822, -7.309497665777443309 ) ) ;
#4706 = ADVANCED_FACE ( 'NONE', ( #4162 ), #423, .F. ) ;
#4707 = CARTESIAN_POINT ( 'NONE',  ( 24.24227505745256650, 10.50000000000000178, -17.28128198720910191 ) ) ;
#4708 = CARTESIAN_POINT ( 'NONE',  ( -11.71236668604388420, 10.50000000000000000, -6.213759792962592066 ) ) ;
#4709 = CARTESIAN_POINT ( 'NONE',  ( -12.43174923022417566, 10.50000000000000000, -5.307616457347452688 ) ) ;
#4710 = CARTESIAN_POINT ( 'NONE',  ( -6.159524215503388689, 10.50000000000000000, -18.01012274321597673 ) ) ;
#4711 = EDGE_CURVE ( 'NONE', #4584, #3792, #1246, .T. ) ;
#4712 = CARTESIAN_POINT ( 'NONE',  ( -11.98865984813064323, 11.00000000000000178, -5.934184098917836714 ) ) ;
#4713 = CARTESIAN_POINT ( 'NONE',  ( 5.100672076529789045, 10.49999999999999467, -6.887813572423906905 ) ) ;
#4714 = VERTEX_POINT ( 'NONE', #1698 ) ;
#4715 = VERTEX_POINT ( 'NONE', #2978 ) ;
#4716 = CARTESIAN_POINT ( 'NONE',  ( -5.346242428333004781, 11.00000000000000000, -13.18588002814276905 ) ) ;
#4717 = DIRECTION ( 'NONE',  ( -0.000000000000000000, -1.000000000000000000, -0.000000000000000000 ) ) ;
#4718 = PLANE ( 'NONE',  #1286 ) ;
#4719 = CARTESIAN_POINT ( 'NONE',  ( -26.17916297135483816, 10.49999999999999822, -4.675354058925229594 ) ) ;
#4720 = ADVANCED_FACE ( 'NONE', ( #4657 ), #1356, .T. ) ;
#4721 = ORIENTED_EDGE ( 'NONE', *, *, #451, .T. ) ;
#4722 = ORIENTED_EDGE ( 'NONE', *, *, #1939, .F. ) ;
#4723 = CARTESIAN_POINT ( 'NONE',  ( 5.963111948670272809E-15, 5.999999999999999112, 27.50000000000000711 ) ) ;
#4724 = CARTESIAN_POINT ( 'NONE',  ( -12.44799840506433597, 11.00000000000000178, -1.475357951040890070 ) ) ;
#4725 = LINE ( 'NONE', #580, #1033 ) ;
#4726 = CARTESIAN_POINT ( 'NONE',  ( -57.75000000000000000, 11.00000000000000000, 47.49999999999999289 ) ) ;
#4727 = VECTOR ( 'NONE', #5271, 1000.000000000000000 ) ;
#4728 = CARTESIAN_POINT ( 'NONE',  ( -26.17916297135483816, 11.00000000000000000, -4.675354058925229594 ) ) ;
#4729 = VERTEX_POINT ( 'NONE', #395 ) ;
#4730 = CARTESIAN_POINT ( 'NONE',  ( -6.383602297965681238, 10.49999999999999822, -6.681204552571068156 ) ) ;
#4731 = CARTESIAN_POINT ( 'NONE',  ( 20.18830411945372205, 11.00000000000000000, -7.093933189739169087 ) ) ;
#4732 = CARTESIAN_POINT ( 'NONE',  ( 8.264462767905312646, 10.49999999999999645, -9.706889741360321011 ) ) ;
#4733 = CARTESIAN_POINT ( 'NONE',  ( -23.48808947133955627, 10.99999999999999822, -4.858045620182542379 ) ) ;
#4734 = CARTESIAN_POINT ( 'NONE',  ( -12.86937597265809607, 10.49999999999999645, -3.827835855493607831 ) ) ;
#4735 = AXIS2_PLACEMENT_3D ( 'NONE', #2416, #4601, #2362 ) ;
#4736 = CARTESIAN_POINT ( 'NONE',  ( 49.75000000000000000, -11.00000000000000000, -38.00000000000000000 ) ) ;
#4737 = CARTESIAN_POINT ( 'NONE',  ( 11.72456241687980416, 10.99999999999999822, -7.816128653816421412 ) ) ;
#4738 = B_SPLINE_CURVE_WITH_KNOTS ( 'NONE', 3,
 ( #4132, #2805, #253, #280, #4108, #1948, #5316, #4492, #336, #885, #5040, #860, #3475, #2610, #2948, #57, #5151, #3398, #4296 ),
 .UNSPECIFIED., .F., .F.,
 ( 4, 1, 1, 1, 1, 1, 1, 1, 1, 1, 1, 1, 1, 1, 1, 1, 4 ),
 ( 0.000000000000000000, 0.06923823557697296460, 0.1358294382307503601, 0.1996908383031278655, 0.2626038608419798970, 0.3243379730475009493, 0.3857248784940196518, 0.4474218834357961971, 0.5100765351805883752, 0.5721159354493271509, 0.6324239229062865730, 0.6924114500268319095, 0.7512717322445815471, 0.8110744564309962934, 0.8720621337882956681, 0.9350570052840392332, 1.000000000000000000 ),
 .UNSPECIFIED. ) ;
#4739 = AXIS2_PLACEMENT_3D ( 'NONE', #4522, #2923, #1642 ) ;
#4740 = DIRECTION ( 'NONE',  ( 0.000000000000000000, -0.000000000000000000, 1.000000000000000000 ) ) ;
#4741 = CARTESIAN_POINT ( 'NONE',  ( -24.97592700357966322, 10.49999999999999822, 0.5658191600452825432 ) ) ;
#4742 = ORIENTED_EDGE ( 'NONE', *, *, #1505, .T. ) ;
#4743 = EDGE_LOOP ( 'NONE', ( #737, #40, #4693, #3395 ) ) ;
#4744 = CARTESIAN_POINT ( 'NONE',  ( 4.382878685147603370, 10.50000000000000000, -0.3207411193410646399 ) ) ;
#4745 = VECTOR ( 'NONE', #4250, 1000.000000000000114 ) ;
#4746 = EDGE_CURVE ( 'NONE', #3850, #2763, #2086, .T. ) ;
#4747 = CARTESIAN_POINT ( 'NONE',  ( -46.49000000000000199, 4.009999999999998899, -25.67000000000001236 ) ) ;
#4748 = CARTESIAN_POINT ( 'NONE',  ( 18.20991521695765059, 10.49999999999999822, -4.542716272865859217 ) ) ;
#4749 = CARTESIAN_POINT ( 'NONE',  ( -25.27879800642689645, 11.00000000000000178, -7.003199197564507372 ) ) ;
#4750 = ORIENTED_EDGE ( 'NONE', *, *, #4788, .F. ) ;
#4751 = VERTEX_POINT ( 'NONE', #3050 ) ;
#4752 = CARTESIAN_POINT ( 'NONE',  ( 4.351621263325762712, 10.50000000000000178, -17.70324365154191781 ) ) ;
#4753 = CARTESIAN_POINT ( 'NONE',  ( -37.75000000000000711, -11.00000000000000000, 22.32999999999999119 ) ) ;
#4754 = ADVANCED_FACE ( 'NONE', ( #2521 ), #4205, .T. ) ;
#4755 = CARTESIAN_POINT ( 'NONE',  ( 2.976735641290067846, 10.50000000000000000, -3.827835855493609163 ) ) ;
#4756 = DIRECTION ( 'NONE',  ( -0.000000000000000000, -0.000000000000000000, 1.000000000000000000 ) ) ;
#4757 = CARTESIAN_POINT ( 'NONE',  ( -7.876811856382237131, 10.50000000000000000, -9.625573844668560142 ) ) ;
#4758 = ORIENTED_EDGE ( 'NONE', *, *, #2523, .T. ) ;
#4759 = FACE_OUTER_BOUND ( 'NONE', #3844, .T. ) ;
#4760 = LINE ( 'NONE', #3139, #1750 ) ;
#4761 = CARTESIAN_POINT ( 'NONE',  ( 12.50453501844720705, 10.49999999999999645, -10.60533284150762512 ) ) ;
#4762 = CARTESIAN_POINT ( 'NONE',  ( 9.986216429993490351, 11.00000000000000000, -11.04923762646875218 ) ) ;
#4763 = CARTESIAN_POINT ( 'NONE',  ( 22.77100873819964022, 10.49999999999999645, -14.69748990411817857 ) ) ;
#4764 = CARTESIAN_POINT ( 'NONE',  ( -11.12701065817126356, 11.00000000000000178, -14.69395821120029133 ) ) ;
#4765 = CARTESIAN_POINT ( 'NONE',  ( -5.402811567957675365, 10.50000000000000178, 2.058178148227592708 ) ) ;
#4766 = CARTESIAN_POINT ( 'NONE',  ( -12.22444990740661197, 10.50000000000000000, -5.626989188983602119 ) ) ;
#4767 = CARTESIAN_POINT ( 'NONE',  ( 9.481404602444126084, 11.00000000000000000, -0.1156209270726399618 ) ) ;
#4768 = CARTESIAN_POINT ( 'NONE',  ( -11.41318491272697777, 10.99999999999999822, -6.472748947987427393 ) ) ;
#4769 = CARTESIAN_POINT ( 'NONE',  ( 6.668482281304141779, 11.00000000000000178, -7.301717109451216992 ) ) ;
#4770 = ORIENTED_EDGE ( 'NONE', *, *, #4858, .F. ) ;
#4771 = VERTEX_POINT ( 'NONE', #1346 ) ;
#4772 = CARTESIAN_POINT ( 'NONE',  ( -5.552773587290121604, 11.00000000000000000, -14.11587401557059351 ) ) ;
#4773 = CARTESIAN_POINT ( 'NONE',  ( 10.49986918561516092, 10.49999999999999822, -13.18588002814276905 ) ) ;
#4774 = CARTESIAN_POINT ( 'NONE',  ( 8.162443272341421974, 10.49999999999999822, -18.35142445075854312 ) ) ;
#4775 = CARTESIAN_POINT ( 'NONE',  ( -27.99048182774293636, 10.49999999999999822, 2.190471945977837009 ) ) ;
#4776 = ORIENTED_EDGE ( 'NONE', *, *, #2224, .T. ) ;
#4777 = ORIENTED_EDGE ( 'NONE', *, *, #5434, .F. ) ;
#4778 = DIRECTION ( 'NONE',  ( -0.000000000000000000, 1.000000000000000000, -0.000000000000000000 ) ) ;
#4779 = CARTESIAN_POINT ( 'NONE',  ( 0.000000000000000000, 11.00000000000000000, 0.000000000000000000 ) ) ;
#4780 = CARTESIAN_POINT ( 'NONE',  ( 57.75000000000000000, 5.999999999999999112, 0.000000000000000000 ) ) ;
#4781 = EDGE_CURVE ( 'NONE', #5108, #923, #4288, .T. ) ;
#4782 = CARTESIAN_POINT ( 'NONE',  ( -5.344791782659229717, 10.99999999999999645, -12.52869625213068616 ) ) ;
#4783 = CARTESIAN_POINT ( 'NONE',  ( -6.728845559800411991, 11.00000000000000178, -6.874843880028022269 ) ) ;
#4784 = CARTESIAN_POINT ( 'NONE',  ( 24.84783250762195195, 11.00000000000000000, -14.34042367702577714 ) ) ;
#4785 = VECTOR ( 'NONE', #878, 1000.000000000000000 ) ;
#4786 = FACE_OUTER_BOUND ( 'NONE', #1363, .T. ) ;
#4787 = CARTESIAN_POINT ( 'NONE',  ( -5.512091157494521276, 11.00000000000000000, -8.669307838998195237 ) ) ;
#4788 = EDGE_CURVE ( 'NONE', #803, #858, #3021, .T. ) ;
#4789 = CYLINDRICAL_SURFACE ( 'NONE', #3605, 2.500000000000002220 ) ;
#4790 = CARTESIAN_POINT ( 'NONE',  ( -11.61969942010624735, 10.99999999999999822, -12.96890742630764670 ) ) ;
#4791 = CARTESIAN_POINT ( 'NONE',  ( -3.623771768981410624, 10.99999999999999467, 0.7906542165759592455 ) ) ;
#4792 = CARTESIAN_POINT ( 'NONE',  ( -12.86937597265809607, 10.49999999999999645, -3.827835855493607831 ) ) ;
#4793 = CARTESIAN_POINT ( 'NONE',  ( 7.975290526505650845, 11.00000000000000178, 0.4283511976069412919 ) ) ;
#4794 = CARTESIAN_POINT ( 'NONE',  ( 18.55477529353937882, 10.49999999999999822, -4.977682476448379134 ) ) ;
#4795 = FACE_OUTER_BOUND ( 'NONE', #1730, .T. ) ;
#4796 = VERTEX_POINT ( 'NONE', #906 ) ;
#4797 = ORIENTED_EDGE ( 'NONE', *, *, #3418, .T. ) ;
#4798 = ORIENTED_EDGE ( 'NONE', *, *, #2217, .T. ) ;
#4799 = CARTESIAN_POINT ( 'NONE',  ( 2.971125140237599549, 10.49999999999999822, -2.992424625057283460 ) ) ;
#4800 = CARTESIAN_POINT ( 'NONE',  ( 10.38910542187986863, 10.50000000000000000, -13.81878840695711119 ) ) ;
#4801 = CARTESIAN_POINT ( 'NONE',  ( 27.36308831935975405, 10.49999999999999822, -2.278986042301834214 ) ) ;
#4802 = CARTESIAN_POINT ( 'NONE',  ( -8.738692753489422316, 10.49999999999999822, 2.751525581173775770 ) ) ;
#4803 = ORIENTED_EDGE ( 'NONE', *, *, #4087, .T. ) ;
#4804 = ORIENTED_EDGE ( 'NONE', *, *, #47, .T. ) ;
#4805 = DIRECTION ( 'NONE',  ( -0.000000000000000000, 0.000000000000000000, -1.000000000000000000 ) ) ;
#4806 = CARTESIAN_POINT ( 'NONE',  ( 6.668482281304141779, 10.50000000000000000, -7.301717109451216992 ) ) ;
#4807 = LINE ( 'NONE', #3937, #3966 ) ;
#4808 = CARTESIAN_POINT ( 'NONE',  ( -4.548821590938133319, 11.00000000000000178, 1.570400566115654373 ) ) ;
#4809 = CARTESIAN_POINT ( 'NONE',  ( 22.68403409951972094, 11.00000000000000000, -10.69824295672428782 ) ) ;
#4810 = EDGE_CURVE ( 'NONE', #1680, #2261, #4672, .T. ) ;
#4811 = CARTESIAN_POINT ( 'NONE',  ( 10.98908511191957338, 10.49999999999999645, -9.058449755318722652 ) ) ;
#4812 = LINE ( 'NONE', #1517, #3787 ) ;
#4813 = VECTOR ( 'NONE', #1281, 1000.000000000000000 ) ;
#4814 = CARTESIAN_POINT ( 'NONE',  ( 10.51087438071646041, 11.00000000000000000, -12.85485071321813422 ) ) ;
#4815 = CARTESIAN_POINT ( 'NONE',  ( -11.57481784748402376, 11.00000000000000000, -13.52452755814317698 ) ) ;
#4816 = CARTESIAN_POINT ( 'NONE',  ( -2.386469715474217601, 10.49999999999999822, -1.244302875142191400 ) ) ;
#4817 = EDGE_CURVE ( 'NONE', #1937, #2004, #5087, .T. ) ;
#4818 = CARTESIAN_POINT ( 'NONE',  ( 5.299033947010094892, 10.49999999999999467, 2.575735096875017671 ) ) ;
#4819 = CARTESIAN_POINT ( 'NONE',  ( 13.77507977711571208, 10.99999999999999467, -2.857185568690649546 ) ) ;
#4820 = CARTESIAN_POINT ( 'NONE',  ( -9.733681607360274768, 10.50000000000000355, -15.88601282060331243 ) ) ;
#4821 = VECTOR ( 'NONE', #4075, 1000.000000000000114 ) ;
#4822 = DIRECTION ( 'NONE',  ( -0.000000000000000000, 1.000000000000000000, -0.000000000000000000 ) ) ;
#4823 = VERTEX_POINT ( 'NONE', #2188 ) ;
#4824 = VERTEX_POINT ( 'NONE', #4646 ) ;
#4825 = CIRCLE ( 'NONE', #5358, 3.300000000000011369 ) ;
#4826 = CARTESIAN_POINT ( 'NONE',  ( -14.36062797824964044, 11.00000000000000355, -12.47390212536449461 ) ) ;
#4827 = CARTESIAN_POINT ( 'NONE',  ( -43.49000000000000199, 11.00000000000000000, -47.50000000000000711 ) ) ;
#4828 = VECTOR ( 'NONE', #300, 1000.000000000000000 ) ;
#4829 = CARTESIAN_POINT ( 'NONE',  ( -35.95000000000000995, -11.00000000000000000, 15.56538618988488665 ) ) ;
#4830 = VECTOR ( 'NONE', #1685, 1000.000000000000000 ) ;
#4831 = ORIENTED_EDGE ( 'NONE', *, *, #5469, .F. ) ;
#4832 = VERTEX_POINT ( 'NONE', #2579 ) ;
#4833 = CARTESIAN_POINT ( 'NONE',  ( -2.740821324307055828, 11.00000000000000178, -14.54853304086318211 ) ) ;
#4834 = CARTESIAN_POINT ( 'NONE',  ( 2.969022327907592462, 10.49999999999999822, -3.556463577811508348 ) ) ;
#4835 = CIRCLE ( 'NONE', #5282, 7.000000000000002665 ) ;
#4836 = CARTESIAN_POINT ( 'NONE',  ( -30.99084651295731874, 10.49999999999999822, -18.12509765625000568 ) ) ;
#4837 = CARTESIAN_POINT ( 'NONE',  ( -2.533144959136018670, 10.99999999999999645, -0.8709275102663519563 ) ) ;
#4838 = B_SPLINE_CURVE_WITH_KNOTS ( 'NONE', 3,
 ( #3602, #5361, #4097, #2766, #4070, #4971, #4121, #4454, #1569, #1169, #4889 ),
 .UNSPECIFIED., .F., .F.,
 ( 4, 1, 1, 1, 1, 1, 1, 1, 4 ),
 ( 0.000000000000000000, 0.1355607305809378160, 0.2666143136119719093, 0.3937587845813600440, 0.5199214895006873949, 0.6432810940245112796, 0.7624754540508218437, 0.8804800829043206711, 1.000000000000000000 ),
 .UNSPECIFIED. ) ;
#4839 = DIRECTION ( 'NONE',  ( -0.7071067811865459074, -0.000000000000000000, -0.7071067811865491270 ) ) ;
#4840 = CARTESIAN_POINT ( 'NONE',  ( 24.24227505745256650, 11.00000000000000355, -17.28128198720910191 ) ) ;
#4841 = CARTESIAN_POINT ( 'NONE',  ( 0.7243623407757943111, 10.49999999999999822, -4.987244201571611413 ) ) ;
#4842 = ORIENTED_EDGE ( 'NONE', *, *, #2870, .T. ) ;
#4843 = EDGE_CURVE ( 'NONE', #5356, #3650, #2753, .T. ) ;
#4844 = CARTESIAN_POINT ( 'NONE',  ( -6.507434654645112282, 10.49999999999999645, -10.31399212742557836 ) ) ;
#4845 = DIRECTION ( 'NONE',  ( 1.000000000000000000, 0.000000000000000000, 1.982541115402065110E-16 ) ) ;
#4846 = ORIENTED_EDGE ( 'NONE', *, *, #2150, .F. ) ;
#4847 = CARTESIAN_POINT ( 'NONE',  ( -8.738692753489422316, 10.99999999999999467, 2.751525581173775770 ) ) ;
#4848 = DIRECTION ( 'NONE',  ( -0.000000000000000000, 1.000000000000000000, -0.000000000000000000 ) ) ;
#4849 = CARTESIAN_POINT ( 'NONE',  ( 13.77881070882440540, 10.50000000000000000, -3.140894658515251514 ) ) ;
#4850 = EDGE_CURVE ( 'NONE', #463, #2711, #2404, .T. ) ;
#4851 = CARTESIAN_POINT ( 'NONE',  ( 54.75000000000000000, 11.00000000000000000, -47.50000000000000711 ) ) ;
#4852 = CARTESIAN_POINT ( 'NONE',  ( -10.24138649122541800, 10.99999999999999822, -10.11305156707839537 ) ) ;
#4853 = VERTEX_POINT ( 'NONE', #466 ) ;
#4854 = CARTESIAN_POINT ( 'NONE',  ( 13.77881070882440540, 10.50000000000000000, -3.140894658515251514 ) ) ;
#4855 = CARTESIAN_POINT ( 'NONE',  ( -10.49001974766478185, 11.00000000000000000, -10.30949853321146392 ) ) ;
#4856 = CARTESIAN_POINT ( 'NONE',  ( -13.69033926694337922, 10.99999999999999467, -7.235885548180277738 ) ) ;
#4857 = B_SPLINE_SURFACE_WITH_KNOTS ( 'NONE', 3, 1, ( 
 ( #1274, #4606 ),
 ( #2141, #2953 ),
 ( #396, #2979 ),
 ( #4659, #4963 ),
 ( #341, #1643 ),
 ( #2564, #2867 ),
 ( #2480, #2033 ),
 ( #3731, #4579 ),
 ( #5404, #1613 ),
 ( #3317, #784 ),
 ( #4164, #368 ),
 ( #2060, #3760 ),
 ( #3348, #5018 ),
 ( #4684, #1330 ),
 ( #946, #3480 ),
 ( #3061, #1304 ),
 ( #4387, #3867 ),
 ( #5214, #89 ),
 ( #3456, #118 ) ),
 .UNSPECIFIED., .F., .F., .F.,
 ( 4, 1, 1, 1, 1, 1, 1, 1, 1, 1, 1, 1, 1, 1, 1, 1, 4 ),
 ( 2, 2 ),
 ( 0.000000000000000000, 0.06738113814185216210, 0.1316191086167763646, 0.1937004165519009280, 0.2539063513561236052, 0.3130795607646421619, 0.3715552226999620511, 0.4304523132901792448, 0.4902115663337905382, 0.5505666952165707562, 0.6105012691613164177, 0.6707445371242347631, 0.7322436493756238063, 0.7949824289929092735, 0.8605312189298762737, 0.9283364645205585131, 1.000000000000000000 ),
 ( 0.000000000000000000, 1.000000000000000000 ),
 .UNSPECIFIED. ) ;
#4858 = EDGE_CURVE ( 'NONE', #1739, #1072, #2552, .T. ) ;
#4859 = EDGE_LOOP ( 'NONE', ( #869, #3269, #4211, #4995 ) ) ;
#4860 = ORIENTED_EDGE ( 'NONE', *, *, #1714, .T. ) ;
#4861 = CARTESIAN_POINT ( 'NONE',  ( -6.903502939772661939, 11.00000000000000000, -18.22436116523296690 ) ) ;
#4862 = CARTESIAN_POINT ( 'NONE',  ( 10.81113852049573154, 10.50000000000000000, -5.274889234346052724 ) ) ;
#4863 = CARTESIAN_POINT ( 'NONE',  ( -13.01451833392589208, 10.99999999999999822, -7.823561220026823193 ) ) ;
#4864 = CARTESIAN_POINT ( 'NONE',  ( 49.75000000000000000, -11.00000000000000000, -12.99999999999999822 ) ) ;
#4865 = ORIENTED_EDGE ( 'NONE', *, *, #3846, .F. ) ;
#4866 = CARTESIAN_POINT ( 'NONE',  ( -14.39015815548780530, 10.50000000000000000, -13.14567716645032114 ) ) ;
#4867 = CARTESIAN_POINT ( 'NONE',  ( -12.44799840506433597, 10.50000000000000000, -1.475357951040890070 ) ) ;
#4868 = CARTESIAN_POINT ( 'NONE',  ( 21.04455083613927968, 10.49999999999999822, -11.98691125136641844 ) ) ;
#4869 = CARTESIAN_POINT ( 'NONE',  ( -3.341576595500956870, 10.49999999999999645, -10.60533284150762512 ) ) ;
#4870 = ORIENTED_EDGE ( 'NONE', *, *, #418, .T. ) ;
#4871 = DIRECTION ( 'NONE',  ( 1.000000000000000000, 0.000000000000000000, -0.000000000000000000 ) ) ;
#4872 = CARTESIAN_POINT ( 'NONE',  ( 10.70909263737855532, 10.50000000000000000, -8.503546105649242293 ) ) ;
#4873 = DIRECTION ( 'NONE',  ( 0.000000000000000000, 0.000000000000000000, -1.000000000000000000 ) ) ;
#4874 = CARTESIAN_POINT ( 'NONE',  ( 2.949708013205909474, 11.00000000000000178, 1.584561690811186585 ) ) ;
#4875 = EDGE_CURVE ( 'NONE', #5411, #4342, #2105, .T. ) ;
#4876 = CARTESIAN_POINT ( 'NONE',  ( 12.94795374877771543, 10.49999999999999645, -0.1583995202356029697 ) ) ;
#4877 = VECTOR ( 'NONE', #1659, 1000.000000000000000 ) ;
#4878 = CARTESIAN_POINT ( 'NONE',  ( 13.09454418683463395, 10.99999999999999645, -11.83437446225390488 ) ) ;
#4879 = DIRECTION ( 'NONE',  ( -0.000000000000000000, 0.000000000000000000, -1.000000000000000000 ) ) ;
#4880 = CARTESIAN_POINT ( 'NONE',  ( -14.38174893493905593, 11.00000000000000000, -13.38358649696485081 ) ) ;
#4881 = VECTOR ( 'NONE', #2125, 1000.000000000000000 ) ;
#4882 = CARTESIAN_POINT ( 'NONE',  ( 12.02953942748805005, 10.49999999999999645, -7.536463987655458219 ) ) ;
#4883 = DIRECTION ( 'NONE',  ( 0.000000000000000000, 1.000000000000000000, 0.000000000000000000 ) ) ;
#4884 = EDGE_CURVE ( 'NONE', #3213, #2173, #3830, .T. ) ;
#4885 = DIRECTION ( 'NONE',  ( 0.000000000000000000, -1.000000000000000000, 0.000000000000000000 ) ) ;
#4886 = EDGE_LOOP ( 'NONE', ( #2078, #571, #1267, #4897 ) ) ;
#4887 = ORIENTED_EDGE ( 'NONE', *, *, #353, .F. ) ;
#4888 = CARTESIAN_POINT ( 'NONE',  ( 24.61671587521242444, 10.99999999999999822, -13.92787956356451495 ) ) ;
#4889 = CARTESIAN_POINT ( 'NONE',  ( 1.455953458460362393, 11.00000000000000000, -13.14567716645031936 ) ) ;
#4890 = CARTESIAN_POINT ( 'NONE',  ( -9.049800250649200350, 10.99999999999999822, 2.743347617036439257 ) ) ;
#4891 = ADVANCED_FACE ( 'NONE', ( #1687 ), #437, .T. ) ;
#4892 = CARTESIAN_POINT ( 'NONE',  ( -20.92982326600609966, 10.49999999999999822, -15.86136742568598024 ) ) ;
#4893 = CARTESIAN_POINT ( 'NONE',  ( 9.338676959303050751, 10.49999999999999645, -10.31399212742557836 ) ) ;
#4894 = CARTESIAN_POINT ( 'NONE',  ( -12.44799840506433597, 11.00000000000000178, -1.475357951040890070 ) ) ;
#4895 = ADVANCED_FACE ( 'NONE', ( #3828 ), #1713, .T. ) ;
#4896 = CARTESIAN_POINT ( 'NONE',  ( 12.52709289883696009, 11.00000000000000355, -15.82337798457984768 ) ) ;
#4897 = ORIENTED_EDGE ( 'NONE', *, *, #3147, .F. ) ;
#4898 = CARTESIAN_POINT ( 'NONE',  ( 10.50131983128893864, 11.00000000000000000, -12.52869625213068616 ) ) ;
#4899 = CARTESIAN_POINT ( 'NONE',  ( -5.463854741261934933, 10.49999999999999822, -11.90350887724605222 ) ) ;
#4900 = CARTESIAN_POINT ( 'NONE',  ( 1.756087846318033607, -11.00000000000000000, 3.427540140872468388 ) ) ;
#4901 = DIRECTION ( 'NONE',  ( 1.000000000000000000, 0.000000000000000000, 0.000000000000000000 ) ) ;
#4902 = CARTESIAN_POINT ( 'NONE',  ( 5.865080443833696755, 10.50000000000000000, -9.946286627115995316 ) ) ;
#4903 = CARTESIAN_POINT ( 'NONE',  ( 0.5608384769167826800, 11.00000000000000178, -2.034560898765712000 ) ) ;
#4904 = CARTESIAN_POINT ( 'NONE',  ( 10.44330004599049389, 10.50000000000000178, 2.058178148227592708 ) ) ;
#4905 = CARTESIAN_POINT ( 'NONE',  ( 2.976735641290067846, 10.50000000000000000, -3.827835855493609163 ) ) ;
#4906 = VECTOR ( 'NONE', #2507, 1000.000000000000000 ) ;
#4907 = CARTESIAN_POINT ( 'NONE',  ( -10.71874017229206544, 10.99999999999999822, -10.53750311030915476 ) ) ;
#4908 = CARTESIAN_POINT ( 'NONE',  ( 3.242456309029966288, 10.99999999999999822, -1.823151137672664790 ) ) ;
#4909 = B_SPLINE_CURVE_WITH_KNOTS ( 'NONE', 3,
 ( #3183, #4854, #2342, #234, #4548, #5435, #838, #1673, #2898, #4634, #866, #3788, #4192, #2088, #2535, #5044, #810, #1190, #4224, #449, #3813, #4988, #3373 ),
 .UNSPECIFIED., .F., .F.,
 ( 4, 1, 1, 1, 1, 1, 1, 1, 1, 1, 1, 1, 1, 1, 1, 1, 1, 1, 1, 1, 4 ),
 ( 0.000000000000000000, 0.04283503422024807772, 0.08428029696437250307, 0.1253011096378452149, 0.1656233672167559123, 0.2055187223299067556, 0.2452046315699084877, 0.2847356030621589484, 0.3244730239720163834, 0.3640958835607188693, 0.4035673969704451358, 0.4427151151520584693, 0.4823551800457137606, 0.5221288099167459285, 0.5625392816307532851, 0.6038013357034031081, 0.6457733814847522735, 0.7310827546346233552, 0.8177035447951623848, 0.9068485518050651839, 1.000000000000000000 ),
 .UNSPECIFIED. ) ;
#4910 = CARTESIAN_POINT ( 'NONE',  ( -13.60180069234135658, 11.00000000000000178, -10.58602604877687270 ) ) ;
#4911 = CYLINDRICAL_SURFACE ( 'NONE', #4301, 2.999999999999999112 ) ;
#4912 = SURFACE_STYLE_FILL_AREA ( #4449 ) ;
#4913 = ORIENTED_EDGE ( 'NONE', *, *, #2496, .T. ) ;
#4914 = ADVANCED_FACE ( 'NONE', ( #5279 ), #1853, .T. ) ;
#4915 = ORIENTED_EDGE ( 'NONE', *, *, #1530, .F. ) ;
#4916 = EDGE_LOOP ( 'NONE', ( #5331, #4611, #4860, #4391 ) ) ;
#4917 = CARTESIAN_POINT ( 'NONE',  ( 24.15587049709280620, 10.99999999999999822, -13.10526871995290854 ) ) ;
#4918 = VECTOR ( 'NONE', #565, 1000.000000000000000 ) ;
#4919 = CARTESIAN_POINT ( 'NONE',  ( -10.05814648722300930, 10.50000000000000000, -18.21711235634275639 ) ) ;
#4920 = CARTESIAN_POINT ( 'NONE',  ( -15.33015014204836213, 11.00000000000000178, -4.152302161992776242 ) ) ;
#4921 = CLOSED_SHELL ( 'NONE', ( #1157, #4488, #345, #3175, #822, #1253, #1565, #5085, #5197, #3921, #3038, #2390, #4354, #5429, #5030, #2255, #4706, #2396, #4517, #3274, #2693, #1546, #248, #4308, #260, #3816, #861, #3582, #3446, #828, #3210, #3826, #4284, #1293, #460, #1707, #2658, #3486, #1907, #4619, #2082, #2192, #4895, #314, #4754, #3413, #1737, #4891, #1947, #191, #5091, #4914, #1855, #4678, #328, #2323, #3755, #5186, #5329, #3352, #3304, #835, #4720, #215, #2043, #3512, #3062, #625, #3384, #3479, #5286, #116, #3181, #2186, #887, #717, #4012, #927, #1195, #1848, #3098, #2837, #1052, #322, #4683, #2491, #3778, #4176, #4481, #688, #1641, #1329, #5336, #4111, #4654, #1778, #3280, #1398, #5014, #1439, #3616, #5098, #2015, #4993, #5062, #2639, #1954 ) ) ;
#4922 = EDGE_CURVE ( 'NONE', #795, #858, #5251, .T. ) ;
#4923 = LINE ( 'NONE', #823, #3689 ) ;
#4924 = CARTESIAN_POINT ( 'NONE',  ( -2.071031836832454065, 11.00000000000000000, -2.857185568690649546 ) ) ;
#4925 = VECTOR ( 'NONE', #891, 1000.000000000000000 ) ;
#4926 = LINE ( 'NONE', #741, #4404 ) ;
#4927 = CARTESIAN_POINT ( 'NONE',  ( 13.25138829786542161, 11.00000000000000000, -13.85689754922630001 ) ) ;
#4928 = CARTESIAN_POINT ( 'NONE',  ( 9.135673036873297903, 10.49999999999999645, -15.58081100374876193 ) ) ;
#4929 = CARTESIAN_POINT ( 'NONE',  ( 4.233436134185441624, 10.50000000000000000, -12.52765795314684638 ) ) ;
#4930 = DIRECTION ( 'NONE',  ( -0.000000000000000000, 1.000000000000000000, -0.000000000000000000 ) ) ;
#4931 = DIRECTION ( 'NONE',  ( 0.000000000000000000, -1.000000000000000000, 0.000000000000000000 ) ) ;
#4932 = CARTESIAN_POINT ( 'NONE',  ( 15.28986042301829151, 10.49999999999999822, -4.424813656690648855 ) ) ;
#4933 = LINE ( 'NONE', #255, #1652 ) ;
#4934 = CARTESIAN_POINT ( 'NONE',  ( -10.93015769469763221, 10.49999999999999645, -10.78248381255061794 ) ) ;
#4935 = CARTESIAN_POINT ( 'NONE',  ( 49.75000000000000000, -2.499999999999998668, -12.99999999999999822 ) ) ;
#4936 = CARTESIAN_POINT ( 'NONE',  ( -9.981031170114464501, 10.99999999999999112, -9.946286627115986434 ) ) ;
#4937 = CARTESIAN_POINT ( 'NONE',  ( 44.25000000000000000, 5.999999999999999112, 27.49999999999999645 ) ) ;
#4938 = CARTESIAN_POINT ( 'NONE',  ( -13.60180069234135658, 10.50000000000000000, -10.58602604877687270 ) ) ;
#4939 = CARTESIAN_POINT ( 'NONE',  ( -51.12500000000011369, -11.00000000000000000, 51.12499999999988631 ) ) ;
#4940 = FACE_OUTER_BOUND ( 'NONE', #3068, .T. ) ;
#4941 = ORIENTED_EDGE ( 'NONE', *, *, #759, .F. ) ;
#4942 = VERTEX_POINT ( 'NONE', #3935 ) ;
#4943 = ORIENTED_EDGE ( 'NONE', *, *, #5153, .F. ) ;
#4944 = DIRECTION ( 'NONE',  ( -0.000000000000000000, 1.000000000000000000, -0.000000000000000000 ) ) ;
#4945 = CARTESIAN_POINT ( 'NONE',  ( -14.39015815548780530, 10.50000000000000000, -13.14567716645032114 ) ) ;
#4946 = CARTESIAN_POINT ( 'NONE',  ( -15.39492011130155191, 10.49999999999999645, -3.142136274207345092 ) ) ;
#4947 = CARTESIAN_POINT ( 'NONE',  ( -22.36172842238072889, 10.49999999999999822, -13.22977083822463129 ) ) ;
#4948 = FILL_AREA_STYLE ('',( #2434 ) ) ;
#4949 = CARTESIAN_POINT ( 'NONE',  ( -9.630710876693759914, 11.00000000000000355, 0.4262915992595956993 ) ) ;
#4950 = CARTESIAN_POINT ( 'NONE',  ( 12.11243501038684123, 11.00000000000000000, -16.39568747576701568 ) ) ;
#4951 = EDGE_CURVE ( 'NONE', #5006, #650, #5233, .T. ) ;
#4952 = CARTESIAN_POINT ( 'NONE',  ( 10.49986918561516092, 10.99999999999999467, -13.18588002814276905 ) ) ;
#4953 = ORIENTED_EDGE ( 'NONE', *, *, #2262, .F. ) ;
#4954 = CARTESIAN_POINT ( 'NONE',  ( 6.423039362860549772, 10.99999999999999822, -9.706173168869373313 ) ) ;
#4955 = CARTESIAN_POINT ( 'NONE',  ( 9.462509315982481795, 11.00000000000000000, -6.681204552571068156 ) ) ;
#4956 = LINE ( 'NONE', #1181, #5325 ) ;
#4957 = CARTESIAN_POINT ( 'NONE',  ( 4.341682902792427079, 10.49999999999999822, -11.89612836568935883 ) ) ;
#4958 = EDGE_CURVE ( 'NONE', #1960, #2374, #898, .T. ) ;
#4959 = CARTESIAN_POINT ( 'NONE',  ( -5.240090821449203240, 10.99999999999999822, -5.597361666110450606 ) ) ;
#4960 = CARTESIAN_POINT ( 'NONE',  ( -10.73949917638801210, 10.49999999999999822, -15.18795678384890380 ) ) ;
#4961 = CARTESIAN_POINT ( 'NONE',  ( -10.71874017229206544, 10.50000000000000000, -10.53750311030915476 ) ) ;
#4962 = CARTESIAN_POINT ( 'NONE',  ( 3.591496591560461304, 10.99999999999999822, -1.149428727915371873 ) ) ;
#4963 = CARTESIAN_POINT ( 'NONE',  ( 3.030929775394811898, 10.99999999999999822, -2.581479027203728904 ) ) ;
#4964 = CARTESIAN_POINT ( 'NONE',  ( 5.106612437560159812, 11.00000000000000000, -15.18795678384889847 ) ) ;
#4965 = VECTOR ( 'NONE', #1409, 1000.000000000000000 ) ;
#4966 = CARTESIAN_POINT ( 'NONE',  ( -57.75000000000000000, -11.00000000000000000, 35.74905993154862927 ) ) ;
#4967 = AXIS2_PLACEMENT_3D ( 'NONE', #325, #3301, #3655 ) ;
#4968 = ORIENTED_EDGE ( 'NONE', *, *, #4346, .F. ) ;
#4969 = ORIENTED_EDGE ( 'NONE', *, *, #2300, .T. ) ;
#4970 = FACE_BOUND ( 'NONE', #3749, .T. ) ;
#4971 = CARTESIAN_POINT ( 'NONE',  ( 2.244310921606810894, 10.99999999999999822, -10.58602604877687092 ) ) ;
#4972 = CARTESIAN_POINT ( 'NONE',  ( 24.84783250762195195, 10.49999999999999822, 2.499999999999995115 ) ) ;
#4973 = CARTESIAN_POINT ( 'NONE',  ( 49.75000000000000000, -2.499999999999998668, -38.00000000000000000 ) ) ;
#4974 = CARTESIAN_POINT ( 'NONE',  ( 12.86415207709415220, 10.49999999999999467, -15.20636047343685426 ) ) ;
#4975 = CARTESIAN_POINT ( 'NONE',  ( 24.84783250762195195, 10.49999999999999822, -2.278986042301834214 ) ) ;
#4976 = FACE_OUTER_BOUND ( 'NONE', #2512, .T. ) ;
#4977 = ORIENTED_EDGE ( 'NONE', *, *, #4415, .T. ) ;
#4978 = CARTESIAN_POINT ( 'NONE',  ( 5.865080443833696755, 11.00000000000000178, -9.946286627115995316 ) ) ;
#4979 = CARTESIAN_POINT ( 'NONE',  ( 13.77055441235664190, 10.49999999999999822, -3.716994934501298253 ) ) ;
#4980 = EDGE_CURVE ( 'NONE', #598, #5114, #3032, .T. ) ;
#4981 = CARTESIAN_POINT ( 'NONE',  ( -5.338941714864864352, 10.50000000000000000, -12.96627918003650670 ) ) ;
#4982 = CARTESIAN_POINT ( 'NONE',  ( 4.915953919250531712, 10.49999999999999645, -10.78248381255062149 ) ) ;
#4983 = CARTESIAN_POINT ( 'NONE',  ( -8.306015075109806745, 11.00000000000000178, -7.302860428163598705 ) ) ;
#4984 = CARTESIAN_POINT ( 'NONE',  ( 49.75000000000000711, -11.00000000000000000, 17.49999999999999645 ) ) ;
#4985 = CARTESIAN_POINT ( 'NONE',  ( 1.642129265352390455, 10.49999999999999645, -11.81804919713656155 ) ) ;
#4986 = EDGE_CURVE ( 'NONE', #5169, #848, #5058, .T. ) ;
#4987 = ORIENTED_EDGE ( 'NONE', *, *, #3682, .T. ) ;
#4988 = CARTESIAN_POINT ( 'NONE',  ( 7.421127740549119167, 10.49999999999999822, 2.743303851952143102 ) ) ;
#4989 = CARTESIAN_POINT ( 'NONE',  ( 49.75000000000000000, -11.00000000000000000, -7.500000000000007105 ) ) ;
#4990 = FACE_OUTER_BOUND ( 'NONE', #904, .T. ) ;
#4991 = CARTESIAN_POINT ( 'NONE',  ( -14.91939998566605396, 10.49999999999999822, -0.8798008395882785937 ) ) ;
#4992 = AXIS2_PLACEMENT_3D ( 'NONE', #5465, #9, #3402 ) ;
#4993 = ADVANCED_FACE ( 'NONE', ( #1013 ), #1903, .F. ) ;
#4994 = ORIENTED_EDGE ( 'NONE', *, *, #1882, .T. ) ;
#4995 = ORIENTED_EDGE ( 'NONE', *, *, #284, .F. ) ;
#4996 = CARTESIAN_POINT ( 'NONE',  ( 2.831593280022274062, 11.00000000000000000, -7.823561220026821417 ) ) ;
#4997 = CARTESIAN_POINT ( 'NONE',  ( 12.94795374877771543, 10.99999999999999822, -0.1583995202356029697 ) ) ;
#4998 = CARTESIAN_POINT ( 'NONE',  ( -8.498957433933163941, 11.00000000000000000, -9.573227896341467869 ) ) ;
#4999 = CARTESIAN_POINT ( 'NONE',  ( -20.31190587089794874, 11.00000000000000533, -12.42522550921503210 ) ) ;
#5000 = CIRCLE ( 'NONE', #2798, 2.500000000000002220 ) ;
#5001 = CARTESIAN_POINT ( 'NONE',  ( -26.17916297135483816, 10.49999999999999822, -4.675354058925229594 ) ) ;
#5002 = CARTESIAN_POINT ( 'NONE',  ( -13.01451833392589208, 10.49999999999999645, -7.823561220026823193 ) ) ;
#5003 = CARTESIAN_POINT ( 'NONE',  ( 20.21453455399235466, 11.00000000000000000, -10.75432436654496193 ) ) ;
#5004 = AXIS2_PLACEMENT_3D ( 'NONE', #4302, #2674, #539 ) ;
#5005 = CARTESIAN_POINT ( 'NONE',  ( 1.070259885261123811, 11.00000000000000178, -5.787489614356030820 ) ) ;
#5006 = VERTEX_POINT ( 'NONE', #608 ) ;
#5007 = CARTESIAN_POINT ( 'NONE',  ( -4.121549197068359760, 10.99999999999999822, -7.816128653816421412 ) ) ;
#5008 = EDGE_LOOP ( 'NONE', ( #2459, #2627, #3268, #2747 ) ) ;
#5009 = VECTOR ( 'NONE', #5198, 1000.000000000000000 ) ;
#5010 = PLANE ( 'NONE',  #3742 ) ;
#5011 = CARTESIAN_POINT ( 'NONE',  ( -6.230999535677457679, 10.50000000000000000, -15.16821815523729633 ) ) ;
#5012 = CYLINDRICAL_SURFACE ( 'NONE', #4735, 2.500000000000002220 ) ;
#5013 = CARTESIAN_POINT ( 'NONE',  ( -6.710439618055672462, 11.00000000000000355, 0.07000388528563561419 ) ) ;
#5014 = ADVANCED_FACE ( 'NONE', ( #2322 ), #1374, .T. ) ;
#5015 = CARTESIAN_POINT ( 'NONE',  ( 4.222734851371947151, 10.49999999999999822, -12.85485071321813422 ) ) ;
#5016 = CARTESIAN_POINT ( 'NONE',  ( -2.194000561604872335, 10.49999999999999822, -4.564449597647652013 ) ) ;
#5017 = FACE_OUTER_BOUND ( 'NONE', #1531, .T. ) ;
#5018 = CARTESIAN_POINT ( 'NONE',  ( 5.047846631491338165, 11.00000000000000178, 0.07818082849657725930 ) ) ;
#5019 = CARTESIAN_POINT ( 'NONE',  ( 7.236950592446572017, 10.49999999999999822, -16.10976935708335489 ) ) ;
#5020 = CARTESIAN_POINT ( 'NONE',  ( -5.291254241344020670, 10.49999999999999645, -8.800496264488799625 ) ) ;
#5021 = EDGE_CURVE ( 'NONE', #2985, #650, #3079, .T. ) ;
#5022 = CARTESIAN_POINT ( 'NONE',  ( -15.18736506849245238, 10.99999999999999822, -1.639276634863752857 ) ) ;
#5023 = VERTEX_POINT ( 'NONE', #4374 ) ;
#5024 = ORIENTED_EDGE ( 'NONE', *, *, #1823, .T. ) ;
#5025 = CARTESIAN_POINT ( 'NONE',  ( 0.5159614718998084548, 11.00000000000000355, -4.152302161992775353 ) ) ;
#5026 = CARTESIAN_POINT ( 'NONE',  ( 6.796311363298968011, 10.50000000000000000, 2.743347617036439701 ) ) ;
#5027 = CARTESIAN_POINT ( 'NONE',  ( -18.16304187309451024, 11.00000000000000000, -16.55306277391387937 ) ) ;
#5028 = ORIENTED_EDGE ( 'NONE', *, *, #631, .F. ) ;
#5029 = CARTESIAN_POINT ( 'NONE',  ( -24.76453903769549214, 11.00000000000000533, -0.4475561541894337303 ) ) ;
#5030 = ADVANCED_FACE ( 'NONE', ( #3550 ), #2215, .F. ) ;
#5031 = CARTESIAN_POINT ( 'NONE',  ( 9.804840215706233764, 11.00000000000000178, -0.3375758981456742913 ) ) ;
#5032 = DIRECTION ( 'NONE',  ( -0.000000000000000000, 1.000000000000000000, -0.000000000000000000 ) ) ;
#5033 = CARTESIAN_POINT ( 'NONE',  ( -4.738059967670974260, 10.50000000000000355, -4.579147110536277765 ) ) ;
#5034 = CARTESIAN_POINT ( 'NONE',  ( 4.207837802584569076, 10.50000000000000000, -8.799541172976844905 ) ) ;
#5035 = CARTESIAN_POINT ( 'NONE',  ( 1.300651898192015876, 10.50000000000000178, -6.171314639284009473 ) ) ;
#5036 = CARTESIAN_POINT ( 'NONE',  ( -3.533433022368853038, 11.00000000000000178, -7.227222992459361173 ) ) ;
#5037 = ORIENTED_EDGE ( 'NONE', *, *, #3551, .T. ) ;
#5038 = CARTESIAN_POINT ( 'NONE',  ( 1.464362679009109103, 10.49999999999999822, -13.38358649696485081 ) ) ;
#5039 = CARTESIAN_POINT ( 'NONE',  ( 13.25261041037390264, 11.00000000000000178, -12.48286635963155966 ) ) ;
#5040 = CARTESIAN_POINT ( 'NONE',  ( 3.857451765817524691, 11.00000000000000533, -5.934184098917837602 ) ) ;
#5041 = CARTESIAN_POINT ( 'NONE',  ( -8.742622840695263520, 10.99999999999999822, 0.4877953506097513769 ) ) ;
#5042 = CARTESIAN_POINT ( 'NONE',  ( 4.233661371824396724, 10.49999999999999822, -13.19374844126195967 ) ) ;
#5043 = CARTESIAN_POINT ( 'NONE',  ( -2.065404677972559888, 10.99999999999999822, -3.285088366996955500 ) ) ;
#5044 = CARTESIAN_POINT ( 'NONE',  ( 11.29729002301003504, 10.50000000000000000, 1.570400566115654373 ) ) ;
#5045 = CARTESIAN_POINT ( 'NONE',  ( 49.75000000000000711, 5.999999999999998224, 14.19999999999999041 ) ) ;
#5046 = CARTESIAN_POINT ( 'NONE',  ( 47.62499999999988631, -11.00000000000000000, 47.62500000000009237 ) ) ;
#5047 = CARTESIAN_POINT ( 'NONE',  ( -5.137018976569611262, 10.50000000000000000, -8.503546105649242293 ) ) ;
#5048 = EDGE_LOOP ( 'NONE', ( #2234, #4671, #5162, #4185 ) ) ;
#5049 = ORIENTED_EDGE ( 'NONE', *, *, #1579, .T. ) ;
#5050 = ORIENTED_EDGE ( 'NONE', *, *, #1914, .T. ) ;
#5051 = CARTESIAN_POINT ( 'NONE',  ( 1.841442690517860914, 11.00000000000000000, -6.907575538794191061 ) ) ;
#5052 = AXIS2_PLACEMENT_3D ( 'NONE', #1581, #4845, #1048 ) ;
#5053 = EDGE_CURVE ( 'NONE', #1918, #2788, #2661, .T. ) ;
#5054 = CARTESIAN_POINT ( 'NONE',  ( 8.035052890559452266, 11.00000000000000000, 2.727214009853057952 ) ) ;
#5055 = CARTESIAN_POINT ( 'NONE',  ( -15.39626048018292614, 11.00000000000000000, -3.285088366996955500 ) ) ;
#5056 = VERTEX_POINT ( 'NONE', #986 ) ;
#5057 = LINE ( 'NONE', #1171, #4830 ) ;
#5058 = CIRCLE ( 'NONE', #1343, 2.999999999999999112 ) ;
#5059 = DIRECTION ( 'NONE',  ( 0.000000000000000000, 0.000000000000000000, 1.000000000000000000 ) ) ;
#5060 = ORIENTED_EDGE ( 'NONE', *, *, #2932, .T. ) ;
#5061 = DIRECTION ( 'NONE',  ( -0.000000000000000000, 0.000000000000000000, 1.000000000000000000 ) ) ;
#5062 = ADVANCED_FACE ( 'NONE', ( #2688 ), #2271, .F. ) ;
#5063 = CARTESIAN_POINT ( 'NONE',  ( -7.091525999297467742, 10.49999999999999822, -7.039217158661793761 ) ) ;
#5064 = B_SPLINE_CURVE_WITH_KNOTS ( 'NONE', 3,
 ( #4267, #1349, #440, #555, #3024, #2246, #4701, #3053, #4728, #134, #1717, #2607, #857, #2219, #909, #1380, #3394, #4323, #4675 ),
 .UNSPECIFIED., .F., .F.,
 ( 4, 1, 1, 1, 1, 1, 1, 1, 1, 1, 1, 1, 1, 1, 1, 1, 4 ),
 ( 0.000000000000000000, 0.04739769544951857871, 0.09669507812533098545, 0.1479913345226240851, 0.2013482906064560374, 0.2569557317544950426, 0.3144709821438911312, 0.3743718351039559966, 0.4364393313441820577, 0.5005899023727913288, 0.5665213708337635268, 0.6341542506102652021, 0.7036132571234354760, 0.7748250297787926399, 0.8479916432303085116, 0.9231335884179113771, 1.000000000000000000 ),
 .UNSPECIFIED. ) ;
#5065 = CARTESIAN_POINT ( 'NONE',  ( 8.598453342517249354, 10.99999999999999289, -15.88302372740492707 ) ) ;
#5066 = LINE ( 'NONE', #3083, #139 ) ;
#5067 = VERTEX_POINT ( 'NONE', #3737 ) ;
#5068 = CARTESIAN_POINT ( 'NONE',  ( 13.04864765708221519, 10.50000000000000000, -6.158099620611373837 ) ) ;
#5069 = CARTESIAN_POINT ( 'NONE',  ( -54.75000000000000000, 11.00000000000000000, 47.49999999999999289 ) ) ;
#5070 = CARTESIAN_POINT ( 'NONE',  ( -7.075896224142057989, 10.99999999999999822, 0.2240295885091265760 ) ) ;
#5071 = CARTESIAN_POINT ( 'NONE',  ( -11.57481784748402376, 10.49999999999999822, -13.52452755814317698 ) ) ;
#5072 = CARTESIAN_POINT ( 'NONE',  ( -3.020449253633563647, 10.99999999999999822, -6.533560136791872530 ) ) ;
#5073 = FACE_OUTER_BOUND ( 'NONE', #2666, .T. ) ;
#5074 = CARTESIAN_POINT ( 'NONE',  ( 4.719100955776903028, 10.50000000000000000, -14.69395821120028955 ) ) ;
#5075 = DIRECTION ( 'NONE',  ( 0.000000000000000000, 0.000000000000000000, -1.000000000000000000 ) ) ;
#5076 = B_SPLINE_CURVE_WITH_KNOTS ( 'NONE', 3,
 ( #2813, #3209, #1138, #4116, #313, #1589, #1035, #2735, #4421, #648, #4855, #207, #1897, #3595, #5272, #1480, #235, #533, #5466 ),
 .UNSPECIFIED., .F., .F.,
 ( 4, 1, 1, 1, 1, 1, 1, 1, 1, 1, 1, 1, 1, 1, 1, 1, 4 ),
 ( 0.000000000000000000, 0.06557823264418237430, 0.1292223545505367666, 0.1924061844659310516, 0.2543065654343108495, 0.3157484370094335580, 0.3779428366412649343, 0.4411266665566591638, 0.5058320707432917285, 0.5703492406280075144, 0.6330694006431418774, 0.6940742407495209543, 0.7540587854441082039, 0.8140230513873744078, 0.8745525543506157407, 0.9359795783187129237, 1.000000000000000000 ),
 .UNSPECIFIED. ) ;
#5077 = CARTESIAN_POINT ( 'NONE',  ( -15.39626048018292614, 11.00000000000000000, -3.285088366996955500 ) ) ;
#5078 = ORIENTED_EDGE ( 'NONE', *, *, #3952, .T. ) ;
#5079 = ORIENTED_EDGE ( 'NONE', *, *, #79, .T. ) ;
#5080 = CARTESIAN_POINT ( 'NONE',  ( 0.8815213355041311427, 10.99999999999999822, -5.390224619109949877 ) ) ;
#5081 = CARTESIAN_POINT ( 'NONE',  ( 4.222734851371947151, 11.00000000000000000, -12.85485071321813422 ) ) ;
#5082 = CARTESIAN_POINT ( 'NONE',  ( -5.859895183954677123, 11.00000000000000000, -11.04923762646875218 ) ) ;
#5083 = ORIENTED_EDGE ( 'NONE', *, *, #560, .F. ) ;
#5084 = CARTESIAN_POINT ( 'NONE',  ( -23.48808947133955627, 11.00000000000000178, -4.858045620182542379 ) ) ;
#5085 = ADVANCED_FACE ( 'NONE', ( #4970, #4476, #3323, #733, #5412 ), #1619, .F. ) ;
#5086 = CARTESIAN_POINT ( 'NONE',  ( -15.33015014204836213, 11.00000000000000178, -4.152302161992776242 ) ) ;
#5087 = LINE ( 'NONE', #2968, #4785 ) ;
#5088 = CARTESIAN_POINT ( 'NONE',  ( 2.155772347004780265, 10.49999999999999822, -7.235885548180279514 ) ) ;
#5089 = CARTESIAN_POINT ( 'NONE',  ( -8.487167172315642105, 10.99999999999999289, -18.37662323742378234 ) ) ;
#5090 = AXIS2_PLACEMENT_3D ( 'NONE', #5292, #2386, #252 ) ;
#5091 = ADVANCED_FACE ( 'NONE', ( #4557 ), #1536, .T. ) ;
#5092 = CARTESIAN_POINT ( 'NONE',  ( -6.761117413613930260, 10.49999999999999822, -10.11855804556955363 ) ) ;
#5093 = EDGE_LOOP ( 'NONE', ( #2764, #275, #1087, #875 ) ) ;
#5094 = DIRECTION ( 'NONE',  ( -0.000000000000000000, 1.000000000000000000, -0.000000000000000000 ) ) ;
#5095 = CARTESIAN_POINT ( 'NONE',  ( -6.710438577074865130, 10.99999999999999822, -15.58081100374876193 ) ) ;
#5096 = VECTOR ( 'NONE', #1175, 1000.000000000000000 ) ;
#5097 = CARTESIAN_POINT ( 'NONE',  ( -4.580660489710364658, 10.49999999999999822, -3.418711331995527125 ) ) ;
#5098 = ADVANCED_FACE ( 'NONE', ( #1062 ), #3679, .T. ) ;
#5099 = AXIS2_PLACEMENT_3D ( 'NONE', #4616, #821, #3359 ) ;
#5100 = CARTESIAN_POINT ( 'NONE',  ( -20.94380938855200824, 11.00000000000000000, -11.09552048999671392 ) ) ;
#5101 = CARTESIAN_POINT ( 'NONE',  ( 3.776604684162828907, 11.00000000000000000, -9.055677819624566638 ) ) ;
#5102 = AXIS2_PLACEMENT_3D ( 'NONE', #1432, #163, #4320 ) ;
#5103 = CARTESIAN_POINT ( 'NONE',  ( -12.59162148539153492, 10.49999999999999822, -4.963278338001708256 ) ) ;
#5104 = DIRECTION ( 'NONE',  ( -0.000000000000000000, 1.000000000000000000, -0.000000000000000000 ) ) ;
#5105 = CARTESIAN_POINT ( 'NONE',  ( 11.20458736513391251, 10.49999999999999822, -2.592745307745567995 ) ) ;
#5106 = CARTESIAN_POINT ( 'NONE',  ( -18.16304187309451024, 10.49999999999999822, -16.55306277391387937 ) ) ;
#5107 = EDGE_LOOP ( 'NONE', ( #3927, #293, #2546, #4373 ) ) ;
#5108 = VERTEX_POINT ( 'NONE', #3711 ) ;
#5109 = CARTESIAN_POINT ( 'NONE',  ( 24.84783250762195195, 10.49999999999999822, -4.542716272865859217 ) ) ;
#5110 = CARTESIAN_POINT ( 'NONE',  ( 4.730768312781559182, 11.00000000000000355, -11.04310857290538017 ) ) ;
#5111 = CARTESIAN_POINT ( 'NONE',  ( -36.26142857142856002, 11.00000000000000000, 15.48251798124699263 ) ) ;
#5112 = CARTESIAN_POINT ( 'NONE',  ( -4.217610497543430981, 10.49999999999999822, 1.330262326271919981 ) ) ;
#5113 = ORIENTED_EDGE ( 'NONE', *, *, #483, .F. ) ;
#5114 = VERTEX_POINT ( 'NONE', #706 ) ;
#5115 = CARTESIAN_POINT ( 'NONE',  ( 3.705393011891144450, 10.49999999999999467, -17.33434267920867455 ) ) ;
#5116 = DIRECTION ( 'NONE',  ( -1.000000000000000000, 0.000000000000000000, 0.000000000000000000 ) ) ;
#5117 = FACE_OUTER_BOUND ( 'NONE', #4859, .T. ) ;
#5118 = CARTESIAN_POINT ( 'NONE',  ( 8.305120741095343817, 10.99999999999999645, -15.98456117665961251 ) ) ;
#5119 = CARTESIAN_POINT ( 'NONE',  ( 27.36308831935975405, 10.49999999999999822, -4.542716272865859217 ) ) ;
#5120 = ORIENTED_EDGE ( 'NONE', *, *, #1579, .F. ) ;
#5121 = FACE_OUTER_BOUND ( 'NONE', #4260, .T. ) ;
#5122 = LINE ( 'NONE', #4188, #4477 ) ;
#5123 = EDGE_CURVE ( 'NONE', #1895, #4342, #24, .T. ) ;
#5124 = CARTESIAN_POINT ( 'NONE',  ( 10.38225687268623254, 11.00000000000000000, -11.90350887724605222 ) ) ;
#5125 = CARTESIAN_POINT ( 'NONE',  ( 41.74999999999999289, 5.999999999999999112, 27.49999999999999645 ) ) ;
#5126 = CARTESIAN_POINT ( 'NONE',  ( -9.177629332644031024, 10.50000000000000355, -7.301717109451216992 ) ) ;
#5127 = EDGE_CURVE ( 'NONE', #3819, #4832, #763, .T. ) ;
#5128 = CARTESIAN_POINT ( 'NONE',  ( 49.75000000000000711, 5.999999999999998224, 20.80000000000000071 ) ) ;
#5129 = CARTESIAN_POINT ( 'NONE',  ( 10.10654675646751244, 11.00000000000000000, -0.5903761576878149286 ) ) ;
#5130 = APPLICATION_CONTEXT ( 'automotive_design' ) ;
#5131 = DIRECTION ( 'NONE',  ( 0.000000000000000000, 0.000000000000000000, -1.000000000000000000 ) ) ;
#5132 = CARTESIAN_POINT ( 'NONE',  ( 5.465028481096077861, 11.00000000000000000, -7.040589984691776770 ) ) ;
#5133 = VERTEX_POINT ( 'NONE', #3270 ) ;
#5134 = ORIENTED_EDGE ( 'NONE', *, *, #2345, .F. ) ;
#5135 = CARTESIAN_POINT ( 'NONE',  ( -5.383462110330325956, 10.49999999999999822, -13.50899607171235495 ) ) ;
#5136 = CARTESIAN_POINT ( 'NONE',  ( 10.33402045645364709, 10.50000000000000000, -8.669307838998197013 ) ) ;
#5137 = CARTESIAN_POINT ( 'NONE',  ( -12.60365530491819896, 10.49999999999999645, -1.823151137672665012 ) ) ;
#5138 = ORIENTED_EDGE ( 'NONE', *, *, #2229, .F. ) ;
#5139 = CARTESIAN_POINT ( 'NONE',  ( -27.89880246727635438, 11.00000000000000178, 1.559010034553655277 ) ) ;
#5140 = ORIENTED_EDGE ( 'NONE', *, *, #725, .T. ) ;
#5141 = ORIENTED_EDGE ( 'NONE', *, *, #1178, .F. ) ;
#5142 = CARTESIAN_POINT ( 'NONE',  ( 2.629270285332615753, 10.99999999999999112, -16.38286677407669245 ) ) ;
#5143 = CARTESIAN_POINT ( 'NONE',  ( 49.75000000000000000, -11.00000000000000000, -2.000000000000015543 ) ) ;
#5144 = CARTESIAN_POINT ( 'NONE',  ( -9.658553313448146938, 10.49999999999999645, 2.727345557421958055 ) ) ;
#5145 = VECTOR ( 'NONE', #5116, 1000.000000000000000 ) ;
#5146 = CARTESIAN_POINT ( 'NONE',  ( 7.677205604513299697, 10.99999999999999645, -16.10326152587798276 ) ) ;
#5147 = CARTESIAN_POINT ( 'NONE',  ( -5.463854741261934933, 10.99999999999999645, -11.90350887724605222 ) ) ;
#5148 = ORIENTED_EDGE ( 'NONE', *, *, #2760, .T. ) ;
#5150 = CARTESIAN_POINT ( 'NONE',  ( -4.738059967670974260, 10.50000000000000355, -4.579147110536277765 ) ) ;
#5149 = VECTOR ( 'NONE', #5442, 1000.000000000000000 ) ;
#5151 = CARTESIAN_POINT ( 'NONE',  ( 2.976735641290067846, 11.00000000000000178, -3.827835855493609163 ) ) ;
#5152 = CARTESIAN_POINT ( 'NONE',  ( 7.453381766027657562, 10.99999999999999822, -9.576554100047912854 ) ) ;
#5153 = EDGE_CURVE ( 'NONE', #903, #704, #2348, .T. ) ;
#5154 = CARTESIAN_POINT ( 'NONE',  ( -25.14922120068606759, 11.00000000000000178, 1.543170842634402629 ) ) ;
#5155 = CARTESIAN_POINT ( 'NONE',  ( -9.445886360536528414, 11.00000000000000000, -15.98992857458341277 ) ) ;
#5156 = DIRECTION ( 'NONE',  ( -0.000000000000000000, 1.000000000000000000, -0.000000000000000000 ) ) ;
#5157 = CARTESIAN_POINT ( 'NONE',  ( 12.31267859157931532, 11.00000000000000178, -7.227222992459361173 ) ) ;
#5158 = CARTESIAN_POINT ( 'NONE',  ( -8.498957433933163941, 10.49999999999999822, -16.11289300685976400 ) ) ;
#5159 = EDGE_CURVE ( 'NONE', #3659, #3709, #1987, .T. ) ;
#5160 = CARTESIAN_POINT ( 'NONE',  ( 3.621661706541555059, 10.99999999999999645, -5.626989188983600343 ) ) ;
#5161 = ORIENTED_EDGE ( 'NONE', *, *, #4884, .T. ) ;
#5162 = ORIENTED_EDGE ( 'NONE', *, *, #566, .F. ) ;
#5163 = CARTESIAN_POINT ( 'NONE',  ( -5.335237233231706178, 10.49999999999999822, -12.85485071321813422 ) ) ;
#5164 = CARTESIAN_POINT ( 'NONE',  ( 10.70909263737855532, 11.00000000000000000, -8.503546105649242293 ) ) ;
#5165 = DIRECTION ( 'NONE',  ( -0.000000000000000000, 0.000000000000000000, 1.000000000000000000 ) ) ;
#5166 = CARTESIAN_POINT ( 'NONE',  ( -2.067300905123762078, 10.50000000000000000, -3.140894658515251514 ) ) ;
#5167 = B_SPLINE_CURVE_WITH_KNOTS ( 'NONE', 3,
 ( #3762, #1645, #2062, #3350, #4685, #4737, #3457, #5157, #2202, #3895, #5187, #947, #3121, #3036, #1725, #2170, #1812, #119, #3063 ),
 .UNSPECIFIED., .F., .F.,
 ( 4, 1, 1, 1, 1, 1, 1, 1, 1, 1, 1, 1, 1, 1, 1, 1, 4 ),
 ( 0.000000000000000000, 0.06082912667494302233, 0.1209324760378382158, 0.1812012876559171148, 0.2419971076337059934, 0.3028512023684455379, 0.3645263093678414723, 0.4277714761524340492, 0.4925564755824798358, 0.5574247931074711726, 0.6213468807101306668, 0.6843647913995043464, 0.7468339144776861005, 0.8098250352535552032, 0.8723940506769735093, 0.9360462338189018405, 1.000000000000000000 ),
 .UNSPECIFIED. ) ;
#5168 = EDGE_LOOP ( 'NONE', ( #3126, #1959, #3515, #1316 ) ) ;
#5169 = VERTEX_POINT ( 'NONE', #5357 ) ;
#5170 = CARTESIAN_POINT ( 'NONE',  ( 1.874195097235701102, 10.49999999999999822, -15.19543275067177923 ) ) ;
#5171 = CARTESIAN_POINT ( 'NONE',  ( -3.319018715111210494, 11.00000000000000355, -15.82337798457984768 ) ) ;
#5172 = CARTESIAN_POINT ( 'NONE',  ( 5.100672076529789045, 10.49999999999999467, -6.887813572423906905 ) ) ;
#5173 = CARTESIAN_POINT ( 'NONE',  ( 1.633331606867190366, 11.00000000000000000, -14.54032018391652414 ) ) ;
#5174 = VECTOR ( 'NONE', #425, 1000.000000000000000 ) ;
#5175 = DIRECTION ( 'NONE',  ( 0.000000000000000000, 1.000000000000000000, -0.000000000000000000 ) ) ;
#5176 = VERTEX_POINT ( 'NONE', #2873 ) ;
#5177 = CARTESIAN_POINT ( 'NONE',  ( -6.728845559800411991, 10.49999999999999822, -6.874843880028022269 ) ) ;
#5178 = DIRECTION ( 'NONE',  ( 0.000000000000000000, 0.000000000000000000, 1.000000000000000000 ) ) ;
#5179 = CARTESIAN_POINT ( 'NONE',  ( 21.65014055459345954, 10.50000000000000178, -12.90341902772653349 ) ) ;
#5180 = CARTESIAN_POINT ( 'NONE',  ( 8.826591763773235400, 11.00000000000000533, -9.945638745238213119 ) ) ;
#5181 = CARTESIAN_POINT ( 'NONE',  ( -23.06349887500092777, 11.00000000000000000, -6.047910016018612112 ) ) ;
#5182 = CARTESIAN_POINT ( 'NONE',  ( -11.62337676257621943, 11.00000000000000355, -12.85485071321813422 ) ) ;
#5183 = VECTOR ( 'NONE', #1838, 1000.000000000000000 ) ;
#5184 = CARTESIAN_POINT ( 'NONE',  ( -6.915789706745368193, 10.99999999999999467, 2.576386256382621198 ) ) ;
#5185 = CARTESIAN_POINT ( 'NONE',  ( 27.36308831935975405, 10.49999999999999822, -18.12509765625000568 ) ) ;
#5186 = ADVANCED_FACE ( 'NONE', ( #4145 ), #3585, .T. ) ;
#5187 = CARTESIAN_POINT ( 'NONE',  ( 13.04864765708221519, 11.00000000000000178, -6.158099620611373837 ) ) ;
#5188 = AXIS2_PLACEMENT_3D ( 'NONE', #1675, #4661, #4226 ) ;
#5189 = FACE_OUTER_BOUND ( 'NONE', #3387, .T. ) ;
#5190 = CARTESIAN_POINT ( 'NONE',  ( 4.133744927904282385, 11.00000000000000000, -6.213759792962592066 ) ) ;
#5191 = ORIENTED_EDGE ( 'NONE', *, *, #3452, .F. ) ;
#5192 = EDGE_LOOP ( 'NONE', ( #4011, #4770, #1371, #870 ) ) ;
#5193 = CARTESIAN_POINT ( 'NONE',  ( -6.230999535677457679, 10.50000000000000000, -15.16821815523729633 ) ) ;
#5194 = AXIS2_PLACEMENT_3D ( 'NONE', #801, #4567, #2495 ) ;
#5195 = CARTESIAN_POINT ( 'NONE',  ( 9.615112078270710683, 10.50000000000000000, -15.16821815523729633 ) ) ;
#5196 = FACE_OUTER_BOUND ( 'NONE', #5440, .T. ) ;
#5197 = ADVANCED_FACE ( 'NONE', ( #1961 ), #5332, .F. ) ;
#5198 = DIRECTION ( 'NONE',  ( -0.000000000000000000, -0.000000000000000000, 1.000000000000000000 ) ) ;
#5199 = ORIENTED_EDGE ( 'NONE', *, *, #1814, .F. ) ;
#5200 = ORIENTED_EDGE ( 'NONE', *, *, #1976, .T. ) ;
#5201 = ORIENTED_EDGE ( 'NONE', *, *, #2381, .F. ) ;
#5202 = CARTESIAN_POINT ( 'NONE',  ( -6.159524215503388689, 11.00000000000000178, -18.01012274321597673 ) ) ;
#5203 = DIRECTION ( 'NONE',  ( 0.000000000000000000, -0.000000000000000000, -1.000000000000000000 ) ) ;
#5204 = EDGE_CURVE ( 'NONE', #530, #1960, #404, .T. ) ;
#5205 = CARTESIAN_POINT ( 'NONE',  ( -4.812131825366539495, 10.99999999999999467, -17.34253210853336924 ) ) ;
#5206 = CARTESIAN_POINT ( 'NONE',  ( -5.338464844951463562, 10.99999999999999645, -12.74467283732331602 ) ) ;
#5207 = DIRECTION ( 'NONE',  ( -0.000000000000000000, 1.000000000000000000, -0.000000000000000000 ) ) ;
#5208 = CARTESIAN_POINT ( 'NONE',  ( 19.22845479322494455, 11.00000000000000178, -5.827383077672239509 ) ) ;
#5209 = CARTESIAN_POINT ( 'NONE',  ( 49.75000000000000000, -2.499999999999998668, -7.500000000000007105 ) ) ;
#5210 = CARTESIAN_POINT ( 'NONE',  ( 0.4521680984877785581, 10.49999999999999822, -3.430701759903103554 ) ) ;
#5211 = CARTESIAN_POINT ( 'NONE',  ( -25.22935139173737440, 11.00000000000000178, 2.185207089484355159 ) ) ;
#5212 = CARTESIAN_POINT ( 'NONE',  ( -12.43174923022417566, 11.00000000000000178, -5.307616457347452688 ) ) ;
#5213 = CARTESIAN_POINT ( 'NONE',  ( -2.071031836832454065, 10.99999999999999467, -2.857185568690649546 ) ) ;
#5214 = CARTESIAN_POINT ( 'NONE',  ( 6.950034567180102485, 10.49999999999999822, 0.4854071598231533557 ) ) ;
#5215 = CARTESIAN_POINT ( 'NONE',  ( -3.319018715111210494, 10.50000000000000178, -15.82337798457984768 ) ) ;
#5216 = CARTESIAN_POINT ( 'NONE',  ( 22.68403409951972094, 10.49999999999999822, -10.69824295672428782 ) ) ;
#5217 = CARTESIAN_POINT ( 'NONE',  ( -23.86835172077785572, 10.49999999999999822, -3.701561574247818065 ) ) ;
#5218 = ORIENTED_EDGE ( 'NONE', *, *, #2558, .F. ) ;
#5219 = ORIENTED_EDGE ( 'NONE', *, *, #3141, .T. ) ;
#5220 = CARTESIAN_POINT ( 'NONE',  ( 4.088859907984618403, 10.49999999999999822, -0.5711074751799869453 ) ) ;
#5221 = CARTESIAN_POINT ( 'NONE',  ( 7.458634494304956064, 10.49999999999999822, -16.10963981524406208 ) ) ;
#5222 = CARTESIAN_POINT ( 'NONE',  ( 12.86415207709415220, 10.99999999999999467, -15.20636047343685426 ) ) ;
#5223 = CARTESIAN_POINT ( 'NONE',  ( -7.811058723388714320, 10.49999999999999822, 2.727214009853057952 ) ) ;
#5224 = VERTEX_POINT ( 'NONE', #431 ) ;
#5225 = EDGE_CURVE ( 'NONE', #3722, #830, #2931, .T. ) ;
#5226 = ORIENTED_EDGE ( 'NONE', *, *, #148, .F. ) ;
#5227 = DIRECTION ( 'NONE',  ( 2.871996599870261928E-13, -1.000000000000000000, 1.526067316633095468E-13 ) ) ;
#5228 = CARTESIAN_POINT ( 'NONE',  ( 30.38139529344512013, 11.00000000000000000, -2.278986042301834214 ) ) ;
#5229 = DIRECTION ( 'NONE',  ( -0.000000000000000000, -1.000000000000000000, -0.000000000000000000 ) ) ;
#5230 = EDGE_CURVE ( 'NONE', #2065, #3794, #818, .T. ) ;
#5231 = CARTESIAN_POINT ( 'NONE',  ( -3.909761027749592888, 11.00000000000000533, 1.069213375940775146 ) ) ;
#5232 = CARTESIAN_POINT ( 'NONE',  ( -23.64507334586642884, 11.00000000000000355, -10.67446429158272814 ) ) ;
#5233 = CIRCLE ( 'NONE', #1875, 3.300000000000011369 ) ;
#5234 = CARTESIAN_POINT ( 'NONE',  ( 23.77670907827842584, 10.49999999999999645, -16.43589352939279280 ) ) ;
#5235 = PRODUCT_DEFINITION_CONTEXT ( 'detailed design', #1558, 'design' ) ;
#5236 = CARTESIAN_POINT ( 'NONE',  ( -2.568455840320119865, 11.00000000000000000, -13.14567716645031936 ) ) ;
#5237 = CARTESIAN_POINT ( 'NONE',  ( -8.392729847920504582, 10.49999999999999645, -9.576554100047912854 ) ) ;
#5238 = CARTESIAN_POINT ( 'NONE',  ( -9.142092263109161010, 11.00000000000000178, -16.05848412436291284 ) ) ;
#5239 = CARTESIAN_POINT ( 'NONE',  ( -2.268351293580524342, 10.99999999999998934, -1.630620413901466614 ) ) ;
#5240 = CARTESIAN_POINT ( 'NONE',  ( 0.4498511337652404407, 11.00000000000000000, -3.285088366996955500 ) ) ;
#5241 = FACE_OUTER_BOUND ( 'NONE', #470, .T. ) ;
#5242 = CARTESIAN_POINT ( 'NONE',  ( -14.20398234859577613, 11.00000000000000000, -11.81804919713655977 ) ) ;
#5243 = CARTESIAN_POINT ( 'NONE',  ( -25.26863954125381184, 11.00000000000000000, 2.499999999999995115 ) ) ;
#5244 = ORIENTED_EDGE ( 'NONE', *, *, #3708, .F. ) ;
#5245 = ORIENTED_EDGE ( 'NONE', *, *, #4581, .T. ) ;
#5246 = CARTESIAN_POINT ( 'NONE',  ( -18.16304187309451024, 10.49999999999999822, -18.12509765625000568 ) ) ;
#5247 = CARTESIAN_POINT ( 'NONE',  ( 10.33402045645364709, 11.00000000000000000, -8.669307838998197013 ) ) ;
#5248 = CARTESIAN_POINT ( 'NONE',  ( -11.14318827700282277, 10.49999999999999822, -0.1029454054777811378 ) ) ;
#5249 = VERTEX_POINT ( 'NONE', #4230 ) ;
#5250 = EDGE_LOOP ( 'NONE', ( #4143, #5201, #3872, #3187 ) ) ;
#5251 = LINE ( 'NONE', #1454, #1429 ) ;
#5252 = CARTESIAN_POINT ( 'NONE',  ( 3.414362383723994032, 10.50000000000000178, -5.307616457347453576 ) ) ;
#5253 = EDGE_CURVE ( 'NONE', #1232, #5067, #1311, .T. ) ;
#5254 = CARTESIAN_POINT ( 'NONE',  ( 10.62012552902851326, 10.50000000000000000, -1.171297859410754594 ) ) ;
#5255 = CARTESIAN_POINT ( 'NONE',  ( -6.915789706745368193, 11.00000000000000000, 2.576386256382621198 ) ) ;
#5256 = CARTESIAN_POINT ( 'NONE',  ( -20.92982326600609966, 11.00000000000000000, -15.86136742568598024 ) ) ;
#5257 = LINE ( 'NONE', #1461, #2001 ) ;
#5258 = EDGE_CURVE ( 'NONE', #816, #2486, #3497, .T. ) ;
#5259 = DIRECTION ( 'NONE',  ( 0.000000000000000000, 0.000000000000000000, -1.000000000000000000 ) ) ;
#5260 = VECTOR ( 'NONE', #4717, 1000.000000000000000 ) ;
#5261 = ORIENTED_EDGE ( 'NONE', *, *, #2174, .F. ) ;
#5262 = DIRECTION ( 'NONE',  ( 0.000000000000000000, 0.000000000000000000, -1.000000000000000000 ) ) ;
#5263 = CARTESIAN_POINT ( 'NONE',  ( 0.4498511337652404407, 11.00000000000000000, -3.285088366996955500 ) ) ;
#5264 = CARTESIAN_POINT ( 'NONE',  ( -6.068663416441282266, 10.50000000000000000, 2.337455891084453619 ) ) ;
#5265 = CARTESIAN_POINT ( 'NONE',  ( 6.187558300500024089, 10.50000000000000178, 2.727345557421958055 ) ) ;
#5266 = CARTESIAN_POINT ( 'NONE',  ( 11.62850111640473472, 10.49999999999999822, 1.330262326271919981 ) ) ;
#5267 = AXIS2_PLACEMENT_3D ( 'NONE', #3698, #5428, #4082 ) ;
#5268 = DIRECTION ( 'NONE',  ( -0.000000000000000000, 1.000000000000000000, -0.000000000000000000 ) ) ;
#5269 = CARTESIAN_POINT ( 'NONE',  ( -12.71503063537631206, 10.50000000000000178, -16.89031103633968911 ) ) ;
#5270 = ORIENTED_EDGE ( 'NONE', *, *, #1914, .F. ) ;
#5271 = DIRECTION ( 'NONE',  ( -0.000000000000000000, 1.000000000000000000, -0.000000000000000000 ) ) ;
#5272 = CARTESIAN_POINT ( 'NONE',  ( -9.423072251087617701, 11.00000000000000355, -9.706173168869375090 ) ) ;
#5273 = AXIS2_PLACEMENT_3D ( 'NONE', #2951, #3728, #2533 ) ;
#5274 = CARTESIAN_POINT ( 'NONE',  ( -4.275479717059527118, 10.50000000000000000, -9.524405921353663373 ) ) ;
#5275 = CIRCLE ( 'NONE', #678, 3.300000000000004263 ) ;
#5276 = ORIENTED_EDGE ( 'NONE', *, *, #85, .F. ) ;
#5277 = ORIENTED_EDGE ( 'NONE', *, *, #2563, .F. ) ;
#5278 = ORIENTED_EDGE ( 'NONE', *, *, #3105, .F. ) ;
#5279 = FACE_OUTER_BOUND ( 'NONE', #5250, .T. ) ;
#5280 = CARTESIAN_POINT ( 'NONE',  ( -14.21278000708098332, 11.00000000000000711, -14.54032018391653125 ) ) ;
#5281 = CARTESIAN_POINT ( 'NONE',  ( -15.39626048018292614, 11.00000000000000000, -3.285088366996955500 ) ) ;
#5282 = AXIS2_PLACEMENT_3D ( 'NONE', #4432, #166, #4378 ) ;
#5283 = CARTESIAN_POINT ( 'NONE',  ( -2.981959536854008608, 10.99999999999998934, -15.20636047343685426 ) ) ;
#5284 = B_SPLINE_CURVE_WITH_KNOTS ( 'NONE', 3,
 ( #1043, #2329, #1411, #218, #4326, #3113, #532, #2222, #136, #3744, #4974, #1174, #711, #3719, #1123 ),
 .UNSPECIFIED., .F., .F.,
 ( 4, 1, 1, 1, 1, 1, 1, 1, 1, 1, 1, 1, 4 ),
 ( 0.000000000000000000, 0.09194495275363001596, 0.1813385907875331715, 0.2680898998799915445, 0.3547633187985866909, 0.4396220231915048404, 0.5210107517801335630, 0.6010631916076488723, 0.6811168721639224710, 0.7606889457257565157, 0.8395123044146364233, 0.9187065157815366145, 1.000000000000000000 ),
 .UNSPECIFIED. ) ;
#5285 = CARTESIAN_POINT ( 'NONE',  ( -7.811058723388714320, 11.00000000000000000, 2.727214009853057952 ) ) ;
#5286 = ADVANCED_FACE ( 'NONE', ( #1731 ), #171, .T. ) ;
#5287 = DIRECTION ( 'NONE',  ( -0.000000000000000000, 1.000000000000000000, -0.000000000000000000 ) ) ;
#5288 = DIRECTION ( 'NONE',  ( -1.000000000000000000, 0.000000000000000000, 0.000000000000000000 ) ) ;
#5289 = DIRECTION ( 'NONE',  ( -0.000000000000000000, -1.000000000000000000, -0.000000000000000000 ) ) ;
#5290 = ORIENTED_EDGE ( 'NONE', *, *, #4980, .T. ) ;
#5291 = CARTESIAN_POINT ( 'NONE',  ( -6.051164788910694092, 10.49999999999999822, -10.78670423515860044 ) ) ;
#5292 = CARTESIAN_POINT ( 'NONE',  ( -43.49000000000000199, 4.009999999999999787, -26.72234317807464521 ) ) ;
#5293 = EDGE_CURVE ( 'NONE', #4751, #3379, #924, .T. ) ;
#5294 = CARTESIAN_POINT ( 'NONE',  ( 49.75000000000000711, -2.499999999999998668, 17.49999999999999645 ) ) ;
#5295 = CARTESIAN_POINT ( 'NONE',  ( 1.751176274761967244, 10.49999999999999822, 0.4982052945547727485 ) ) ;
#5296 = CARTESIAN_POINT ( 'NONE',  ( 13.57776032036763780, 10.99999999999998934, -1.630620413901466614 ) ) ;
#5297 = FACE_OUTER_BOUND ( 'NONE', #1046, .T. ) ;
#5298 = CARTESIAN_POINT ( 'NONE',  ( 24.84783250762195195, 10.49999999999999822, -2.278986042301834214 ) ) ;
#5299 = EDGE_CURVE ( 'NONE', #106, #577, #2621, .T. ) ;
#5300 = VERTEX_POINT ( 'NONE', #1336 ) ;
#5301 = CARTESIAN_POINT ( 'NONE',  ( -13.95486918633732998, 10.99999999999999822, -11.18542321116952110 ) ) ;
#5302 = CARTESIAN_POINT ( 'NONE',  ( -5.030972506555469792, 10.49999999999999645, -1.500086236500234982 ) ) ;
#5303 = DIRECTION ( 'NONE',  ( 0.000000000000000000, 0.000000000000000000, 1.000000000000000000 ) ) ;
#5304 = ORIENTED_EDGE ( 'NONE', *, *, #2411, .F. ) ;
#5305 = VERTEX_POINT ( 'NONE', #4311 ) ;
#5306 = CARTESIAN_POINT ( 'NONE',  ( 24.61671587521242444, 10.49999999999999645, -13.92787956356451495 ) ) ;
#5307 = CARTESIAN_POINT ( 'NONE',  ( -8.487167172315642105, 11.00000000000000178, -18.37662323742378234 ) ) ;
#5308 = CARTESIAN_POINT ( 'NONE',  ( -15.39226976074029807, 10.49999999999999645, -2.859472923377528453 ) ) ;
#5309 = LINE ( 'NONE', #4892, #2992 ) ;
#5310 = CARTESIAN_POINT ( 'NONE',  ( 9.084994200334234549, 10.49999999999999822, -10.11855804556955363 ) ) ;
#5311 = CARTESIAN_POINT ( 'NONE',  ( -4.580660489710364658, 10.49999999999999822, -3.418711331995527125 ) ) ;
#5312 = DIRECTION ( 'NONE',  ( 1.000000000000000000, 0.000000000000000000, -0.000000000000000000 ) ) ;
#5313 = CARTESIAN_POINT ( 'NONE',  ( 10.51087438071646041, 11.00000000000000000, -12.85485071321813422 ) ) ;
#5314 = DIRECTION ( 'NONE',  ( -0.000000000000000000, -1.000000000000000000, -0.000000000000000000 ) ) ;
#5315 = CARTESIAN_POINT ( 'NONE',  ( 0.4538418532078651868, 10.99999999999999822, -2.859472923377528453 ) ) ;
#5316 = CARTESIAN_POINT ( 'NONE',  ( 5.100672076529789045, 10.99999999999999645, -6.887813572423906905 ) ) ;
#5317 = CARTESIAN_POINT ( 'NONE',  ( 4.457871722645166734, 10.50000000000000178, 2.338284246098173202 ) ) ;
#5318 = CARTESIAN_POINT ( 'NONE',  ( 12.48942523753646228, 10.50000000000000000, 0.4949243241641008151 ) ) ;
#5319 = AXIS2_PLACEMENT_3D ( 'NONE', #4490, #1494, #1996 ) ;
#5320 = EDGE_CURVE ( 'NONE', #850, #240, #2906, .T. ) ;
#5321 = ORIENTED_EDGE ( 'NONE', *, *, #5258, .T. ) ;
#5322 = CARTESIAN_POINT ( 'NONE',  ( 13.27765577362804805, 10.50000000000000000, -13.14567716645032114 ) ) ;
#5323 = CARTESIAN_POINT ( 'NONE',  ( -10.49001974766478185, 10.99999999999999645, -10.30949853321146392 ) ) ;
#5324 = CARTESIAN_POINT ( 'NONE',  ( -12.14071860205701903, 10.99999999999999822, -17.33434267920868166 ) ) ;
#5325 = VECTOR ( 'NONE', #4131, 1000.000000000000000 ) ;
#5326 = CARTESIAN_POINT ( 'NONE',  ( 13.65211105234329203, 10.49999999999999822, -4.564449597647652013 ) ) ;
#5327 = CARTESIAN_POINT ( 'NONE',  ( 8.875584850427758354, 11.00000000000000000, -15.74858434164173460 ) ) ;
#5328 = CARTESIAN_POINT ( 'NONE',  ( 57.75000000000000000, 11.00000000000000000, 37.50000000000001421 ) ) ;
#5329 = ADVANCED_FACE ( 'NONE', ( #1521 ), #3228, .T. ) ;
#5330 = ORIENTED_EDGE ( 'NONE', *, *, #3030, .T. ) ;
#5331 = ORIENTED_EDGE ( 'NONE', *, *, #254, .F. ) ;
#5332 = PLANE ( 'NONE',  #988 ) ;
#5333 = CARTESIAN_POINT ( 'NONE',  ( 10.60602079249895979, 10.49999999999999645, -5.597361666110450606 ) ) ;
#5334 = CARTESIAN_POINT ( 'NONE',  ( -11.56255337335206512, 10.99999999999999822, -8.613464506054814507 ) ) ;
#5335 = B_SPLINE_SURFACE_WITH_KNOTS ( 'NONE', 3, 1, ( 
 ( #2827, #2407 ),
 ( #771, #327 ),
 ( #3195, #5418 ),
 ( #2467, #3686 ),
 ( #247, #3302 ),
 ( #4153, #686 ),
 ( #4867, #4894 ),
 ( #1068, #1515 ),
 ( #2380, #4509 ),
 ( #5390, #4101 ),
 ( #5339, #4533 ),
 ( #2021, #2852 ),
 ( #2772, #1095 ),
 ( #299, #1965 ),
 ( #1992, #1599 ),
 ( #4459, #4949 ),
 ( #658, #2354 ),
 ( #4048, #1940 ),
 ( #3632, #3657 ) ),
 .UNSPECIFIED., .F., .F., .F.,
 ( 4, 1, 1, 1, 1, 1, 1, 1, 1, 1, 1, 1, 1, 1, 1, 1, 4 ),
 ( 2, 2 ),
 ( 0.000000000000000000, 0.06738113814185216210, 0.1316191086167763646, 0.1937004165519009002, 0.2539063513561236052, 0.3130795607646421619, 0.3715552226999621066, 0.4304523132901792448, 0.4902115663337905382, 0.5505666952165706451, 0.6105012691613164177, 0.6707445371242347631, 0.7322436493756239173, 0.7949824289929092735, 0.8605312189298762737, 0.9283364645205585131, 1.000000000000000000 ),
 ( 0.000000000000000000, 1.000000000000000000 ),
 .UNSPECIFIED. ) ;
#5336 = ADVANCED_FACE ( 'NONE', ( #694 ), #3676, .T. ) ;
#5337 = LINE ( 'NONE', #3684, #1969 ) ;
#5338 = CARTESIAN_POINT ( 'NONE',  ( -2.386469715474217601, 11.00000000000000000, -1.244302875142191400 ) ) ;
#5339 = CARTESIAN_POINT ( 'NONE',  ( -11.46323292880056499, 10.50000000000000355, -0.3207411193410641403 ) ) ;
#5340 = CARTESIAN_POINT ( 'NONE',  ( 4.427099386075644460, 10.49999999999999822, -8.669307838998195237 ) ) ;
#5341 = CARTESIAN_POINT ( 'NONE',  ( 9.615112078270710683, 10.50000000000000000, -15.16821815523729633 ) ) ;
#5342 = CARTESIAN_POINT ( 'NONE',  ( 10.27963463085217022, 11.00000000000000000, -11.60747603100392489 ) ) ;
#5343 = LINE ( 'NONE', #1888, #1462 ) ;
#5344 = CARTESIAN_POINT ( 'NONE',  ( 12.50453501844720705, 10.99999999999999822, -10.60533284150762512 ) ) ;
#5345 = B_SPLINE_SURFACE_WITH_KNOTS ( 'NONE', 3, 1, ( 
 ( #2594, #2648 ),
 ( #4278, #2232 ),
 ( #2172, #4769 ),
 ( #1760, #2703 ),
 ( #3039, #3459 ),
 ( #121, #5132 ),
 ( #4713, #921 ),
 ( #3514, #2618 ),
 ( #1362, #512 ),
 ( #2204, #5190 ),
 ( #3897, #92 ),
 ( #1394, #5160 ),
 ( #3066, #2260 ),
 ( #3953, #150 ),
 ( #1842, #4417 ),
 ( #2839, #1977 ),
 ( #4905, #4520 ),
 ( #3150, #723 ),
 ( #3232, #1107 ) ),
 .UNSPECIFIED., .F., .F., .F.,
 ( 4, 1, 1, 1, 1, 1, 1, 1, 1, 1, 1, 1, 1, 1, 1, 1, 4 ),
 ( 2, 2 ),
 ( 0.000000000000000000, 0.06923823557697296460, 0.1358294382307503601, 0.1996908383031278655, 0.2626038608419798970, 0.3243379730475009493, 0.3857248784940196518, 0.4474218834357961971, 0.5100765351805883752, 0.5721159354493271509, 0.6324239229062865730, 0.6924114500268319095, 0.7512717322445815471, 0.8110744564309962934, 0.8720621337882956681, 0.9350570052840392332, 1.000000000000000000 ),
 ( 0.000000000000000000, 1.000000000000000000 ),
 .UNSPECIFIED. ) ;
#5346 = CARTESIAN_POINT ( 'NONE',  ( -54.75000000000000000, 11.00000000000000000, 47.49999999999999289 ) ) ;
#5347 = CARTESIAN_POINT ( 'NONE',  ( 1.360404262620011240, 11.00000000000000178, -0.04738862622814774689 ) ) ;
#5348 = CARTESIAN_POINT ( 'NONE',  ( 9.777448197506885208, 10.99999999999999645, 2.337455891084453619 ) ) ;
#5349 = CARTESIAN_POINT ( 'NONE',  ( 10.98908511191957338, 10.99999999999999645, -9.058449755318722652 ) ) ;
#5350 = CARTESIAN_POINT ( 'NONE',  ( -11.39888932483926887, 11.00000000000000178, -11.60062177242599901 ) ) ;
#5351 = CARTESIAN_POINT ( 'NONE',  ( -9.284765997574204732, 10.99999999999999822, -18.35359544416391842 ) ) ;
#5352 = CARTESIAN_POINT ( 'NONE',  ( -11.63827381136359485, 10.99999999999999822, -8.799541172976843129 ) ) ;
#5353 = CARTESIAN_POINT ( 'NONE',  ( -4.864042252516384224, 10.50000000000000000, -1.843477361791921343 ) ) ;
#5354 = FACE_OUTER_BOUND ( 'NONE', #853, .T. ) ;
#5355 = ORIENTED_EDGE ( 'NONE', *, *, #5394, .T. ) ;
#5356 = VERTEX_POINT ( 'NONE', #4572 ) ;
#5357 = CARTESIAN_POINT ( 'NONE',  ( -46.49000000000000199, 11.00000000000000000, -26.72234317807464521 ) ) ;
#5358 = AXIS2_PLACEMENT_3D ( 'NONE', #1612, #1587, #5403 ) ;
#5359 = CIRCLE ( 'NONE', #1463, 5.499999999999998224 ) ;
#5360 = EDGE_CURVE ( 'NONE', #1788, #1254, #845, .T. ) ;
#5361 = CARTESIAN_POINT ( 'NONE',  ( 4.207837802584569076, 11.00000000000000178, -8.799541172976844905 ) ) ;
#5362 = CARTESIAN_POINT ( 'NONE',  ( -12.25842577412010925, 10.50000000000000000, -8.306008765541390559 ) ) ;
#5363 = VECTOR ( 'NONE', #2455, 1000.000000000000000 ) ;
#5364 = CARTESIAN_POINT ( 'NONE',  ( 11.26545112423780104, 10.49999999999999822, -3.418711331995527125 ) ) ;
#5365 = CARTESIAN_POINT ( 'NONE',  ( -13.21684132861555128, 10.49999999999999822, -16.38286677407669956 ) ) ;
#5366 = EDGE_CURVE ( 'NONE', #2012, #3661, #4541, .T. ) ;
#5367 = CIRCLE ( 'NONE', #3347, 5.499999999999991118 ) ;
#5368 = CARTESIAN_POINT ( 'NONE',  ( 30.38139529344512013, 11.00000000000000000, -2.278986042301834214 ) ) ;
#5369 = CARTESIAN_POINT ( 'NONE',  ( 49.75000000000000000, -2.499999999999998668, -4.199999999999995737 ) ) ;
#5370 = CARTESIAN_POINT ( 'NONE',  ( 1.070259885261123811, 10.50000000000000000, -5.787489614356030820 ) ) ;
#5371 = CARTESIAN_POINT ( 'NONE',  ( 6.423039362860549772, 10.49999999999999645, -9.706173168869373313 ) ) ;
#5372 = CARTESIAN_POINT ( 'NONE',  ( 0.4511915026466137846, 10.99999999999999822, -3.142136274207345092 ) ) ;
#5373 = CARTESIAN_POINT ( 'NONE',  ( 49.75000000000000000, -2.499999999999998668, -2.000000000000015543 ) ) ;
#5374 = CARTESIAN_POINT ( 'NONE',  ( 7.028911260622541235, 10.50000000000000000, -9.583127560552805235 ) ) ;
#5375 = CARTESIAN_POINT ( 'NONE',  ( 24.67490867056497450, 10.49999999999999822, -18.12509765625000568 ) ) ;
#5376 = CARTESIAN_POINT ( 'NONE',  ( -4.738059967670974260, 11.00000000000000533, -4.579147110536277765 ) ) ;
#5377 = LINE ( 'NONE', #2894, #3508 ) ;
#5378 = CARTESIAN_POINT ( 'NONE',  ( -8.487167172315642105, 10.49999999999999822, -18.37662323742378234 ) ) ;
#5379 = CARTESIAN_POINT ( 'NONE',  ( 5.414126828487927590, 11.00000000000000178, 0.2266886399247354522 ) ) ;
#5380 = CARTESIAN_POINT ( 'NONE',  ( -18.16304187309451024, 10.49999999999999822, -16.55306277391387937 ) ) ;
#5381 = CARTESIAN_POINT ( 'NONE',  ( -4.585179719543980958, 10.49999999999999822, -3.277141498485124593 ) ) ;
#5382 = CARTESIAN_POINT ( 'NONE',  ( -57.75000000000000000, 11.00000000000000000, 44.49999999999997868 ) ) ;
#5383 = EDGE_LOOP ( 'NONE', ( #46, #3442, #1787, #922 ) ) ;
#5384 = VERTEX_POINT ( 'NONE', #1130 ) ;
#5385 = CARTESIAN_POINT ( 'NONE',  ( 19.22845479322494455, 10.50000000000000000, -5.827383077672239509 ) ) ;
#5386 = CARTESIAN_POINT ( 'NONE',  ( -11.49449035062240299, 11.00000000000000355, -17.70324365154191426 ) ) ;
#5387 = CARTESIAN_POINT ( 'NONE',  ( -11.84700925831962870, 10.49999999999999645, -8.502799618723182462 ) ) ;
#5388 = EDGE_CURVE ( 'NONE', #14, #4751, #2947, .T. ) ;
#5389 = CARTESIAN_POINT ( 'NONE',  ( -20.92982326600609966, 10.49999999999999822, -15.86136742568598024 ) ) ;
#5390 = CARTESIAN_POINT ( 'NONE',  ( -11.75725170596355440, 10.50000000000000178, -0.5711074751799876115 ) ) ;
#5391 = CARTESIAN_POINT ( 'NONE',  ( 7.629277814326071550, 11.00000000000000000, -18.36814522510236003 ) ) ;
#5392 = CARTESIAN_POINT ( 'NONE',  ( 1.841442690517860914, 11.00000000000000000, -6.907575538794191061 ) ) ;
#5393 = ORIENTED_EDGE ( 'NONE', *, *, #3609, .T. ) ;
#5394 = EDGE_CURVE ( 'NONE', #3084, #3850, #4093, .T. ) ;
#5395 = CARTESIAN_POINT ( 'NONE',  ( 6.718420684301326773, 10.49999999999999822, -9.625206284393025058 ) ) ;
#5396 = CARTESIAN_POINT ( 'NONE',  ( -8.487167172315642105, 10.49999999999999822, -18.37662323742378234 ) ) ;
#5397 = CARTESIAN_POINT ( 'NONE',  ( -6.970526763520404678, 10.49999999999999822, -15.74858434164173460 ) ) ;
#5398 = CARTESIAN_POINT ( 'NONE',  ( 41.75000000000000711, 5.999999999999999112, -40.00000000000000711 ) ) ;
#5399 = CARTESIAN_POINT ( 'NONE',  ( -8.593140083775029581, 10.99999999999999822, 0.4851405820499730126 ) ) ;
#5400 = EDGE_CURVE ( 'NONE', #2410, #3650, #3310, .T. ) ;
#5401 = CARTESIAN_POINT ( 'NONE',  ( 4.899242635786349886, 10.49999999999999822, -14.95024855341479686 ) ) ;
#5402 = CARTESIAN_POINT ( 'NONE',  ( 1.891242427610834831, 10.49999999999999822, -11.18542321116952287 ) ) ;
#5403 = DIRECTION ( 'NONE',  ( 0.000000000000000000, 0.000000000000000000, -1.000000000000000000 ) ) ;
#5404 = CARTESIAN_POINT ( 'NONE',  ( 3.826964278299896716, 10.49999999999999645, -0.8514463652335977351 ) ) ;
#5405 = CARTESIAN_POINT ( 'NONE',  ( 49.75000000000000711, -11.00000000000000000, 20.80000000000000071 ) ) ;
#5406 = DIRECTION ( 'NONE',  ( 0.9851965514038093508, 0.000000000000000000, -0.1714285714285721240 ) ) ;
#5407 = B_SPLINE_CURVE_WITH_KNOTS ( 'NONE', 3,
 ( #5311, #4074, #272, #1545, #5033, #1715, #4237, #1744, #1290, #3772, #799, #3445, #438, #5063, #855, #4593, #1319, #4673, #412 ),
 .UNSPECIFIED., .F., .F.,
 ( 4, 1, 1, 1, 1, 1, 1, 1, 1, 1, 1, 1, 1, 1, 1, 1, 4 ),
 ( 0.000000000000000000, 0.06305229262947806279, 0.1247848679262195254, 0.1845342529466543480, 0.2437195285788915089, 0.3028113376026763670, 0.3627613580653546999, 0.4234130898022952505, 0.4863049630225059761, 0.5493239946392906026, 0.6118419876267260360, 0.6734911425739048552, 0.7356789971671503503, 0.7991410767628682743, 0.8635659547679169767, 0.9308050550025483982, 1.000000000000000000 ),
 .UNSPECIFIED. ) ;
#5408 = CARTESIAN_POINT ( 'NONE',  ( -3.816572186460115645, 10.49999999999999645, -7.536463987655458219 ) ) ;
#5409 = AXIS2_PLACEMENT_3D ( 'NONE', #318, #4452, #2376 ) ;
#5410 = ORIENTED_EDGE ( 'NONE', *, *, #2087, .F. ) ;
#5411 = VERTEX_POINT ( 'NONE', #5373 ) ;
#5412 = FACE_BOUND ( 'NONE', #877, .T. ) ;
#5413 = CARTESIAN_POINT ( 'NONE',  ( 4.233436134185441624, 11.00000000000000178, -12.52765795314684638 ) ) ;
#5414 = CARTESIAN_POINT ( 'NONE',  ( -5.338464844951463562, 11.00000000000000000, -12.74467283732331602 ) ) ;
#5415 = CARTESIAN_POINT ( 'NONE',  ( -10.94686897816181315, 10.99999999999999822, -14.95024855341479508 ) ) ;
#5416 = CARTESIAN_POINT ( 'NONE',  ( -38.48999999999999488, 11.00000000000000000, -15.67000000000001059 ) ) ;
#5417 = DIRECTION ( 'NONE',  ( 0.000000000000000000, 0.000000000000000000, 1.000000000000000000 ) ) ;
#5418 = CARTESIAN_POINT ( 'NONE',  ( -12.87498647371056570, 10.99999999999999645, -2.992424625057283016 ) ) ;
#5419 = EDGE_CURVE ( 'NONE', #5176, #1802, #4956, .T. ) ;
#5420 = DIRECTION ( 'NONE',  ( -0.000000000000000000, 1.000000000000000000, -0.000000000000000000 ) ) ;
#5421 = CARTESIAN_POINT ( 'NONE',  ( 10.50716989908330667, 10.50000000000000000, -12.96627918003650670 ) ) ;
#5422 = ORIENTED_EDGE ( 'NONE', *, *, #158, .F. ) ;
#5423 = VERTEX_POINT ( 'NONE', #2887 ) ;
#5424 = FACE_OUTER_BOUND ( 'NONE', #5192, .T. ) ;
#5425 = ORIENTED_EDGE ( 'NONE', *, *, #2286, .F. ) ;
#5426 = CARTESIAN_POINT ( 'NONE',  ( 51.12500000000012790, -11.00000000000000000, -51.12499999999989342 ) ) ;
#5427 = CARTESIAN_POINT ( 'NONE',  ( -6.970526763520404678, 10.49999999999999822, -15.74858434164173460 ) ) ;
#5428 = DIRECTION ( 'NONE',  ( 0.000000000000000000, -1.000000000000000000, 0.000000000000000000 ) ) ;
#5429 = ADVANCED_FACE ( 'NONE', ( #335 ), #4, .F. ) ;
#5430 = CARTESIAN_POINT ( 'NONE',  ( -4.592525599395520075, 11.00000000000000000, -3.817359553621924029 ) ) ;
#5431 = FACE_OUTER_BOUND ( 'NONE', #3097, .T. ) ;
#5432 = CARTESIAN_POINT ( 'NONE',  ( -3.533433022368853038, 11.00000000000000000, -7.227222992459361173 ) ) ;
#5433 = CARTESIAN_POINT ( 'NONE',  ( 6.215400737254410224, 11.00000000000000355, 0.4262915992595956993 ) ) ;
#5434 = EDGE_CURVE ( 'NONE', #3500, #4201, #2111, .T. ) ;
#5435 = CARTESIAN_POINT ( 'NONE',  ( 13.57776032036763780, 10.49999999999999289, -1.630620413901466614 ) ) ;
#5436 = FACE_OUTER_BOUND ( 'NONE', #2855, .T. ) ;
#5437 = LINE ( 'NONE', #3292, #2280 ) ;
#5438 = CARTESIAN_POINT ( 'NONE',  ( -2.075557201591519352, 10.49999999999999822, -3.716994934501298253 ) ) ;
#5439 = CIRCLE ( 'NONE', #489, 2.500000000000002220 ) ;
#5440 = EDGE_LOOP ( 'NONE', ( #1851, #3542, #123, #2458 ) ) ;
#5441 = EDGE_LOOP ( 'NONE', ( #3067, #267, #4400, #817 ) ) ;
#5442 = DIRECTION ( 'NONE',  ( -0.000000000000000000, -1.000000000000000000, -0.000000000000000000 ) ) ;
#5443 = CARTESIAN_POINT ( 'NONE',  ( 13.31296665481214525, 10.99999999999999645, -0.8709275102663519563 ) ) ;
#5444 = FACE_OUTER_BOUND ( 'NONE', #1037, .T. ) ;
#5445 = CARTESIAN_POINT ( 'NONE',  ( -24.76453903769549214, 10.50000000000000000, -0.4475561541894337303 ) ) ;
#5446 = CIRCLE ( 'NONE', #3780, 2.500000000000002220 ) ;
#5447 = ORIENTED_EDGE ( 'NONE', *, *, #3945, .F. ) ;
#5448 = CIRCLE ( 'NONE', #2982, 3.300000000000004263 ) ;
#5449 = CARTESIAN_POINT ( 'NONE',  ( -25.27879800642689645, 10.50000000000000000, -7.003199197564507372 ) ) ;
#5450 = CARTESIAN_POINT ( 'NONE',  ( -10.43198478546023900, 11.00000000000000178, 0.2266886399247351469 ) ) ;
#5451 = CARTESIAN_POINT ( 'NONE',  ( -13.36516336239538916, 10.50000000000000000, -7.546610292775175033 ) ) ;
#5452 = CARTESIAN_POINT ( 'NONE',  ( 1.642129265352390455, 10.49999999999999645, -11.81804919713656155 ) ) ;
#5453 = MECHANICAL_DESIGN_GEOMETRIC_PRESENTATION_REPRESENTATION (  '', ( #1467 ), #2543 ) ;
#5454 = CARTESIAN_POINT ( 'NONE',  ( 10.16473516755355710, 10.49999999999999645, -14.40015122741312403 ) ) ;
#5455 = CARTESIAN_POINT ( 'NONE',  ( 5.356091866283382075, 10.99999999999999822, -10.30949853321146215 ) ) ;
#5456 = EDGE_LOOP ( 'NONE', ( #2930, #2340, #1648, #2577 ) ) ;
#5457 = VECTOR ( 'NONE', #4608, 1000.000000000000000 ) ;
#5458 = CARTESIAN_POINT ( 'NONE',  ( 12.31267859157931532, 10.50000000000000000, -7.227222992459361173 ) ) ;
#5459 = CARTESIAN_POINT ( 'NONE',  ( 11.57063189688863858, 11.00000000000000178, -9.524405921353663373 ) ) ;
#5460 = CARTESIAN_POINT ( 'NONE',  ( -8.387477119643211410, 11.00000000000000000, -16.10963981524406208 ) ) ;
#5461 = DIRECTION ( 'NONE',  ( 0.000000000000000000, 0.000000000000000000, -1.000000000000000000 ) ) ;
#5462 = EDGE_CURVE ( 'NONE', #2049, #5300, #5337, .T. ) ;
#5463 = CARTESIAN_POINT ( 'NONE',  ( 7.020923605851479010, 10.49999999999999822, -16.10364621115622441 ) ) ;
#5464 = DIRECTION ( 'NONE',  ( 1.000000000000000000, 0.000000000000000000, -9.637352644315595243E-17 ) ) ;
#5465 = CARTESIAN_POINT ( 'NONE',  ( 49.75000000000000711, -11.00000000000000000, 17.49999999999999645 ) ) ;
#5466 = CARTESIAN_POINT ( 'NONE',  ( -8.498957433933163941, 11.00000000000000000, -9.573227896341467869 ) ) ;
#5467 = CARTESIAN_POINT ( 'NONE',  ( 15.28986042301829151, 10.49999999999999822, -2.278986042301834214 ) ) ;
#5468 = CARTESIAN_POINT ( 'NONE',  ( -9.658553313448146938, 10.99999999999999822, 2.727345557421958055 ) ) ;
#5469 = EDGE_CURVE ( 'NONE', #4038, #2818, #1543, .T. ) ;
#5470 = EDGE_LOOP ( 'NONE', ( #4118, #4663, #5200, #2270, #3566, #5219 ) ) ;
#5471 = ORIENTED_EDGE ( 'NONE', *, *, #2518, .T. ) ;
#5472 = VERTEX_POINT ( 'NONE', #1513 ) ;
#5473 = CARTESIAN_POINT ( 'NONE',  ( 4.427099386075644460, 11.00000000000000000, -8.669307838998195237 ) ) ;
#5474 = B_SPLINE_CURVE_WITH_KNOTS ( 'NONE', 3,
 ( #3746, #1628, #3222, #2913, #3331, #5003, #1205, #1516, #3250, #4594, #4485, #1993, #800, #2494, #249 ),
 .UNSPECIFIED., .F., .F.,
 ( 4, 1, 1, 1, 1, 1, 1, 1, 1, 1, 1, 1, 4 ),
 ( 0.000000000000000000, 0.1180616911423355841, 0.2415543661384732810, 0.3700936474448267566, 0.5042582208731574145, 0.5717749858486672609, 0.6379165776451219960, 0.7022395424161440580, 0.7648856883491407244, 0.8260713965883936805, 0.8854932271062561089, 0.9436073806333690195, 1.000000000000000000 ),
 .UNSPECIFIED. ) ;
#5475 = CARTESIAN_POINT ( 'NONE',  ( 11.62850111640473472, 11.00000000000000000, 1.330262326271919981 ) ) ;
#5476 = CARTESIAN_POINT ( 'NONE',  ( -13.54022314180936348, 11.00000000000000355, 1.082917969584870299 ) ) ;
#5477 = CARTESIAN_POINT ( 'NONE',  ( -23.48808947133955627, 10.49999999999999645, -4.858045620182542379 ) ) ;
#5478 = CARTESIAN_POINT ( 'NONE',  ( 7.103488773252902178, 10.49999999999999822, 0.4877953506097513769 ) ) ;
#5479 = CARTESIAN_POINT ( 'NONE',  ( -54.75000000000000000, 11.00000000000000000, 35.74905993154862927 ) ) ;
#5480 = FACE_OUTER_BOUND ( 'NONE', #680, .T. ) ;
#5481 = LINE ( 'NONE', #1773, #1114 ) ;
ENDSEC;
END-ISO-10303-21;
